  0
SECTION
  2
HEADER
  9
$ACADVER
  1
AC1009
  9
$EXTMIN
 10
0.0
 20
0.0
 30
0.0
  9
$EXTMAX
 10
1000.0
 20
1000.0
 30
0.0
  9
$FILLMODE
 70
 0
  9
$SPLFRAME
 70
 1
  0
ENDSEC
  0
SECTION
  2
TABLES
  0
TABLE
  2
LAYER
 70
1
  0
LAYER
  2
0
 70
     0
 62
     7
  6
CONTINUOUS
  0
ENDTAB
  0
ENDSEC
  0
SECTION
  2
ENTITIES
  0
LINE
  8
0
 62
     0
 10
2564.88
 20
242.437
 30
0.0
 11
2584.36
 21
242.437
 31
0.0
  0
LINE
  8
0
 62
     0
 10
2584.36
 20
242.437
 30
0.0
 11
2584.36
 21
213.218
 31
0.0
  0
LINE
  8
0
 62
     0
 10
2584.36
 20
213.218
 30
0.0
 11
2585.36
 21
213.218
 31
0.0
  0
LINE
  8
0
 62
     0
 10
2585.36
 20
213.218
 30
0.0
 11
2586.38
 21
215.158
 31
0.0
  0
LINE
  8
0
 62
     0
 10
2586.38
 20
215.158
 30
0.0
 11
2589.84
 21
220.764
 31
0.0
  0
LINE
  8
0
 62
     0
 10
2589.84
 20
220.764
 30
0.0
 11
2594.99
 21
227.496
 31
0.0
  0
LINE
  8
0
 62
     0
 10
2594.99
 20
227.496
 30
0.0
 11
2600.84
 21
233.354
 31
0.0
  0
LINE
  8
0
 62
     0
 10
2600.84
 20
233.354
 30
0.0
 11
2607.44
 21
238.278
 31
0.0
  0
LINE
  8
0
 62
     0
 10
2607.44
 20
238.278
 30
0.0
 11
2614.83
 21
242.211
 31
0.0
  0
LINE
  8
0
 62
     0
 10
2614.83
 20
242.211
 30
0.0
 11
2623.05
 21
245.094
 31
0.0
  0
LINE
  8
0
 62
     0
 10
2623.05
 20
245.094
 30
0.0
 11
2632.13
 21
246.866
 31
0.0
  0
LINE
  8
0
 62
     0
 10
2632.13
 20
246.866
 30
0.0
 11
2639.62
 21
247.469
 31
0.0
  0
LINE
  8
0
 62
     0
 10
2639.62
 20
247.469
 30
0.0
 11
2642.12
 21
247.469
 31
0.0
  0
LINE
  8
0
 62
     0
 10
2642.12
 20
247.469
 30
0.0
 11
2644.22
 21
247.469
 31
0.0
  0
LINE
  8
0
 62
     0
 10
2644.22
 20
247.469
 30
0.0
 11
2650.54
 21
246.95
 31
0.0
  0
LINE
  8
0
 62
     0
 10
2650.54
 20
246.95
 30
0.0
 11
2658.61
 21
245.382
 31
0.0
  0
LINE
  8
0
 62
     0
 10
2658.61
 20
245.382
 30
0.0
 11
2666.19
 21
242.761
 31
0.0
  0
LINE
  8
0
 62
     0
 10
2666.19
 20
242.761
 30
0.0
 11
2673.13
 21
239.076
 31
0.0
  0
LINE
  8
0
 62
     0
 10
2673.13
 20
239.076
 30
0.0
 11
2679.3
 21
234.32
 31
0.0
  0
LINE
  8
0
 62
     0
 10
2679.3
 20
234.32
 30
0.0
 11
2684.56
 21
228.487
 31
0.0
  0
LINE
  8
0
 62
     0
 10
2684.56
 20
228.487
 30
0.0
 11
2688.78
 21
221.567
 31
0.0
  0
LINE
  8
0
 62
     0
 10
2688.78
 20
221.567
 30
0.0
 11
2691.24
 21
215.608
 31
0.0
  0
LINE
  8
0
 62
     0
 10
2691.24
 20
215.608
 30
0.0
 11
2691.81
 21
213.552
 31
0.0
  0
LINE
  8
0
 62
     0
 10
2691.81
 20
213.552
 30
0.0
 11
2692.75
 21
215.628
 31
0.0
  0
LINE
  8
0
 62
     0
 10
2692.75
 20
215.628
 30
0.0
 11
2696.23
 21
221.567
 31
0.0
  0
LINE
  8
0
 62
     0
 10
2696.23
 20
221.567
 30
0.0
 11
2701.59
 21
228.487
 31
0.0
  0
LINE
  8
0
 62
     0
 10
2701.59
 20
228.487
 30
0.0
 11
2707.79
 21
234.32
 31
0.0
  0
LINE
  8
0
 62
     0
 10
2707.79
 20
234.32
 30
0.0
 11
2714.68
 21
239.076
 31
0.0
  0
LINE
  8
0
 62
     0
 10
2714.68
 20
239.076
 30
0.0
 11
2722.16
 21
242.761
 31
0.0
  0
LINE
  8
0
 62
     0
 10
2722.16
 20
242.761
 30
0.0
 11
2730.1
 21
245.382
 31
0.0
  0
LINE
  8
0
 62
     0
 10
2730.1
 20
245.382
 30
0.0
 11
2738.38
 21
246.95
 31
0.0
  0
LINE
  8
0
 62
     0
 10
2738.38
 20
246.95
 30
0.0
 11
2744.76
 21
247.469
 31
0.0
  0
LINE
  8
0
 62
     0
 10
2744.76
 20
247.469
 30
0.0
 11
2746.88
 21
247.469
 31
0.0
  0
LINE
  8
0
 62
     0
 10
2746.88
 20
247.469
 30
0.0
 11
2748.62
 21
247.469
 31
0.0
  0
LINE
  8
0
 62
     0
 10
2748.62
 20
247.469
 30
0.0
 11
2753.83
 21
247.234
 31
0.0
  0
LINE
  8
0
 62
     0
 10
2753.83
 20
247.234
 30
0.0
 11
2760.34
 21
246.526
 31
0.0
  0
LINE
  8
0
 62
     0
 10
2760.34
 20
246.526
 30
0.0
 11
2766.4
 21
245.343
 31
0.0
  0
LINE
  8
0
 62
     0
 10
2766.4
 20
245.343
 30
0.0
 11
2772
 21
243.688
 31
0.0
  0
LINE
  8
0
 62
     0
 10
2772
 20
243.688
 30
0.0
 11
2777.16
 21
241.559
 31
0.0
  0
LINE
  8
0
 62
     0
 10
2777.16
 20
241.559
 30
0.0
 11
2781.87
 21
238.955
 31
0.0
  0
LINE
  8
0
 62
     0
 10
2781.87
 20
238.955
 30
0.0
 11
2786.13
 21
235.875
 31
0.0
  0
LINE
  8
0
 62
     0
 10
2786.13
 20
235.875
 30
0.0
 11
2789.94
 21
232.319
 31
0.0
  0
LINE
  8
0
 62
     0
 10
2789.94
 20
232.319
 30
0.0
 11
2793.3
 21
228.288
 31
0.0
  0
LINE
  8
0
 62
     0
 10
2793.3
 20
228.288
 30
0.0
 11
2796.22
 21
223.781
 31
0.0
  0
LINE
  8
0
 62
     0
 10
2796.22
 20
223.781
 30
0.0
 11
2798.68
 21
218.797
 31
0.0
  0
LINE
  8
0
 62
     0
 10
2798.68
 20
218.797
 30
0.0
 11
2800.7
 21
213.334
 31
0.0
  0
LINE
  8
0
 62
     0
 10
2800.7
 20
213.334
 30
0.0
 11
2802.27
 21
207.393
 31
0.0
  0
LINE
  8
0
 62
     0
 10
2802.27
 20
207.393
 30
0.0
 11
2803.39
 21
200.974
 31
0.0
  0
LINE
  8
0
 62
     0
 10
2803.39
 20
200.974
 30
0.0
 11
2804.07
 21
194.076
 31
0.0
  0
LINE
  8
0
 62
     0
 10
2804.07
 20
194.076
 30
0.0
 11
2804.29
 21
188.542
 31
0.0
  0
LINE
  8
0
 62
     0
 10
2804.29
 20
188.542
 30
0.0
 11
2804.29
 21
186.697
 31
0.0
  0
LINE
  8
0
 62
     0
 10
2804.29
 20
186.697
 30
0.0
 11
2804.29
 21
69.1677
 31
0.0
  0
LINE
  8
0
 62
     0
 10
2804.29
 20
69.1677
 30
0.0
 11
2783.13
 21
69.1677
 31
0.0
  0
LINE
  8
0
 62
     0
 10
2783.13
 20
69.1677
 30
0.0
 11
2783.13
 21
185.682
 31
0.0
  0
LINE
  8
0
 62
     0
 10
2783.13
 20
185.682
 30
0.0
 11
2783.13
 21
186.983
 31
0.0
  0
LINE
  8
0
 62
     0
 10
2783.13
 20
186.983
 30
0.0
 11
2783.01
 21
190.882
 31
0.0
  0
LINE
  8
0
 62
     0
 10
2783.01
 20
190.882
 30
0.0
 11
2782.63
 21
195.771
 31
0.0
  0
LINE
  8
0
 62
     0
 10
2782.63
 20
195.771
 30
0.0
 11
2781.97
 21
200.345
 31
0.0
  0
LINE
  8
0
 62
     0
 10
2781.97
 20
200.345
 30
0.0
 11
2781.03
 21
204.602
 31
0.0
  0
LINE
  8
0
 62
     0
 10
2781.03
 20
204.602
 30
0.0
 11
2779.79
 21
208.537
 31
0.0
  0
LINE
  8
0
 62
     0
 10
2779.79
 20
208.537
 30
0.0
 11
2778.23
 21
212.149
 31
0.0
  0
LINE
  8
0
 62
     0
 10
2778.23
 20
212.149
 30
0.0
 11
2776.35
 21
215.433
 31
0.0
  0
LINE
  8
0
 62
     0
 10
2776.35
 20
215.433
 30
0.0
 11
2774.12
 21
218.386
 31
0.0
  0
LINE
  8
0
 62
     0
 10
2774.12
 20
218.386
 30
0.0
 11
2771.53
 21
221.004
 31
0.0
  0
LINE
  8
0
 62
     0
 10
2771.53
 20
221.004
 30
0.0
 11
2768.57
 21
223.285
 31
0.0
  0
LINE
  8
0
 62
     0
 10
2768.57
 20
223.285
 30
0.0
 11
2765.22
 21
225.224
 31
0.0
  0
LINE
  8
0
 62
     0
 10
2765.22
 20
225.224
 30
0.0
 11
2761.47
 21
226.818
 31
0.0
  0
LINE
  8
0
 62
     0
 10
2761.47
 20
226.818
 30
0.0
 11
2757.31
 21
228.064
 31
0.0
  0
LINE
  8
0
 62
     0
 10
2757.31
 20
228.064
 30
0.0
 11
2752.71
 21
228.957
 31
0.0
  0
LINE
  8
0
 62
     0
 10
2752.71
 20
228.957
 30
0.0
 11
2747.68
 21
229.497
 31
0.0
  0
LINE
  8
0
 62
     0
 10
2747.68
 20
229.497
 30
0.0
 11
2743.56
 21
229.676
 31
0.0
  0
LINE
  8
0
 62
     0
 10
2743.56
 20
229.676
 30
0.0
 11
2742.18
 21
229.676
 31
0.0
  0
LINE
  8
0
 62
     0
 10
2742.18
 20
229.676
 30
0.0
 11
2740.54
 21
229.676
 31
0.0
  0
LINE
  8
0
 62
     0
 10
2740.54
 20
229.676
 30
0.0
 11
2735.62
 21
229.33
 31
0.0
  0
LINE
  8
0
 62
     0
 10
2735.62
 20
229.33
 30
0.0
 11
2729.65
 21
228.316
 31
0.0
  0
LINE
  8
0
 62
     0
 10
2729.65
 20
228.316
 30
0.0
 11
2724.25
 21
226.676
 31
0.0
  0
LINE
  8
0
 62
     0
 10
2724.25
 20
226.676
 30
0.0
 11
2719.39
 21
224.452
 31
0.0
  0
LINE
  8
0
 62
     0
 10
2719.39
 20
224.452
 30
0.0
 11
2715.06
 21
221.685
 31
0.0
  0
LINE
  8
0
 62
     0
 10
2715.06
 20
221.685
 30
0.0
 11
2711.22
 21
218.415
 31
0.0
  0
LINE
  8
0
 62
     0
 10
2711.22
 20
218.415
 30
0.0
 11
2707.86
 21
214.686
 31
0.0
  0
LINE
  8
0
 62
     0
 10
2707.86
 20
214.686
 30
0.0
 11
2704.95
 21
210.538
 31
0.0
  0
LINE
  8
0
 62
     0
 10
2704.95
 20
210.538
 30
0.0
 11
2702.47
 21
206.013
 31
0.0
  0
LINE
  8
0
 62
     0
 10
2702.47
 20
206.013
 30
0.0
 11
2700.39
 21
201.15
 31
0.0
  0
LINE
  8
0
 62
     0
 10
2700.39
 20
201.15
 30
0.0
 11
2698.7
 21
195.991
 31
0.0
  0
LINE
  8
0
 62
     0
 10
2698.7
 20
195.991
 30
0.0
 11
2697.37
 21
190.58
 31
0.0
  0
LINE
  8
0
 62
     0
 10
2697.37
 20
190.58
 30
0.0
 11
2696.37
 21
184.956
 31
0.0
  0
LINE
  8
0
 62
     0
 10
2696.37
 20
184.956
 30
0.0
 11
2695.69
 21
179.161
 31
0.0
  0
LINE
  8
0
 62
     0
 10
2695.69
 20
179.161
 30
0.0
 11
2695.3
 21
173.236
 31
0.0
  0
LINE
  8
0
 62
     0
 10
2695.3
 20
173.236
 30
0.0
 11
2695.17
 21
168.726
 31
0.0
  0
LINE
  8
0
 62
     0
 10
2695.17
 20
168.726
 30
0.0
 11
2695.17
 21
167.222
 31
0.0
  0
LINE
  8
0
 62
     0
 10
2695.17
 20
167.222
 30
0.0
 11
2695.17
 21
69.1677
 31
0.0
  0
LINE
  8
0
 62
     0
 10
2695.17
 20
69.1677
 30
0.0
 11
2674.02
 21
69.1677
 31
0.0
  0
LINE
  8
0
 62
     0
 10
2674.02
 20
69.1677
 30
0.0
 11
2674.02
 21
186.697
 31
0.0
  0
LINE
  8
0
 62
     0
 10
2674.02
 20
186.697
 30
0.0
 11
2674.02
 21
187.787
 31
0.0
  0
LINE
  8
0
 62
     0
 10
2674.02
 20
187.787
 30
0.0
 11
2673.91
 21
191.054
 31
0.0
  0
LINE
  8
0
 62
     0
 10
2673.91
 20
191.054
 30
0.0
 11
2673.57
 21
195.293
 31
0.0
  0
LINE
  8
0
 62
     0
 10
2673.57
 20
195.293
 30
0.0
 11
2673
 21
199.392
 31
0.0
  0
LINE
  8
0
 62
     0
 10
2673
 20
199.392
 30
0.0
 11
2672.17
 21
203.329
 31
0.0
  0
LINE
  8
0
 62
     0
 10
2672.17
 20
203.329
 30
0.0
 11
2671.08
 21
207.081
 31
0.0
  0
LINE
  8
0
 62
     0
 10
2671.08
 20
207.081
 30
0.0
 11
2669.71
 21
210.626
 31
0.0
  0
LINE
  8
0
 62
     0
 10
2669.71
 20
210.626
 30
0.0
 11
2668.05
 21
213.94
 31
0.0
  0
LINE
  8
0
 62
     0
 10
2668.05
 20
213.94
 30
0.0
 11
2666.08
 21
217.001
 31
0.0
  0
LINE
  8
0
 62
     0
 10
2666.08
 20
217.001
 30
0.0
 11
2663.8
 21
219.788
 31
0.0
  0
LINE
  8
0
 62
     0
 10
2663.8
 20
219.788
 30
0.0
 11
2661.18
 21
222.276
 31
0.0
  0
LINE
  8
0
 62
     0
 10
2661.18
 20
222.276
 30
0.0
 11
2658.21
 21
224.443
 31
0.0
  0
LINE
  8
0
 62
     0
 10
2658.21
 20
224.443
 30
0.0
 11
2654.89
 21
226.267
 31
0.0
  0
LINE
  8
0
 62
     0
 10
2654.89
 20
226.267
 30
0.0
 11
2651.2
 21
227.725
 31
0.0
  0
LINE
  8
0
 62
     0
 10
2651.2
 20
227.725
 30
0.0
 11
2647.12
 21
228.794
 31
0.0
  0
LINE
  8
0
 62
     0
 10
2647.12
 20
228.794
 30
0.0
 11
2642.64
 21
229.453
 31
0.0
  0
LINE
  8
0
 62
     0
 10
2642.64
 20
229.453
 30
0.0
 11
2638.97
 21
229.676
 31
0.0
  0
LINE
  8
0
 62
     0
 10
2638.97
 20
229.676
 30
0.0
 11
2637.75
 21
229.676
 31
0.0
  0
LINE
  8
0
 62
     0
 10
2637.75
 20
229.676
 30
0.0
 11
2636.11
 21
229.676
 31
0.0
  0
LINE
  8
0
 62
     0
 10
2636.11
 20
229.676
 30
0.0
 11
2631.19
 21
229.359
 31
0.0
  0
LINE
  8
0
 62
     0
 10
2631.19
 20
229.359
 30
0.0
 11
2625.11
 21
228.422
 31
0.0
  0
LINE
  8
0
 62
     0
 10
2625.11
 20
228.422
 30
0.0
 11
2619.51
 21
226.897
 31
0.0
  0
LINE
  8
0
 62
     0
 10
2619.51
 20
226.897
 30
0.0
 11
2614.37
 21
224.808
 31
0.0
  0
LINE
  8
0
 62
     0
 10
2614.37
 20
224.808
 30
0.0
 11
2609.68
 21
222.184
 31
0.0
  0
LINE
  8
0
 62
     0
 10
2609.68
 20
222.184
 30
0.0
 11
2605.45
 21
219.052
 31
0.0
  0
LINE
  8
0
 62
     0
 10
2605.45
 20
219.052
 30
0.0
 11
2601.65
 21
215.44
 31
0.0
  0
LINE
  8
0
 62
     0
 10
2601.65
 20
215.44
 30
0.0
 11
2598.29
 21
211.376
 31
0.0
  0
LINE
  8
0
 62
     0
 10
2598.29
 20
211.376
 30
0.0
 11
2595.35
 21
206.886
 31
0.0
  0
LINE
  8
0
 62
     0
 10
2595.35
 20
206.886
 30
0.0
 11
2592.83
 21
202
 31
0.0
  0
LINE
  8
0
 62
     0
 10
2592.83
 20
202
 30
0.0
 11
2590.72
 21
196.742
 31
0.0
  0
LINE
  8
0
 62
     0
 10
2590.72
 20
196.742
 30
0.0
 11
2589.01
 21
191.143
 31
0.0
  0
LINE
  8
0
 62
     0
 10
2589.01
 20
191.143
 30
0.0
 11
2587.69
 21
185.229
 31
0.0
  0
LINE
  8
0
 62
     0
 10
2587.69
 20
185.229
 30
0.0
 11
2586.76
 21
179.028
 31
0.0
  0
LINE
  8
0
 62
     0
 10
2586.76
 20
179.028
 30
0.0
 11
2586.21
 21
172.568
 31
0.0
  0
LINE
  8
0
 62
     0
 10
2586.21
 20
172.568
 30
0.0
 11
2586.03
 21
167.548
 31
0.0
  0
LINE
  8
0
 62
     0
 10
2586.03
 20
167.548
 30
0.0
 11
2586.03
 21
165.873
 31
0.0
  0
LINE
  8
0
 62
     0
 10
2586.03
 20
165.873
 30
0.0
 11
2586.03
 21
69.1677
 31
0.0
  0
LINE
  8
0
 62
     0
 10
2586.03
 20
69.1677
 30
0.0
 11
2564.88
 21
69.1677
 31
0.0
  0
LINE
  8
0
 62
     0
 10
2564.88
 20
69.1677
 30
0.0
 11
2564.88
 21
242.437
 31
0.0
  0
LINE
  8
0
 62
     0
 10
2994.32
 20
167.889
 30
0.0
 11
2994.28
 21
169.379
 31
0.0
  0
LINE
  8
0
 62
     0
 10
2994.28
 20
169.379
 30
0.0
 11
2993.91
 21
173.841
 31
0.0
  0
LINE
  8
0
 62
     0
 10
2993.91
 20
173.841
 30
0.0
 11
2993.06
 21
179.704
 31
0.0
  0
LINE
  8
0
 62
     0
 10
2993.06
 20
179.704
 30
0.0
 11
2991.77
 21
185.438
 31
0.0
  0
LINE
  8
0
 62
     0
 10
2991.77
 20
185.438
 30
0.0
 11
2990.06
 21
191.003
 31
0.0
  0
LINE
  8
0
 62
     0
 10
2990.06
 20
191.003
 30
0.0
 11
2987.93
 21
196.357
 31
0.0
  0
LINE
  8
0
 62
     0
 10
2987.93
 20
196.357
 30
0.0
 11
2985.4
 21
201.459
 31
0.0
  0
LINE
  8
0
 62
     0
 10
2985.4
 20
201.459
 30
0.0
 11
2982.46
 21
206.269
 31
0.0
  0
LINE
  8
0
 62
     0
 10
2982.46
 20
206.269
 30
0.0
 11
2979.13
 21
210.746
 31
0.0
  0
LINE
  8
0
 62
     0
 10
2979.13
 20
210.746
 30
0.0
 11
2975.41
 21
214.85
 31
0.0
  0
LINE
  8
0
 62
     0
 10
2975.41
 20
214.85
 30
0.0
 11
2971.31
 21
218.539
 31
0.0
  0
LINE
  8
0
 62
     0
 10
2971.31
 20
218.539
 30
0.0
 11
2966.85
 21
221.772
 31
0.0
  0
LINE
  8
0
 62
     0
 10
2966.85
 20
221.772
 30
0.0
 11
2962.02
 21
224.508
 31
0.0
  0
LINE
  8
0
 62
     0
 10
2962.02
 20
224.508
 30
0.0
 11
2956.84
 21
226.709
 31
0.0
  0
LINE
  8
0
 62
     0
 10
2956.84
 20
226.709
 30
0.0
 11
2951.31
 21
228.33
 31
0.0
  0
LINE
  8
0
 62
     0
 10
2951.31
 20
228.33
 30
0.0
 11
2945.45
 21
229.333
 31
0.0
  0
LINE
  8
0
 62
     0
 10
2945.45
 20
229.333
 30
0.0
 11
2940.8
 21
229.676
 31
0.0
  0
LINE
  8
0
 62
     0
 10
2940.8
 20
229.676
 30
0.0
 11
2939.25
 21
229.676
 31
0.0
  0
LINE
  8
0
 62
     0
 10
2939.25
 20
229.676
 30
0.0
 11
2937.66
 21
229.676
 31
0.0
  0
LINE
  8
0
 62
     0
 10
2937.66
 20
229.676
 30
0.0
 11
2932.9
 21
229.33
 31
0.0
  0
LINE
  8
0
 62
     0
 10
2932.9
 20
229.33
 30
0.0
 11
2926.92
 21
228.316
 31
0.0
  0
LINE
  8
0
 62
     0
 10
2926.92
 20
228.316
 30
0.0
 11
2921.34
 21
226.681
 31
0.0
  0
LINE
  8
0
 62
     0
 10
2921.34
 20
226.681
 30
0.0
 11
2916.12
 21
224.462
 31
0.0
  0
LINE
  8
0
 62
     0
 10
2916.12
 20
224.462
 30
0.0
 11
2911.28
 21
221.704
 31
0.0
  0
LINE
  8
0
 62
     0
 10
2911.28
 20
221.704
 30
0.0
 11
2906.82
 21
218.451
 31
0.0
  0
LINE
  8
0
 62
     0
 10
2906.82
 20
218.451
 30
0.0
 11
2902.73
 21
214.743
 31
0.0
  0
LINE
  8
0
 62
     0
 10
2902.73
 20
214.743
 30
0.0
 11
2899
 21
210.621
 31
0.0
  0
LINE
  8
0
 62
     0
 10
2899
 20
210.621
 30
0.0
 11
2895.64
 21
206.131
 31
0.0
  0
LINE
  8
0
 62
     0
 10
2895.64
 20
206.131
 30
0.0
 11
2892.64
 21
201.312
 31
0.0
  0
LINE
  8
0
 62
     0
 10
2892.64
 20
201.312
 30
0.0
 11
2890.01
 21
196.209
 31
0.0
  0
LINE
  8
0
 62
     0
 10
2890.01
 20
196.209
 30
0.0
 11
2887.73
 21
190.862
 31
0.0
  0
LINE
  8
0
 62
     0
 10
2887.73
 20
190.862
 30
0.0
 11
2885.81
 21
185.315
 31
0.0
  0
LINE
  8
0
 62
     0
 10
2885.81
 20
185.315
 30
0.0
 11
2884.24
 21
179.608
 31
0.0
  0
LINE
  8
0
 62
     0
 10
2884.24
 20
179.608
 30
0.0
 11
2883.03
 21
173.786
 31
0.0
  0
LINE
  8
0
 62
     0
 10
2883.03
 20
173.786
 30
0.0
 11
2882.34
 21
169.369
 31
0.0
  0
LINE
  8
0
 62
     0
 10
2882.34
 20
169.369
 30
0.0
 11
2882.16
 21
167.889
 31
0.0
  0
LINE
  8
0
 62
     0
 10
2882.16
 20
167.889
 30
0.0
 11
2994.32
 21
167.889
 31
0.0
  0
LINE
  8
0
 62
     0
 10
2882.16
 20
150.096
 30
0.0
 11
2882.16
 21
148.632
 31
0.0
  0
LINE
  8
0
 62
     0
 10
2882.16
 20
148.632
 30
0.0
 11
2882.36
 21
144.239
 31
0.0
  0
LINE
  8
0
 62
     0
 10
2882.36
 20
144.239
 30
0.0
 11
2882.96
 21
138.296
 31
0.0
  0
LINE
  8
0
 62
     0
 10
2882.96
 20
138.296
 30
0.0
 11
2883.98
 21
132.332
 31
0.0
  0
LINE
  8
0
 62
     0
 10
2883.98
 20
132.332
 30
0.0
 11
2885.42
 21
126.41
 31
0.0
  0
LINE
  8
0
 62
     0
 10
2885.42
 20
126.41
 30
0.0
 11
2887.29
 21
120.594
 31
0.0
  0
LINE
  8
0
 62
     0
 10
2887.29
 20
120.594
 30
0.0
 11
2889.6
 21
114.949
 31
0.0
  0
LINE
  8
0
 62
     0
 10
2889.6
 20
114.949
 30
0.0
 11
2892.37
 21
109.538
 31
0.0
  0
LINE
  8
0
 62
     0
 10
2892.37
 20
109.538
 30
0.0
 11
2895.6
 21
104.425
 31
0.0
  0
LINE
  8
0
 62
     0
 10
2895.6
 20
104.425
 30
0.0
 11
2899.3
 21
99.6749
 31
0.0
  0
LINE
  8
0
 62
     0
 10
2899.3
 20
99.6749
 30
0.0
 11
2903.48
 21
95.3505
 31
0.0
  0
LINE
  8
0
 62
     0
 10
2903.48
 20
95.3505
 30
0.0
 11
2908.16
 21
91.5155
 31
0.0
  0
LINE
  8
0
 62
     0
 10
2908.16
 20
91.5155
 30
0.0
 11
2913.33
 21
88.2343
 31
0.0
  0
LINE
  8
0
 62
     0
 10
2913.33
 20
88.2343
 30
0.0
 11
2919.02
 21
85.5719
 31
0.0
  0
LINE
  8
0
 62
     0
 10
2919.02
 20
85.5719
 30
0.0
 11
2925.23
 21
83.5903
 31
0.0
  0
LINE
  8
0
 62
     0
 10
2925.23
 20
83.5903
 30
0.0
 11
2931.97
 21
82.3556
 31
0.0
  0
LINE
  8
0
 62
     0
 10
2931.97
 20
82.3556
 30
0.0
 11
2937.43
 21
81.9284
 31
0.0
  0
LINE
  8
0
 62
     0
 10
2937.43
 20
81.9284
 30
0.0
 11
2939.25
 21
81.9284
 31
0.0
  0
LINE
  8
0
 62
     0
 10
2939.25
 20
81.9284
 30
0.0
 11
2940.66
 21
81.9284
 31
0.0
  0
LINE
  8
0
 62
     0
 10
2940.66
 20
81.9284
 30
0.0
 11
2944.88
 21
82.1351
 31
0.0
  0
LINE
  8
0
 62
     0
 10
2944.88
 20
82.1351
 30
0.0
 11
2950.19
 21
82.7458
 31
0.0
  0
LINE
  8
0
 62
     0
 10
2950.19
 20
82.7458
 30
0.0
 11
2955.17
 21
83.7463
 31
0.0
  0
LINE
  8
0
 62
     0
 10
2955.17
 20
83.7463
 30
0.0
 11
2959.84
 21
85.1242
 31
0.0
  0
LINE
  8
0
 62
     0
 10
2959.84
 20
85.1242
 30
0.0
 11
2964.21
 21
86.8659
 31
0.0
  0
LINE
  8
0
 62
     0
 10
2964.21
 20
86.8659
 30
0.0
 11
2968.27
 21
88.9579
 31
0.0
  0
LINE
  8
0
 62
     0
 10
2968.27
 20
88.9579
 30
0.0
 11
2972.04
 21
91.3888
 31
0.0
  0
LINE
  8
0
 62
     0
 10
2972.04
 20
91.3888
 30
0.0
 11
2975.52
 21
94.1419
 31
0.0
  0
LINE
  8
0
 62
     0
 10
2975.52
 20
94.1419
 30
0.0
 11
2978.72
 21
97.2083
 31
0.0
  0
LINE
  8
0
 62
     0
 10
2978.72
 20
97.2083
 30
0.0
 11
2981.64
 21
100.571
 31
0.0
  0
LINE
  8
0
 62
     0
 10
2981.64
 20
100.571
 30
0.0
 11
2984.28
 21
104.218
 31
0.0
  0
LINE
  8
0
 62
     0
 10
2984.28
 20
104.218
 30
0.0
 11
2986.66
 21
108.137
 31
0.0
  0
LINE
  8
0
 62
     0
 10
2986.66
 20
108.137
 30
0.0
 11
2988.78
 21
112.313
 31
0.0
  0
LINE
  8
0
 62
     0
 10
2988.78
 20
112.313
 30
0.0
 11
2990.65
 21
116.735
 31
0.0
  0
LINE
  8
0
 62
     0
 10
2990.65
 20
116.735
 30
0.0
 11
2992.27
 21
121.387
 31
0.0
  0
LINE
  8
0
 62
     0
 10
2992.27
 20
121.387
 30
0.0
 11
2993.33
 21
125.032
 31
0.0
  0
LINE
  8
0
 62
     0
 10
2993.33
 20
125.032
 30
0.0
 11
2993.64
 21
126.257
 31
0.0
  0
LINE
  8
0
 62
     0
 10
2993.64
 20
126.257
 30
0.0
 11
3014.8
 21
126.257
 31
0.0
  0
LINE
  8
0
 62
     0
 10
3014.8
 20
126.257
 30
0.0
 11
3014.38
 21
124.453
 31
0.0
  0
LINE
  8
0
 62
     0
 10
3014.38
 20
124.453
 30
0.0
 11
3012.94
 21
119.085
 31
0.0
  0
LINE
  8
0
 62
     0
 10
3012.94
 20
119.085
 30
0.0
 11
3010.76
 21
112.306
 31
0.0
  0
LINE
  8
0
 62
     0
 10
3010.76
 20
112.306
 30
0.0
 11
3008.23
 21
105.932
 31
0.0
  0
LINE
  8
0
 62
     0
 10
3008.23
 20
105.932
 30
0.0
 11
3005.36
 21
99.974
 31
0.0
  0
LINE
  8
0
 62
     0
 10
3005.36
 20
99.974
 30
0.0
 11
3002.12
 21
94.4369
 31
0.0
  0
LINE
  8
0
 62
     0
 10
3002.12
 20
94.4369
 30
0.0
 11
2998.51
 21
89.3339
 31
0.0
  0
LINE
  8
0
 62
     0
 10
2998.51
 20
89.3339
 30
0.0
 11
2994.52
 21
84.6723
 31
0.0
  0
LINE
  8
0
 62
     0
 10
2994.52
 20
84.6723
 30
0.0
 11
2990.13
 21
80.4609
 31
0.0
  0
LINE
  8
0
 62
     0
 10
2990.13
 20
80.4609
 30
0.0
 11
2985.32
 21
76.7112
 31
0.0
  0
LINE
  8
0
 62
     0
 10
2985.32
 20
76.7112
 30
0.0
 11
2980.1
 21
73.4314
 31
0.0
  0
LINE
  8
0
 62
     0
 10
2980.1
 20
73.4314
 30
0.0
 11
2974.44
 21
70.63
 31
0.0
  0
LINE
  8
0
 62
     0
 10
2974.44
 20
70.63
 30
0.0
 11
2968.34
 21
68.3175
 31
0.0
  0
LINE
  8
0
 62
     0
 10
2968.34
 20
68.3175
 30
0.0
 11
2961.78
 21
66.5028
 31
0.0
  0
LINE
  8
0
 62
     0
 10
2961.78
 20
66.5028
 30
0.0
 11
2954.76
 21
65.1951
 31
0.0
  0
LINE
  8
0
 62
     0
 10
2954.76
 20
65.1951
 30
0.0
 11
2947.25
 21
64.4028
 31
0.0
  0
LINE
  8
0
 62
     0
 10
2947.25
 20
64.4028
 30
0.0
 11
2941.25
 21
64.1368
 31
0.0
  0
LINE
  8
0
 62
     0
 10
2941.25
 20
64.1368
 30
0.0
 11
2939.25
 21
64.1368
 31
0.0
  0
LINE
  8
0
 62
     0
 10
2939.25
 20
64.1368
 30
0.0
 11
2936.76
 21
64.1368
 31
0.0
  0
LINE
  8
0
 62
     0
 10
2936.76
 20
64.1368
 30
0.0
 11
2929.3
 21
64.6247
 31
0.0
  0
LINE
  8
0
 62
     0
 10
2929.3
 20
64.6247
 30
0.0
 11
2920.08
 21
66.0506
 31
0.0
  0
LINE
  8
0
 62
     0
 10
2920.08
 20
66.0506
 30
0.0
 11
2911.59
 21
68.3659
 31
0.0
  0
LINE
  8
0
 62
     0
 10
2911.59
 20
68.3659
 30
0.0
 11
2903.8
 21
71.5176
 31
0.0
  0
LINE
  8
0
 62
     0
 10
2903.8
 20
71.5176
 30
0.0
 11
2896.71
 21
75.4546
 31
0.0
  0
LINE
  8
0
 62
     0
 10
2896.71
 20
75.4546
 30
0.0
 11
2890.3
 21
80.1247
 31
0.0
  0
LINE
  8
0
 62
     0
 10
2890.3
 20
80.1247
 30
0.0
 11
2884.57
 21
85.4756
 31
0.0
  0
LINE
  8
0
 62
     0
 10
2884.57
 20
85.4756
 30
0.0
 11
2879.49
 21
91.4562
 31
0.0
  0
LINE
  8
0
 62
     0
 10
2879.49
 20
91.4562
 30
0.0
 11
2875.05
 21
98.0172
 31
0.0
  0
LINE
  8
0
 62
     0
 10
2875.05
 20
98.0172
 30
0.0
 11
2871.25
 21
105.104
 31
0.0
  0
LINE
  8
0
 62
     0
 10
2871.25
 20
105.104
 30
0.0
 11
2868.07
 21
112.666
 31
0.0
  0
LINE
  8
0
 62
     0
 10
2868.07
 20
112.666
 30
0.0
 11
2865.5
 21
120.651
 31
0.0
  0
LINE
  8
0
 62
     0
 10
2865.5
 20
120.651
 30
0.0
 11
2863.52
 21
129.009
 31
0.0
  0
LINE
  8
0
 62
     0
 10
2863.52
 20
129.009
 30
0.0
 11
2862.12
 21
137.687
 31
0.0
  0
LINE
  8
0
 62
     0
 10
2862.12
 20
137.687
 30
0.0
 11
2861.29
 21
146.634
 31
0.0
  0
LINE
  8
0
 62
     0
 10
2861.29
 20
146.634
 30
0.0
 11
2861.02
 21
153.507
 31
0.0
  0
LINE
  8
0
 62
     0
 10
2861.02
 20
153.507
 30
0.0
 11
2861.02
 21
155.797
 31
0.0
  0
LINE
  8
0
 62
     0
 10
2861.02
 20
155.797
 30
0.0
 11
2861.02
 21
157.937
 31
0.0
  0
LINE
  8
0
 62
     0
 10
2861.02
 20
157.937
 30
0.0
 11
2861.29
 21
164.355
 31
0.0
  0
LINE
  8
0
 62
     0
 10
2861.29
 20
164.355
 30
0.0
 11
2862.12
 21
172.85
 31
0.0
  0
LINE
  8
0
 62
     0
 10
2862.12
 20
172.85
 30
0.0
 11
2863.52
 21
181.219
 31
0.0
  0
LINE
  8
0
 62
     0
 10
2863.52
 20
181.219
 30
0.0
 11
2865.5
 21
189.391
 31
0.0
  0
LINE
  8
0
 62
     0
 10
2865.5
 20
189.391
 30
0.0
 11
2868.07
 21
197.299
 31
0.0
  0
LINE
  8
0
 62
     0
 10
2868.07
 20
197.299
 30
0.0
 11
2871.25
 21
204.876
 31
0.0
  0
LINE
  8
0
 62
     0
 10
2871.25
 20
204.876
 30
0.0
 11
2875.05
 21
212.053
 31
0.0
  0
LINE
  8
0
 62
     0
 10
2875.05
 20
212.053
 30
0.0
 11
2879.49
 21
218.762
 31
0.0
  0
LINE
  8
0
 62
     0
 10
2879.49
 20
218.762
 30
0.0
 11
2884.57
 21
224.936
 31
0.0
  0
LINE
  8
0
 62
     0
 10
2884.57
 20
224.936
 30
0.0
 11
2890.3
 21
230.507
 31
0.0
  0
LINE
  8
0
 62
     0
 10
2890.3
 20
230.507
 30
0.0
 11
2896.71
 21
235.408
 31
0.0
  0
LINE
  8
0
 62
     0
 10
2896.71
 20
235.408
 30
0.0
 11
2903.8
 21
239.569
 31
0.0
  0
LINE
  8
0
 62
     0
 10
2903.8
 20
239.569
 30
0.0
 11
2911.59
 21
242.925
 31
0.0
  0
LINE
  8
0
 62
     0
 10
2911.59
 20
242.925
 30
0.0
 11
2920.08
 21
245.405
 31
0.0
  0
LINE
  8
0
 62
     0
 10
2920.08
 20
245.405
 30
0.0
 11
2929.3
 21
246.943
 31
0.0
  0
LINE
  8
0
 62
     0
 10
2929.3
 20
246.943
 30
0.0
 11
2936.76
 21
247.469
 31
0.0
  0
LINE
  8
0
 62
     0
 10
2936.76
 20
247.469
 30
0.0
 11
2939.25
 21
247.469
 31
0.0
  0
LINE
  8
0
 62
     0
 10
2939.25
 20
247.469
 30
0.0
 11
2941.75
 21
247.469
 31
0.0
  0
LINE
  8
0
 62
     0
 10
2941.75
 20
247.469
 30
0.0
 11
2949.26
 21
246.911
 31
0.0
  0
LINE
  8
0
 62
     0
 10
2949.26
 20
246.911
 30
0.0
 11
2958.5
 21
245.283
 31
0.0
  0
LINE
  8
0
 62
     0
 10
2958.5
 20
245.283
 30
0.0
 11
2967.01
 21
242.656
 31
0.0
  0
LINE
  8
0
 62
     0
 10
2967.01
 20
242.656
 30
0.0
 11
2974.77
 21
239.101
 31
0.0
  0
LINE
  8
0
 62
     0
 10
2974.77
 20
239.101
 30
0.0
 11
2981.82
 21
234.691
 31
0.0
  0
LINE
  8
0
 62
     0
 10
2981.82
 20
234.691
 30
0.0
 11
2988.16
 21
229.496
 31
0.0
  0
LINE
  8
0
 62
     0
 10
2988.16
 20
229.496
 30
0.0
 11
2993.81
 21
223.588
 31
0.0
  0
LINE
  8
0
 62
     0
 10
2993.81
 20
223.588
 30
0.0
 11
2998.77
 21
217.038
 31
0.0
  0
LINE
  8
0
 62
     0
 10
2998.77
 20
217.038
 30
0.0
 11
3003.07
 21
209.918
 31
0.0
  0
LINE
  8
0
 62
     0
 10
3003.07
 20
209.918
 30
0.0
 11
3006.71
 21
202.299
 31
0.0
  0
LINE
  8
0
 62
     0
 10
3006.71
 20
202.299
 30
0.0
 11
3009.7
 21
194.253
 31
0.0
  0
LINE
  8
0
 62
     0
 10
3009.7
 20
194.253
 30
0.0
 11
3012.07
 21
185.848
 31
0.0
  0
LINE
  8
0
 62
     0
 10
3012.07
 20
185.848
 30
0.0
 11
3013.81
 21
177.159
 31
0.0
  0
LINE
  8
0
 62
     0
 10
3013.81
 20
177.159
 30
0.0
 11
3014.95
 21
168.257
 31
0.0
  0
LINE
  8
0
 62
     0
 10
3014.95
 20
168.257
 30
0.0
 11
3015.5
 21
159.213
 31
0.0
  0
LINE
  8
0
 62
     0
 10
3015.5
 20
159.213
 30
0.0
 11
3015.55
 21
152.372
 31
0.0
  0
LINE
  8
0
 62
     0
 10
3015.55
 20
152.372
 30
0.0
 11
3015.47
 21
150.096
 31
0.0
  0
LINE
  8
0
 62
     0
 10
3015.47
 20
150.096
 30
0.0
 11
2882.16
 21
150.096
 31
0.0
  0
LINE
  8
0
 62
     0
 10
3068.85
 20
242.437
 30
0.0
 11
3088.33
 21
242.437
 31
0.0
  0
LINE
  8
0
 62
     0
 10
3088.33
 20
242.437
 30
0.0
 11
3088.33
 21
201.805
 31
0.0
  0
LINE
  8
0
 62
     0
 10
3088.33
 20
201.805
 30
0.0
 11
3089
 21
201.805
 31
0.0
  0
LINE
  8
0
 62
     0
 10
3089
 20
201.805
 30
0.0
 11
3089.5
 21
203.109
 31
0.0
  0
LINE
  8
0
 62
     0
 10
3089.5
 20
203.109
 30
0.0
 11
3091.16
 21
206.951
 31
0.0
  0
LINE
  8
0
 62
     0
 10
3091.16
 20
206.951
 30
0.0
 11
3093.61
 21
211.806
 31
0.0
  0
LINE
  8
0
 62
     0
 10
3093.61
 20
211.806
 30
0.0
 11
3096.35
 21
216.36
 31
0.0
  0
LINE
  8
0
 62
     0
 10
3096.35
 20
216.36
 30
0.0
 11
3099.37
 21
220.609
 31
0.0
  0
LINE
  8
0
 62
     0
 10
3099.37
 20
220.609
 30
0.0
 11
3102.65
 21
224.542
 31
0.0
  0
LINE
  8
0
 62
     0
 10
3102.65
 20
224.542
 30
0.0
 11
3106.2
 21
228.152
 31
0.0
  0
LINE
  8
0
 62
     0
 10
3106.2
 20
228.152
 30
0.0
 11
3110
 21
231.432
 31
0.0
  0
LINE
  8
0
 62
     0
 10
3110
 20
231.432
 30
0.0
 11
3114.05
 21
234.374
 31
0.0
  0
LINE
  8
0
 62
     0
 10
3114.05
 20
234.374
 30
0.0
 11
3118.34
 21
236.97
 31
0.0
  0
LINE
  8
0
 62
     0
 10
3118.34
 20
236.97
 30
0.0
 11
3122.87
 21
239.211
 31
0.0
  0
LINE
  8
0
 62
     0
 10
3122.87
 20
239.211
 30
0.0
 11
3127.61
 21
241.09
 31
0.0
  0
LINE
  8
0
 62
     0
 10
3127.61
 20
241.09
 30
0.0
 11
3132.58
 21
242.601
 31
0.0
  0
LINE
  8
0
 62
     0
 10
3132.58
 20
242.601
 30
0.0
 11
3137.76
 21
243.733
 31
0.0
  0
LINE
  8
0
 62
     0
 10
3137.76
 20
243.733
 30
0.0
 11
3143.14
 21
244.481
 31
0.0
  0
LINE
  8
0
 62
     0
 10
3143.14
 20
244.481
 30
0.0
 11
3148.71
 21
244.835
 31
0.0
  0
LINE
  8
0
 62
     0
 10
3148.71
 20
244.835
 30
0.0
 11
3153.03
 21
244.849
 31
0.0
  0
LINE
  8
0
 62
     0
 10
3153.03
 20
244.849
 30
0.0
 11
3154.47
 21
244.787
 31
0.0
  0
LINE
  8
0
 62
     0
 10
3154.47
 20
244.787
 30
0.0
 11
3154.47
 21
223.629
 31
0.0
  0
LINE
  8
0
 62
     0
 10
3154.47
 20
223.629
 30
0.0
 11
3152.72
 21
223.707
 31
0.0
  0
LINE
  8
0
 62
     0
 10
3152.72
 20
223.707
 30
0.0
 11
3147.44
 21
223.609
 31
0.0
  0
LINE
  8
0
 62
     0
 10
3147.44
 20
223.609
 30
0.0
 11
3140.71
 21
222.931
 31
0.0
  0
LINE
  8
0
 62
     0
 10
3140.71
 20
222.931
 30
0.0
 11
3134.31
 21
221.63
 31
0.0
  0
LINE
  8
0
 62
     0
 10
3134.31
 20
221.63
 30
0.0
 11
3128.25
 21
219.734
 31
0.0
  0
LINE
  8
0
 62
     0
 10
3128.25
 20
219.734
 30
0.0
 11
3122.56
 21
217.273
 31
0.0
  0
LINE
  8
0
 62
     0
 10
3122.56
 20
217.273
 30
0.0
 11
3117.25
 21
214.277
 31
0.0
  0
LINE
  8
0
 62
     0
 10
3117.25
 20
214.277
 30
0.0
 11
3112.35
 21
210.777
 31
0.0
  0
LINE
  8
0
 62
     0
 10
3112.35
 20
210.777
 30
0.0
 11
3107.88
 21
206.801
 31
0.0
  0
LINE
  8
0
 62
     0
 10
3107.88
 20
206.801
 30
0.0
 11
3103.86
 21
202.38
 31
0.0
  0
LINE
  8
0
 62
     0
 10
3103.86
 20
202.38
 30
0.0
 11
3100.31
 21
197.546
 31
0.0
  0
LINE
  8
0
 62
     0
 10
3100.31
 20
197.546
 30
0.0
 11
3097.24
 21
192.326
 31
0.0
  0
LINE
  8
0
 62
     0
 10
3097.24
 20
192.326
 30
0.0
 11
3094.69
 21
186.752
 31
0.0
  0
LINE
  8
0
 62
     0
 10
3094.69
 20
186.752
 30
0.0
 11
3092.67
 21
180.854
 31
0.0
  0
LINE
  8
0
 62
     0
 10
3092.67
 20
180.854
 30
0.0
 11
3091.2
 21
174.66
 31
0.0
  0
LINE
  8
0
 62
     0
 10
3091.2
 20
174.66
 30
0.0
 11
3090.31
 21
168.202
 31
0.0
  0
LINE
  8
0
 62
     0
 10
3090.31
 20
168.202
 30
0.0
 11
3090
 21
163.183
 31
0.0
  0
LINE
  8
0
 62
     0
 10
3090
 20
163.183
 30
0.0
 11
3090
 21
161.509
 31
0.0
  0
LINE
  8
0
 62
     0
 10
3090
 20
161.509
 30
0.0
 11
3090
 21
69.1677
 31
0.0
  0
LINE
  8
0
 62
     0
 10
3090
 20
69.1677
 30
0.0
 11
3068.85
 21
69.1677
 31
0.0
  0
LINE
  8
0
 62
     0
 10
3068.85
 20
69.1677
 30
0.0
 11
3068.85
 21
242.437
 31
0.0
  0
LINE
  8
0
 62
     0
 10
3325.03
 20
157.812
 30
0.0
 11
3325.03
 21
159.411
 31
0.0
  0
LINE
  8
0
 62
     0
 10
3325.03
 20
159.411
 30
0.0
 11
3324.85
 21
164.209
 31
0.0
  0
LINE
  8
0
 62
     0
 10
3324.85
 20
164.209
 30
0.0
 11
3324.29
 21
170.638
 31
0.0
  0
LINE
  8
0
 62
     0
 10
3324.29
 20
170.638
 30
0.0
 11
3323.34
 21
177.039
 31
0.0
  0
LINE
  8
0
 62
     0
 10
3323.34
 20
177.039
 30
0.0
 11
3321.99
 21
183.349
 31
0.0
  0
LINE
  8
0
 62
     0
 10
3321.99
 20
183.349
 30
0.0
 11
3320.22
 21
189.509
 31
0.0
  0
LINE
  8
0
 62
     0
 10
3320.22
 20
189.509
 30
0.0
 11
3318.02
 21
195.455
 31
0.0
  0
LINE
  8
0
 62
     0
 10
3318.02
 20
195.455
 30
0.0
 11
3315.37
 21
201.127
 31
0.0
  0
LINE
  8
0
 62
     0
 10
3315.37
 20
201.127
 30
0.0
 11
3312.27
 21
206.463
 31
0.0
  0
LINE
  8
0
 62
     0
 10
3312.27
 20
206.463
 30
0.0
 11
3308.7
 21
211.402
 31
0.0
  0
LINE
  8
0
 62
     0
 10
3308.7
 20
211.402
 30
0.0
 11
3304.64
 21
215.881
 31
0.0
  0
LINE
  8
0
 62
     0
 10
3304.64
 20
215.881
 30
0.0
 11
3300.08
 21
219.84
 31
0.0
  0
LINE
  8
0
 62
     0
 10
3300.08
 20
219.84
 30
0.0
 11
3295
 21
223.217
 31
0.0
  0
LINE
  8
0
 62
     0
 10
3295
 20
223.217
 30
0.0
 11
3289.4
 21
225.951
 31
0.0
  0
LINE
  8
0
 62
     0
 10
3289.4
 20
225.951
 30
0.0
 11
3283.26
 21
227.98
 31
0.0
  0
LINE
  8
0
 62
     0
 10
3283.26
 20
227.98
 30
0.0
 11
3276.56
 21
229.242
 31
0.0
  0
LINE
  8
0
 62
     0
 10
3276.56
 20
229.242
 30
0.0
 11
3271.11
 21
229.676
 31
0.0
  0
LINE
  8
0
 62
     0
 10
3271.11
 20
229.676
 30
0.0
 11
3269.29
 21
229.676
 31
0.0
  0
LINE
  8
0
 62
     0
 10
3269.29
 20
229.676
 30
0.0
 11
3267.47
 21
229.676
 31
0.0
  0
LINE
  8
0
 62
     0
 10
3267.47
 20
229.676
 30
0.0
 11
3262.01
 21
229.264
 31
0.0
  0
LINE
  8
0
 62
     0
 10
3262.01
 20
229.264
 30
0.0
 11
3255.27
 21
228.063
 31
0.0
  0
LINE
  8
0
 62
     0
 10
3255.27
 20
228.063
 30
0.0
 11
3249.07
 21
226.123
 31
0.0
  0
LINE
  8
0
 62
     0
 10
3249.07
 20
226.123
 30
0.0
 11
3243.38
 21
223.501
 31
0.0
  0
LINE
  8
0
 62
     0
 10
3243.38
 20
223.501
 30
0.0
 11
3238.2
 21
220.246
 31
0.0
  0
LINE
  8
0
 62
     0
 10
3238.2
 20
220.246
 30
0.0
 11
3233.53
 21
216.413
 31
0.0
  0
LINE
  8
0
 62
     0
 10
3233.53
 20
216.413
 30
0.0
 11
3229.35
 21
212.053
 31
0.0
  0
LINE
  8
0
 62
     0
 10
3229.35
 20
212.053
 30
0.0
 11
3225.65
 21
207.22
 31
0.0
  0
LINE
  8
0
 62
     0
 10
3225.65
 20
207.22
 30
0.0
 11
3222.42
 21
201.964
 31
0.0
  0
LINE
  8
0
 62
     0
 10
3222.42
 20
201.964
 30
0.0
 11
3219.65
 21
196.342
 31
0.0
  0
LINE
  8
0
 62
     0
 10
3219.65
 20
196.342
 30
0.0
 11
3217.34
 21
190.402
 31
0.0
  0
LINE
  8
0
 62
     0
 10
3217.34
 20
190.402
 30
0.0
 11
3215.47
 21
184.2
 31
0.0
  0
LINE
  8
0
 62
     0
 10
3215.47
 20
184.2
 30
0.0
 11
3214.03
 21
177.788
 31
0.0
  0
LINE
  8
0
 62
     0
 10
3214.03
 20
177.788
 30
0.0
 11
3213.02
 21
171.217
 31
0.0
  0
LINE
  8
0
 62
     0
 10
3213.02
 20
171.217
 30
0.0
 11
3212.41
 21
164.54
 31
0.0
  0
LINE
  8
0
 62
     0
 10
3212.41
 20
164.54
 30
0.0
 11
3212.22
 21
159.494
 31
0.0
  0
LINE
  8
0
 62
     0
 10
3212.22
 20
159.494
 30
0.0
 11
3212.22
 21
157.812
 31
0.0
  0
LINE
  8
0
 62
     0
 10
3212.22
 20
157.812
 30
0.0
 11
3212.22
 21
156.18
 31
0.0
  0
LINE
  8
0
 62
     0
 10
3212.22
 20
156.18
 30
0.0
 11
3212.43
 21
151.285
 31
0.0
  0
LINE
  8
0
 62
     0
 10
3212.43
 20
151.285
 30
0.0
 11
3213.06
 21
144.829
 31
0.0
  0
LINE
  8
0
 62
     0
 10
3213.06
 20
144.829
 30
0.0
 11
3214.12
 21
138.493
 31
0.0
  0
LINE
  8
0
 62
     0
 10
3214.12
 20
138.493
 30
0.0
 11
3215.61
 21
132.326
 31
0.0
  0
LINE
  8
0
 62
     0
 10
3215.61
 20
132.326
 30
0.0
 11
3217.54
 21
126.375
 31
0.0
  0
LINE
  8
0
 62
     0
 10
3217.54
 20
126.375
 30
0.0
 11
3219.92
 21
120.687
 31
0.0
  0
LINE
  8
0
 62
     0
 10
3219.92
 20
120.687
 30
0.0
 11
3222.74
 21
115.314
 31
0.0
  0
LINE
  8
0
 62
     0
 10
3222.74
 20
115.314
 30
0.0
 11
3226.02
 21
110.301
 31
0.0
  0
LINE
  8
0
 62
     0
 10
3226.02
 20
110.301
 30
0.0
 11
3229.76
 21
105.697
 31
0.0
  0
LINE
  8
0
 62
     0
 10
3229.76
 20
105.697
 30
0.0
 11
3233.97
 21
101.55
 31
0.0
  0
LINE
  8
0
 62
     0
 10
3233.97
 20
101.55
 30
0.0
 11
3238.65
 21
97.9096
 31
0.0
  0
LINE
  8
0
 62
     0
 10
3238.65
 20
97.9096
 30
0.0
 11
3243.8
 21
94.8228
 31
0.0
  0
LINE
  8
0
 62
     0
 10
3243.8
 20
94.8228
 30
0.0
 11
3249.44
 21
92.3382
 31
0.0
  0
LINE
  8
0
 62
     0
 10
3249.44
 20
92.3382
 30
0.0
 11
3255.56
 21
90.5041
 31
0.0
  0
LINE
  8
0
 62
     0
 10
3255.56
 20
90.5041
 30
0.0
 11
3262.18
 21
89.3671
 31
0.0
  0
LINE
  8
0
 62
     0
 10
3262.18
 20
89.3671
 30
0.0
 11
3267.51
 21
88.9773
 31
0.0
  0
LINE
  8
0
 62
     0
 10
3267.51
 20
88.9773
 30
0.0
 11
3269.29
 21
88.9773
 31
0.0
  0
LINE
  8
0
 62
     0
 10
3269.29
 20
88.9773
 30
0.0
 11
3270.96
 21
88.9773
 31
0.0
  0
LINE
  8
0
 62
     0
 10
3270.96
 20
88.9773
 30
0.0
 11
3275.95
 21
89.3671
 31
0.0
  0
LINE
  8
0
 62
     0
 10
3275.95
 20
89.3671
 30
0.0
 11
3282.2
 21
90.5041
 31
0.0
  0
LINE
  8
0
 62
     0
 10
3282.2
 20
90.5041
 30
0.0
 11
3288.03
 21
92.3382
 31
0.0
  0
LINE
  8
0
 62
     0
 10
3288.03
 20
92.3382
 30
0.0
 11
3293.45
 21
94.8228
 31
0.0
  0
LINE
  8
0
 62
     0
 10
3293.45
 20
94.8228
 30
0.0
 11
3298.44
 21
97.9096
 31
0.0
  0
LINE
  8
0
 62
     0
 10
3298.44
 20
97.9096
 30
0.0
 11
3303.02
 21
101.55
 31
0.0
  0
LINE
  8
0
 62
     0
 10
3303.02
 20
101.55
 30
0.0
 11
3307.17
 21
105.697
 31
0.0
  0
LINE
  8
0
 62
     0
 10
3307.17
 20
105.697
 30
0.0
 11
3310.89
 21
110.301
 31
0.0
  0
LINE
  8
0
 62
     0
 10
3310.89
 20
110.301
 30
0.0
 11
3314.18
 21
115.314
 31
0.0
  0
LINE
  8
0
 62
     0
 10
3314.18
 20
115.314
 30
0.0
 11
3317.05
 21
120.687
 31
0.0
  0
LINE
  8
0
 62
     0
 10
3317.05
 20
120.687
 30
0.0
 11
3319.48
 21
126.375
 31
0.0
  0
LINE
  8
0
 62
     0
 10
3319.48
 20
126.375
 30
0.0
 11
3321.47
 21
132.326
 31
0.0
  0
LINE
  8
0
 62
     0
 10
3321.47
 20
132.326
 30
0.0
 11
3323.03
 21
138.493
 31
0.0
  0
LINE
  8
0
 62
     0
 10
3323.03
 20
138.493
 30
0.0
 11
3324.14
 21
144.829
 31
0.0
  0
LINE
  8
0
 62
     0
 10
3324.14
 20
144.829
 30
0.0
 11
3324.81
 21
151.285
 31
0.0
  0
LINE
  8
0
 62
     0
 10
3324.81
 20
151.285
 30
0.0
 11
3325.03
 21
156.18
 31
0.0
  0
LINE
  8
0
 62
     0
 10
3325.03
 20
156.18
 30
0.0
 11
3325.03
 21
157.812
 31
0.0
  0
LINE
  8
0
 62
     0
 10
3346.19
 20
83.2764
 30
0.0
 11
3346.19
 21
80.899
 31
0.0
  0
LINE
  8
0
 62
     0
 10
3346.19
 20
80.899
 30
0.0
 11
3345.94
 21
73.7637
 31
0.0
  0
LINE
  8
0
 62
     0
 10
3345.94
 20
73.7637
 30
0.0
 11
3345.18
 21
64.7527
 31
0.0
  0
LINE
  8
0
 62
     0
 10
3345.18
 20
64.7527
 30
0.0
 11
3343.9
 21
56.261
 31
0.0
  0
LINE
  8
0
 62
     0
 10
3343.9
 20
56.261
 30
0.0
 11
3342.06
 21
48.3044
 31
0.0
  0
LINE
  8
0
 62
     0
 10
3342.06
 20
48.3044
 30
0.0
 11
3339.65
 21
40.8961
 31
0.0
  0
LINE
  8
0
 62
     0
 10
3339.65
 20
40.8961
 30
0.0
 11
3336.64
 21
34.0513
 31
0.0
  0
LINE
  8
0
 62
     0
 10
3336.64
 20
34.0513
 30
0.0
 11
3333.02
 21
27.7881
 31
0.0
  0
LINE
  8
0
 62
     0
 10
3333.02
 20
27.7881
 30
0.0
 11
3328.77
 21
22.1175
 31
0.0
  0
LINE
  8
0
 62
     0
 10
3328.77
 20
22.1175
 30
0.0
 11
3323.85
 21
17.0587
 31
0.0
  0
LINE
  8
0
 62
     0
 10
3323.85
 20
17.0587
 30
0.0
 11
3318.26
 21
12.6242
 31
0.0
  0
LINE
  8
0
 62
     0
 10
3318.26
 20
12.6242
 30
0.0
 11
3311.97
 21
8.83049
 31
0.0
  0
LINE
  8
0
 62
     0
 10
3311.97
 20
8.83049
 30
0.0
 11
3304.96
 21
5.69267
 31
0.0
  0
LINE
  8
0
 62
     0
 10
3304.96
 20
5.69267
 30
0.0
 11
3297.21
 21
3.22461
 31
0.0
  0
LINE
  8
0
 62
     0
 10
3297.21
 20
3.22461
 30
0.0
 11
3288.7
 21
1.44418
 31
0.0
  0
LINE
  8
0
 62
     0
 10
3288.7
 20
1.44418
 30
0.0
 11
3279.4
 21
0.363802
 31
0.0
  0
LINE
  8
0
 62
     0
 10
3279.4
 20
0.363802
 30
0.0
 11
3271.82
 21
0
 31
0.0
  0
LINE
  8
0
 62
     0
 10
3271.82
 20
0
 30
0.0
 11
3269.29
 21
0
 31
0.0
  0
LINE
  8
0
 62
     0
 10
3269.29
 20
0
 30
0.0
 11
3267.67
 21
0
 31
0.0
  0
LINE
  8
0
 62
     0
 10
3267.67
 20
0
 30
0.0
 11
3262.81
 21
0.187413
 31
0.0
  0
LINE
  8
0
 62
     0
 10
3262.81
 20
0.187413
 30
0.0
 11
3256.39
 21
0.749653
 31
0.0
  0
LINE
  8
0
 62
     0
 10
3256.39
 20
0.749653
 30
0.0
 11
3250.05
 21
1.69774
 31
0.0
  0
LINE
  8
0
 62
     0
 10
3250.05
 20
1.69774
 30
0.0
 11
3243.85
 21
3.0372
 31
0.0
  0
LINE
  8
0
 62
     0
 10
3243.85
 20
3.0372
 30
0.0
 11
3237.84
 21
4.77629
 31
0.0
  0
LINE
  8
0
 62
     0
 10
3237.84
 20
4.77629
 30
0.0
 11
3232.07
 21
6.92326
 31
0.0
  0
LINE
  8
0
 62
     0
 10
3232.07
 20
6.92326
 30
0.0
 11
3226.57
 21
9.48228
 31
0.0
  0
LINE
  8
0
 62
     0
 10
3226.57
 20
9.48228
 30
0.0
 11
3221.4
 21
12.4643
 31
0.0
  0
LINE
  8
0
 62
     0
 10
3221.4
 20
12.4643
 30
0.0
 11
3216.61
 21
15.875
 31
0.0
  0
LINE
  8
0
 62
     0
 10
3216.61
 20
15.875
 30
0.0
 11
3212.23
 21
19.7211
 31
0.0
  0
LINE
  8
0
 62
     0
 10
3212.23
 20
19.7211
 30
0.0
 11
3208.33
 21
24.0109
 31
0.0
  0
LINE
  8
0
 62
     0
 10
3208.33
 20
24.0109
 30
0.0
 11
3204.94
 21
28.7528
 31
0.0
  0
LINE
  8
0
 62
     0
 10
3204.94
 20
28.7528
 30
0.0
 11
3202.1
 21
33.9535
 31
0.0
  0
LINE
  8
0
 62
     0
 10
3202.1
 20
33.9535
 30
0.0
 11
3199.88
 21
39.6187
 31
0.0
  0
LINE
  8
0
 62
     0
 10
3199.88
 20
39.6187
 30
0.0
 11
3198.31
 21
45.7577
 31
0.0
  0
LINE
  8
0
 62
     0
 10
3198.31
 20
45.7577
 30
0.0
 11
3197.56
 21
50.716
 31
0.0
  0
LINE
  8
0
 62
     0
 10
3197.56
 20
50.716
 30
0.0
 11
3197.44
 21
52.3766
 31
0.0
  0
LINE
  8
0
 62
     0
 10
3197.44
 20
52.3766
 30
0.0
 11
3218.58
 21
52.3766
 31
0.0
  0
LINE
  8
0
 62
     0
 10
3218.58
 20
52.3766
 30
0.0
 11
3218.78
 21
51.2191
 31
0.0
  0
LINE
  8
0
 62
     0
 10
3218.78
 20
51.2191
 30
0.0
 11
3219.62
 21
47.7834
 31
0.0
  0
LINE
  8
0
 62
     0
 10
3219.62
 20
47.7834
 30
0.0
 11
3221.07
 21
43.5638
 31
0.0
  0
LINE
  8
0
 62
     0
 10
3221.07
 20
43.5638
 30
0.0
 11
3222.9
 21
39.7083
 31
0.0
  0
LINE
  8
0
 62
     0
 10
3222.9
 20
39.7083
 30
0.0
 11
3225.09
 21
36.2066
 31
0.0
  0
LINE
  8
0
 62
     0
 10
3225.09
 20
36.2066
 30
0.0
 11
3227.61
 21
33.0467
 31
0.0
  0
LINE
  8
0
 62
     0
 10
3227.61
 20
33.0467
 30
0.0
 11
3230.44
 21
30.219
 31
0.0
  0
LINE
  8
0
 62
     0
 10
3230.44
 20
30.219
 30
0.0
 11
3233.54
 21
27.7124
 31
0.0
  0
LINE
  8
0
 62
     0
 10
3233.54
 20
27.7124
 30
0.0
 11
3236.89
 21
25.5144
 31
0.0
  0
LINE
  8
0
 62
     0
 10
3236.89
 20
25.5144
 30
0.0
 11
3240.46
 21
23.6154
 31
0.0
  0
LINE
  8
0
 62
     0
 10
3240.46
 20
23.6154
 30
0.0
 11
3244.22
 21
22.0059
 31
0.0
  0
LINE
  8
0
 62
     0
 10
3244.22
 20
22.0059
 30
0.0
 11
3248.15
 21
20.6733
 31
0.0
  0
LINE
  8
0
 62
     0
 10
3248.15
 20
20.6733
 30
0.0
 11
3252.21
 21
19.6081
 31
0.0
  0
LINE
  8
0
 62
     0
 10
3252.21
 20
19.6081
 30
0.0
 11
3256.39
 21
18.7978
 31
0.0
  0
LINE
  8
0
 62
     0
 10
3256.39
 20
18.7978
 30
0.0
 11
3260.64
 21
18.2314
 31
0.0
  0
LINE
  8
0
 62
     0
 10
3260.64
 20
18.2314
 30
0.0
 11
3264.95
 21
17.9007
 31
0.0
  0
LINE
  8
0
 62
     0
 10
3264.95
 20
17.9007
 30
0.0
 11
3268.21
 21
17.7919
 31
0.0
  0
LINE
  8
0
 62
     0
 10
3268.21
 20
17.7919
 30
0.0
 11
3269.29
 21
17.7919
 31
0.0
  0
LINE
  8
0
 62
     0
 10
3269.29
 20
17.7919
 30
0.0
 11
3271.06
 21
17.7919
 31
0.0
  0
LINE
  8
0
 62
     0
 10
3271.06
 20
17.7919
 30
0.0
 11
3276.39
 21
18.0592
 31
0.0
  0
LINE
  8
0
 62
     0
 10
3276.39
 20
18.0592
 30
0.0
 11
3282.96
 21
18.8571
 31
0.0
  0
LINE
  8
0
 62
     0
 10
3282.96
 20
18.8571
 30
0.0
 11
3289.02
 21
20.1814
 31
0.0
  0
LINE
  8
0
 62
     0
 10
3289.02
 20
20.1814
 30
0.0
 11
3294.57
 21
22.0279
 31
0.0
  0
LINE
  8
0
 62
     0
 10
3294.57
 20
22.0279
 30
0.0
 11
3299.63
 21
24.3913
 31
0.0
  0
LINE
  8
0
 62
     0
 10
3299.63
 20
24.3913
 30
0.0
 11
3304.19
 21
27.2673
 31
0.0
  0
LINE
  8
0
 62
     0
 10
3304.19
 20
27.2673
 30
0.0
 11
3308.28
 21
30.6531
 31
0.0
  0
LINE
  8
0
 62
     0
 10
3308.28
 20
30.6531
 30
0.0
 11
3311.89
 21
34.5419
 31
0.0
  0
LINE
  8
0
 62
     0
 10
3311.89
 20
34.5419
 30
0.0
 11
3315.05
 21
38.9322
 31
0.0
  0
LINE
  8
0
 62
     0
 10
3315.05
 20
38.9322
 30
0.0
 11
3317.75
 21
43.8161
 31
0.0
  0
LINE
  8
0
 62
     0
 10
3317.75
 20
43.8161
 30
0.0
 11
3320.02
 21
49.1917
 31
0.0
  0
LINE
  8
0
 62
     0
 10
3320.02
 20
49.1917
 30
0.0
 11
3321.85
 21
55.0541
 31
0.0
  0
LINE
  8
0
 62
     0
 10
3321.85
 20
55.0541
 30
0.0
 11
3323.25
 21
61.3971
 31
0.0
  0
LINE
  8
0
 62
     0
 10
3323.25
 20
61.3971
 30
0.0
 11
3324.25
 21
68.2184
 31
0.0
  0
LINE
  8
0
 62
     0
 10
3324.25
 20
68.2184
 30
0.0
 11
3324.84
 21
75.5138
 31
0.0
  0
LINE
  8
0
 62
     0
 10
3324.84
 20
75.5138
 30
0.0
 11
3325.03
 21
81.3361
 31
0.0
  0
LINE
  8
0
 62
     0
 10
3325.03
 20
81.3361
 30
0.0
 11
3325.03
 21
83.2764
 31
0.0
  0
LINE
  8
0
 62
     0
 10
3325.03
 20
83.2764
 30
0.0
 11
3325.03
 21
106.783
 31
0.0
  0
LINE
  8
0
 62
     0
 10
3325.03
 20
106.783
 30
0.0
 11
3324.37
 21
106.783
 31
0.0
  0
LINE
  8
0
 62
     0
 10
3324.37
 20
106.783
 30
0.0
 11
3323.47
 21
104.798
 31
0.0
  0
LINE
  8
0
 62
     0
 10
3323.47
 20
104.798
 30
0.0
 11
3320.24
 21
99.0836
 31
0.0
  0
LINE
  8
0
 62
     0
 10
3320.24
 20
99.0836
 30
0.0
 11
3315.2
 21
92.1551
 31
0.0
  0
LINE
  8
0
 62
     0
 10
3315.2
 20
92.1551
 30
0.0
 11
3309.3
 21
86.0764
 31
0.0
  0
LINE
  8
0
 62
     0
 10
3309.3
 20
86.0764
 30
0.0
 11
3302.62
 21
80.9255
 31
0.0
  0
LINE
  8
0
 62
     0
 10
3302.62
 20
80.9255
 30
0.0
 11
3295.22
 21
76.7814
 31
0.0
  0
LINE
  8
0
 62
     0
 10
3295.22
 20
76.7814
 30
0.0
 11
3287.16
 21
73.7249
 31
0.0
  0
LINE
  8
0
 62
     0
 10
3287.16
 20
73.7249
 30
0.0
 11
3278.49
 21
71.833
 31
0.0
  0
LINE
  8
0
 62
     0
 10
3278.49
 20
71.833
 30
0.0
 11
3271.59
 21
71.1839
 31
0.0
  0
LINE
  8
0
 62
     0
 10
3271.59
 20
71.1839
 30
0.0
 11
3269.29
 21
71.1839
 31
0.0
  0
LINE
  8
0
 62
     0
 10
3269.29
 20
71.1839
 30
0.0
 11
3266.79
 21
71.1839
 31
0.0
  0
LINE
  8
0
 62
     0
 10
3266.79
 20
71.1839
 30
0.0
 11
3259.28
 21
71.6372
 31
0.0
  0
LINE
  8
0
 62
     0
 10
3259.28
 20
71.6372
 30
0.0
 11
3250.02
 21
72.97
 31
0.0
  0
LINE
  8
0
 62
     0
 10
3250.02
 20
72.97
 30
0.0
 11
3241.5
 21
75.1374
 31
0.0
  0
LINE
  8
0
 62
     0
 10
3241.5
 20
75.1374
 30
0.0
 11
3233.7
 21
78.099
 31
0.0
  0
LINE
  8
0
 62
     0
 10
3233.7
 20
78.099
 30
0.0
 11
3226.59
 21
81.8127
 31
0.0
  0
LINE
  8
0
 62
     0
 10
3226.59
 20
81.8127
 30
0.0
 11
3220.19
 21
86.2348
 31
0.0
  0
LINE
  8
0
 62
     0
 10
3220.19
 20
86.2348
 30
0.0
 11
3214.46
 21
91.3239
 31
0.0
  0
LINE
  8
0
 62
     0
 10
3214.46
 20
91.3239
 30
0.0
 11
3209.4
 21
97.0372
 31
0.0
  0
LINE
  8
0
 62
     0
 10
3209.4
 20
97.0372
 30
0.0
 11
3204.98
 21
103.334
 31
0.0
  0
LINE
  8
0
 62
     0
 10
3204.98
 20
103.334
 30
0.0
 11
3201.2
 21
110.17
 31
0.0
  0
LINE
  8
0
 62
     0
 10
3201.2
 20
110.17
 30
0.0
 11
3198.04
 21
117.504
 31
0.0
  0
LINE
  8
0
 62
     0
 10
3198.04
 20
117.504
 30
0.0
 11
3195.49
 21
125.294
 31
0.0
  0
LINE
  8
0
 62
     0
 10
3195.49
 20
125.294
 30
0.0
 11
3193.53
 21
133.497
 31
0.0
  0
LINE
  8
0
 62
     0
 10
3193.53
 20
133.497
 30
0.0
 11
3192.15
 21
142.07
 31
0.0
  0
LINE
  8
0
 62
     0
 10
3192.15
 20
142.07
 30
0.0
 11
3191.33
 21
150.974
 31
0.0
  0
LINE
  8
0
 62
     0
 10
3191.33
 20
150.974
 30
0.0
 11
3191.06
 21
157.865
 31
0.0
  0
LINE
  8
0
 62
     0
 10
3191.06
 20
157.865
 30
0.0
 11
3191.06
 21
160.161
 31
0.0
  0
LINE
  8
0
 62
     0
 10
3191.06
 20
160.161
 30
0.0
 11
3191.06
 21
162.372
 31
0.0
  0
LINE
  8
0
 62
     0
 10
3191.06
 20
162.372
 30
0.0
 11
3191.39
 21
169.001
 31
0.0
  0
LINE
  8
0
 62
     0
 10
3191.39
 20
169.001
 30
0.0
 11
3192.37
 21
177.606
 31
0.0
  0
LINE
  8
0
 62
     0
 10
3192.37
 20
177.606
 30
0.0
 11
3193.99
 21
185.929
 31
0.0
  0
LINE
  8
0
 62
     0
 10
3193.99
 20
185.929
 30
0.0
 11
3196.25
 21
193.923
 31
0.0
  0
LINE
  8
0
 62
     0
 10
3196.25
 20
193.923
 30
0.0
 11
3199.13
 21
201.544
 31
0.0
  0
LINE
  8
0
 62
     0
 10
3199.13
 20
201.544
 30
0.0
 11
3202.62
 21
208.745
 31
0.0
  0
LINE
  8
0
 62
     0
 10
3202.62
 20
208.745
 30
0.0
 11
3206.72
 21
215.478
 31
0.0
  0
LINE
  8
0
 62
     0
 10
3206.72
 20
215.478
 30
0.0
 11
3211.41
 21
221.7
 31
0.0
  0
LINE
  8
0
 62
     0
 10
3211.41
 20
221.7
 30
0.0
 11
3216.69
 21
227.362
 31
0.0
  0
LINE
  8
0
 62
     0
 10
3216.69
 20
227.362
 30
0.0
 11
3222.55
 21
232.42
 31
0.0
  0
LINE
  8
0
 62
     0
 10
3222.55
 20
232.42
 30
0.0
 11
3228.98
 21
236.825
 31
0.0
  0
LINE
  8
0
 62
     0
 10
3228.98
 20
236.825
 30
0.0
 11
3235.96
 21
240.535
 31
0.0
  0
LINE
  8
0
 62
     0
 10
3235.96
 20
240.535
 30
0.0
 11
3243.5
 21
243.499
 31
0.0
  0
LINE
  8
0
 62
     0
 10
3243.5
 20
243.499
 30
0.0
 11
3251.57
 21
245.675
 31
0.0
  0
LINE
  8
0
 62
     0
 10
3251.57
 20
245.675
 30
0.0
 11
3260.17
 21
247.013
 31
0.0
  0
LINE
  8
0
 62
     0
 10
3260.17
 20
247.013
 30
0.0
 11
3267.01
 21
247.469
 31
0.0
  0
LINE
  8
0
 62
     0
 10
3267.01
 20
247.469
 30
0.0
 11
3269.29
 21
247.469
 31
0.0
  0
LINE
  8
0
 62
     0
 10
3269.29
 20
247.469
 30
0.0
 11
3271.63
 21
247.469
 31
0.0
  0
LINE
  8
0
 62
     0
 10
3271.63
 20
247.469
 30
0.0
 11
3278.64
 21
246.754
 31
0.0
  0
LINE
  8
0
 62
     0
 10
3278.64
 20
246.754
 30
0.0
 11
3287.48
 21
244.706
 31
0.0
  0
LINE
  8
0
 62
     0
 10
3287.48
 20
244.706
 30
0.0
 11
3295.72
 21
241.468
 31
0.0
  0
LINE
  8
0
 62
     0
 10
3295.72
 20
241.468
 30
0.0
 11
3303.25
 21
237.189
 31
0.0
  0
LINE
  8
0
 62
     0
 10
3303.25
 20
237.189
 30
0.0
 11
3309.98
 21
232.012
 31
0.0
  0
LINE
  8
0
 62
     0
 10
3309.98
 20
232.012
 30
0.0
 11
3315.81
 21
226.084
 31
0.0
  0
LINE
  8
0
 62
     0
 10
3315.81
 20
226.084
 30
0.0
 11
3320.63
 21
219.548
 31
0.0
  0
LINE
  8
0
 62
     0
 10
3320.63
 20
219.548
 30
0.0
 11
3323.57
 21
214.362
 31
0.0
  0
LINE
  8
0
 62
     0
 10
3323.57
 20
214.362
 30
0.0
 11
3324.37
 21
212.551
 31
0.0
  0
LINE
  8
0
 62
     0
 10
3324.37
 20
212.551
 30
0.0
 11
3325.03
 21
212.551
 31
0.0
  0
LINE
  8
0
 62
     0
 10
3325.03
 20
212.551
 30
0.0
 11
3325.03
 21
242.437
 31
0.0
  0
LINE
  8
0
 62
     0
 10
3325.03
 20
242.437
 30
0.0
 11
3346.19
 21
242.437
 31
0.0
  0
LINE
  8
0
 62
     0
 10
3346.19
 20
242.437
 30
0.0
 11
3346.19
 21
83.2764
 31
0.0
  0
LINE
  8
0
 62
     0
 10
3411.66
 20
242.437
 30
0.0
 11
3432.82
 21
242.437
 31
0.0
  0
LINE
  8
0
 62
     0
 10
3432.82
 20
242.437
 30
0.0
 11
3432.82
 21
69.1677
 31
0.0
  0
LINE
  8
0
 62
     0
 10
3432.82
 20
69.1677
 30
0.0
 11
3411.66
 21
69.1677
 31
0.0
  0
LINE
  8
0
 62
     0
 10
3411.66
 20
69.1677
 30
0.0
 11
3411.66
 21
242.437
 31
0.0
  0
LINE
  8
0
 62
     0
 10
3411.66
 20
308.922
 30
0.0
 11
3432.82
 21
308.922
 31
0.0
  0
LINE
  8
0
 62
     0
 10
3432.82
 20
308.922
 30
0.0
 11
3432.82
 21
275.005
 31
0.0
  0
LINE
  8
0
 62
     0
 10
3432.82
 20
275.005
 30
0.0
 11
3411.66
 21
275.005
 31
0.0
  0
LINE
  8
0
 62
     0
 10
3411.66
 20
275.005
 30
0.0
 11
3411.66
 21
308.922
 31
0.0
  0
LINE
  8
0
 62
     0
 10
3498.28
 20
242.437
 30
0.0
 11
3519.43
 21
242.437
 31
0.0
  0
LINE
  8
0
 62
     0
 10
3519.43
 20
242.437
 30
0.0
 11
3519.43
 21
212.551
 31
0.0
  0
LINE
  8
0
 62
     0
 10
3519.43
 20
212.551
 30
0.0
 11
3520.11
 21
212.551
 31
0.0
  0
LINE
  8
0
 62
     0
 10
3520.11
 20
212.551
 30
0.0
 11
3520.86
 21
214.487
 31
0.0
  0
LINE
  8
0
 62
     0
 10
3520.86
 20
214.487
 30
0.0
 11
3523.79
 21
220.027
 31
0.0
  0
LINE
  8
0
 62
     0
 10
3523.79
 20
220.027
 30
0.0
 11
3528.73
 21
226.786
 31
0.0
  0
LINE
  8
0
 62
     0
 10
3528.73
 20
226.786
 30
0.0
 11
3534.73
 21
232.745
 31
0.0
  0
LINE
  8
0
 62
     0
 10
3534.73
 20
232.745
 30
0.0
 11
3541.64
 21
237.815
 31
0.0
  0
LINE
  8
0
 62
     0
 10
3541.64
 20
237.815
 30
0.0
 11
3549.33
 21
241.909
 31
0.0
  0
LINE
  8
0
 62
     0
 10
3549.33
 20
241.909
 30
0.0
 11
3557.66
 21
244.941
 31
0.0
  0
LINE
  8
0
 62
     0
 10
3557.66
 20
244.941
 30
0.0
 11
3566.41
 21
246.823
 31
0.0
  0
LINE
  8
0
 62
     0
 10
3566.41
 20
246.823
 30
0.0
 11
3573.25
 21
247.469
 31
0.0
  0
LINE
  8
0
 62
     0
 10
3573.25
 20
247.469
 30
0.0
 11
3575.51
 21
247.469
 31
0.0
  0
LINE
  8
0
 62
     0
 10
3575.51
 20
247.469
 30
0.0
 11
3577.7
 21
247.469
 31
0.0
  0
LINE
  8
0
 62
     0
 10
3577.7
 20
247.469
 30
0.0
 11
3584.26
 21
247.173
 31
0.0
  0
LINE
  8
0
 62
     0
 10
3584.26
 20
247.173
 30
0.0
 11
3592.19
 21
246.293
 31
0.0
  0
LINE
  8
0
 62
     0
 10
3592.19
 20
246.293
 30
0.0
 11
3599.43
 21
244.843
 31
0.0
  0
LINE
  8
0
 62
     0
 10
3599.43
 20
244.843
 30
0.0
 11
3605.95
 21
242.836
 31
0.0
  0
LINE
  8
0
 62
     0
 10
3605.95
 20
242.836
 30
0.0
 11
3611.81
 21
240.291
 31
0.0
  0
LINE
  8
0
 62
     0
 10
3611.81
 20
240.291
 30
0.0
 11
3617
 21
237.217
 31
0.0
  0
LINE
  8
0
 62
     0
 10
3617
 20
237.217
 30
0.0
 11
3621.55
 21
233.631
 31
0.0
  0
LINE
  8
0
 62
     0
 10
3621.55
 20
233.631
 30
0.0
 11
3625.5
 21
229.547
 31
0.0
  0
LINE
  8
0
 62
     0
 10
3625.5
 20
229.547
 30
0.0
 11
3628.88
 21
224.978
 31
0.0
  0
LINE
  8
0
 62
     0
 10
3628.88
 20
224.978
 30
0.0
 11
3631.71
 21
219.942
 31
0.0
  0
LINE
  8
0
 62
     0
 10
3631.71
 20
219.942
 30
0.0
 11
3634.03
 21
214.448
 31
0.0
  0
LINE
  8
0
 62
     0
 10
3634.03
 20
214.448
 30
0.0
 11
3635.9
 21
208.514
 31
0.0
  0
LINE
  8
0
 62
     0
 10
3635.9
 20
208.514
 30
0.0
 11
3637.28
 21
202.153
 31
0.0
  0
LINE
  8
0
 62
     0
 10
3637.28
 20
202.153
 30
0.0
 11
3638.23
 21
195.378
 31
0.0
  0
LINE
  8
0
 62
     0
 10
3638.23
 20
195.378
 30
0.0
 11
3638.8
 21
188.207
 31
0.0
  0
LINE
  8
0
 62
     0
 10
3638.8
 20
188.207
 30
0.0
 11
3638.97
 21
182.539
 31
0.0
  0
LINE
  8
0
 62
     0
 10
3638.97
 20
182.539
 30
0.0
 11
3638.97
 21
180.65
 31
0.0
  0
LINE
  8
0
 62
     0
 10
3638.97
 20
180.65
 30
0.0
 11
3638.97
 21
69.1677
 31
0.0
  0
LINE
  8
0
 62
     0
 10
3638.97
 20
69.1677
 30
0.0
 11
3617.81
 21
69.1677
 31
0.0
  0
LINE
  8
0
 62
     0
 10
3617.81
 20
69.1677
 30
0.0
 11
3617.81
 21
177.286
 31
0.0
  0
LINE
  8
0
 62
     0
 10
3617.81
 20
177.286
 30
0.0
 11
3617.81
 21
178.652
 31
0.0
  0
LINE
  8
0
 62
     0
 10
3617.81
 20
178.652
 30
0.0
 11
3617.7
 21
182.745
 31
0.0
  0
LINE
  8
0
 62
     0
 10
3617.7
 20
182.745
 30
0.0
 11
3617.35
 21
188.022
 31
0.0
  0
LINE
  8
0
 62
     0
 10
3617.35
 20
188.022
 30
0.0
 11
3616.68
 21
193.095
 31
0.0
  0
LINE
  8
0
 62
     0
 10
3616.68
 20
193.095
 30
0.0
 11
3615.76
 21
197.94
 31
0.0
  0
LINE
  8
0
 62
     0
 10
3615.76
 20
197.94
 30
0.0
 11
3614.53
 21
202.533
 31
0.0
  0
LINE
  8
0
 62
     0
 10
3614.53
 20
202.533
 30
0.0
 11
3612.94
 21
206.851
 31
0.0
  0
LINE
  8
0
 62
     0
 10
3612.94
 20
206.851
 30
0.0
 11
3611
 21
210.869
 31
0.0
  0
LINE
  8
0
 62
     0
 10
3611
 20
210.869
 30
0.0
 11
3608.67
 21
214.563
 31
0.0
  0
LINE
  8
0
 62
     0
 10
3608.67
 20
214.563
 30
0.0
 11
3605.95
 21
217.913
 31
0.0
  0
LINE
  8
0
 62
     0
 10
3605.95
 20
217.913
 30
0.0
 11
3602.78
 21
220.893
 31
0.0
  0
LINE
  8
0
 62
     0
 10
3602.78
 20
220.893
 30
0.0
 11
3599.22
 21
223.478
 31
0.0
  0
LINE
  8
0
 62
     0
 10
3599.22
 20
223.478
 30
0.0
 11
3595.16
 21
225.647
 31
0.0
  0
LINE
  8
0
 62
     0
 10
3595.16
 20
225.647
 30
0.0
 11
3590.61
 21
227.375
 31
0.0
  0
LINE
  8
0
 62
     0
 10
3590.61
 20
227.375
 30
0.0
 11
3585.56
 21
228.637
 31
0.0
  0
LINE
  8
0
 62
     0
 10
3585.56
 20
228.637
 30
0.0
 11
3579.95
 21
229.413
 31
0.0
  0
LINE
  8
0
 62
     0
 10
3579.95
 20
229.413
 30
0.0
 11
3575.37
 21
229.676
 31
0.0
  0
LINE
  8
0
 62
     0
 10
3575.37
 20
229.676
 30
0.0
 11
3573.82
 21
229.676
 31
0.0
  0
LINE
  8
0
 62
     0
 10
3573.82
 20
229.676
 30
0.0
 11
3572.26
 21
229.676
 31
0.0
  0
LINE
  8
0
 62
     0
 10
3572.26
 20
229.676
 30
0.0
 11
3567.64
 21
229.383
 31
0.0
  0
LINE
  8
0
 62
     0
 10
3567.64
 20
229.383
 30
0.0
 11
3561.79
 21
228.515
 31
0.0
  0
LINE
  8
0
 62
     0
 10
3561.79
 20
228.515
 30
0.0
 11
3556.28
 21
227.098
 31
0.0
  0
LINE
  8
0
 62
     0
 10
3556.28
 20
227.098
 30
0.0
 11
3551.17
 21
225.159
 31
0.0
  0
LINE
  8
0
 62
     0
 10
3551.17
 20
225.159
 30
0.0
 11
3546.37
 21
222.723
 31
0.0
  0
LINE
  8
0
 62
     0
 10
3546.37
 20
222.723
 30
0.0
 11
3541.96
 21
219.814
 31
0.0
  0
LINE
  8
0
 62
     0
 10
3541.96
 20
219.814
 30
0.0
 11
3537.94
 21
216.457
 31
0.0
  0
LINE
  8
0
 62
     0
 10
3537.94
 20
216.457
 30
0.0
 11
3534.3
 21
212.677
 31
0.0
  0
LINE
  8
0
 62
     0
 10
3534.3
 20
212.677
 30
0.0
 11
3531.02
 21
208.5
 31
0.0
  0
LINE
  8
0
 62
     0
 10
3531.02
 20
208.5
 30
0.0
 11
3528.13
 21
203.951
 31
0.0
  0
LINE
  8
0
 62
     0
 10
3528.13
 20
203.951
 30
0.0
 11
3525.66
 21
199.053
 31
0.0
  0
LINE
  8
0
 62
     0
 10
3525.66
 20
199.053
 30
0.0
 11
3523.59
 21
193.835
 31
0.0
  0
LINE
  8
0
 62
     0
 10
3523.59
 20
193.835
 30
0.0
 11
3521.92
 21
188.318
 31
0.0
  0
LINE
  8
0
 62
     0
 10
3521.92
 20
188.318
 30
0.0
 11
3520.67
 21
182.531
 31
0.0
  0
LINE
  8
0
 62
     0
 10
3520.67
 20
182.531
 30
0.0
 11
3519.84
 21
176.496
 31
0.0
  0
LINE
  8
0
 62
     0
 10
3519.84
 20
176.496
 30
0.0
 11
3519.48
 21
171.806
 31
0.0
  0
LINE
  8
0
 62
     0
 10
3519.48
 20
171.806
 30
0.0
 11
3519.43
 21
170.239
 31
0.0
  0
LINE
  8
0
 62
     0
 10
3519.43
 20
170.239
 30
0.0
 11
3519.43
 21
69.1677
 31
0.0
  0
LINE
  8
0
 62
     0
 10
3519.43
 20
69.1677
 30
0.0
 11
3498.28
 21
69.1677
 31
0.0
  0
LINE
  8
0
 62
     0
 10
3498.28
 20
69.1677
 30
0.0
 11
3498.28
 21
242.437
 31
0.0
  0
LINE
  8
0
 62
     0
 10
3829.33
 20
157.812
 30
0.0
 11
3829.33
 21
159.411
 31
0.0
  0
LINE
  8
0
 62
     0
 10
3829.33
 20
159.411
 30
0.0
 11
3829.16
 21
164.209
 31
0.0
  0
LINE
  8
0
 62
     0
 10
3829.16
 20
164.209
 30
0.0
 11
3828.59
 21
170.638
 31
0.0
  0
LINE
  8
0
 62
     0
 10
3828.59
 20
170.638
 30
0.0
 11
3827.64
 21
177.039
 31
0.0
  0
LINE
  8
0
 62
     0
 10
3827.64
 20
177.039
 30
0.0
 11
3826.3
 21
183.349
 31
0.0
  0
LINE
  8
0
 62
     0
 10
3826.3
 20
183.349
 30
0.0
 11
3824.53
 21
189.509
 31
0.0
  0
LINE
  8
0
 62
     0
 10
3824.53
 20
189.509
 30
0.0
 11
3822.31
 21
195.455
 31
0.0
  0
LINE
  8
0
 62
     0
 10
3822.31
 20
195.455
 30
0.0
 11
3819.67
 21
201.127
 31
0.0
  0
LINE
  8
0
 62
     0
 10
3819.67
 20
201.127
 30
0.0
 11
3816.56
 21
206.463
 31
0.0
  0
LINE
  8
0
 62
     0
 10
3816.56
 20
206.463
 30
0.0
 11
3813
 21
211.402
 31
0.0
  0
LINE
  8
0
 62
     0
 10
3813
 20
211.402
 30
0.0
 11
3808.94
 21
215.881
 31
0.0
  0
LINE
  8
0
 62
     0
 10
3808.94
 20
215.881
 30
0.0
 11
3804.39
 21
219.84
 31
0.0
  0
LINE
  8
0
 62
     0
 10
3804.39
 20
219.84
 30
0.0
 11
3799.31
 21
223.217
 31
0.0
  0
LINE
  8
0
 62
     0
 10
3799.31
 20
223.217
 30
0.0
 11
3793.7
 21
225.951
 31
0.0
  0
LINE
  8
0
 62
     0
 10
3793.7
 20
225.951
 30
0.0
 11
3787.56
 21
227.98
 31
0.0
  0
LINE
  8
0
 62
     0
 10
3787.56
 20
227.98
 30
0.0
 11
3780.86
 21
229.242
 31
0.0
  0
LINE
  8
0
 62
     0
 10
3780.86
 20
229.242
 30
0.0
 11
3775.43
 21
229.676
 31
0.0
  0
LINE
  8
0
 62
     0
 10
3775.43
 20
229.676
 30
0.0
 11
3773.59
 21
229.676
 31
0.0
  0
LINE
  8
0
 62
     0
 10
3773.59
 20
229.676
 30
0.0
 11
3771.79
 21
229.676
 31
0.0
  0
LINE
  8
0
 62
     0
 10
3771.79
 20
229.676
 30
0.0
 11
3766.33
 21
229.264
 31
0.0
  0
LINE
  8
0
 62
     0
 10
3766.33
 20
229.264
 30
0.0
 11
3759.59
 21
228.063
 31
0.0
  0
LINE
  8
0
 62
     0
 10
3759.59
 20
228.063
 30
0.0
 11
3753.38
 21
226.123
 31
0.0
  0
LINE
  8
0
 62
     0
 10
3753.38
 20
226.123
 30
0.0
 11
3747.66
 21
223.501
 31
0.0
  0
LINE
  8
0
 62
     0
 10
3747.66
 20
223.501
 30
0.0
 11
3742.51
 21
220.246
 31
0.0
  0
LINE
  8
0
 62
     0
 10
3742.51
 20
220.246
 30
0.0
 11
3737.82
 21
216.413
 31
0.0
  0
LINE
  8
0
 62
     0
 10
3737.82
 20
216.413
 30
0.0
 11
3733.66
 21
212.053
 31
0.0
  0
LINE
  8
0
 62
     0
 10
3733.66
 20
212.053
 30
0.0
 11
3729.95
 21
207.22
 31
0.0
  0
LINE
  8
0
 62
     0
 10
3729.95
 20
207.22
 30
0.0
 11
3726.71
 21
201.964
 31
0.0
  0
LINE
  8
0
 62
     0
 10
3726.71
 20
201.964
 30
0.0
 11
3723.96
 21
196.342
 31
0.0
  0
LINE
  8
0
 62
     0
 10
3723.96
 20
196.342
 30
0.0
 11
3721.63
 21
190.402
 31
0.0
  0
LINE
  8
0
 62
     0
 10
3721.63
 20
190.402
 30
0.0
 11
3719.76
 21
184.2
 31
0.0
  0
LINE
  8
0
 62
     0
 10
3719.76
 20
184.2
 30
0.0
 11
3718.31
 21
177.788
 31
0.0
  0
LINE
  8
0
 62
     0
 10
3718.31
 20
177.788
 30
0.0
 11
3717.33
 21
171.217
 31
0.0
  0
LINE
  8
0
 62
     0
 10
3717.33
 20
171.217
 30
0.0
 11
3716.73
 21
164.54
 31
0.0
  0
LINE
  8
0
 62
     0
 10
3716.73
 20
164.54
 30
0.0
 11
3716.51
 21
159.494
 31
0.0
  0
LINE
  8
0
 62
     0
 10
3716.51
 20
159.494
 30
0.0
 11
3716.51
 21
157.812
 31
0.0
  0
LINE
  8
0
 62
     0
 10
3716.51
 20
157.812
 30
0.0
 11
3716.51
 21
156.18
 31
0.0
  0
LINE
  8
0
 62
     0
 10
3716.51
 20
156.18
 30
0.0
 11
3716.73
 21
151.285
 31
0.0
  0
LINE
  8
0
 62
     0
 10
3716.73
 20
151.285
 30
0.0
 11
3717.36
 21
144.829
 31
0.0
  0
LINE
  8
0
 62
     0
 10
3717.36
 20
144.829
 30
0.0
 11
3718.42
 21
138.493
 31
0.0
  0
LINE
  8
0
 62
     0
 10
3718.42
 20
138.493
 30
0.0
 11
3719.9
 21
132.326
 31
0.0
  0
LINE
  8
0
 62
     0
 10
3719.9
 20
132.326
 30
0.0
 11
3721.84
 21
126.375
 31
0.0
  0
LINE
  8
0
 62
     0
 10
3721.84
 20
126.375
 30
0.0
 11
3724.2
 21
120.687
 31
0.0
  0
LINE
  8
0
 62
     0
 10
3724.2
 20
120.687
 30
0.0
 11
3727.06
 21
115.314
 31
0.0
  0
LINE
  8
0
 62
     0
 10
3727.06
 20
115.314
 30
0.0
 11
3730.34
 21
110.301
 31
0.0
  0
LINE
  8
0
 62
     0
 10
3730.34
 20
110.301
 30
0.0
 11
3734.08
 21
105.697
 31
0.0
  0
LINE
  8
0
 62
     0
 10
3734.08
 20
105.697
 30
0.0
 11
3738.28
 21
101.55
 31
0.0
  0
LINE
  8
0
 62
     0
 10
3738.28
 20
101.55
 30
0.0
 11
3742.94
 21
97.9096
 31
0.0
  0
LINE
  8
0
 62
     0
 10
3742.94
 20
97.9096
 30
0.0
 11
3748.12
 21
94.8228
 31
0.0
  0
LINE
  8
0
 62
     0
 10
3748.12
 20
94.8228
 30
0.0
 11
3753.73
 21
92.3382
 31
0.0
  0
LINE
  8
0
 62
     0
 10
3753.73
 20
92.3382
 30
0.0
 11
3759.87
 21
90.5041
 31
0.0
  0
LINE
  8
0
 62
     0
 10
3759.87
 20
90.5041
 30
0.0
 11
3766.5
 21
89.3671
 31
0.0
  0
LINE
  8
0
 62
     0
 10
3766.5
 20
89.3671
 30
0.0
 11
3771.83
 21
88.9773
 31
0.0
  0
LINE
  8
0
 62
     0
 10
3771.83
 20
88.9773
 30
0.0
 11
3773.59
 21
88.9773
 31
0.0
  0
LINE
  8
0
 62
     0
 10
3773.59
 20
88.9773
 30
0.0
 11
3775.25
 21
88.9773
 31
0.0
  0
LINE
  8
0
 62
     0
 10
3775.25
 20
88.9773
 30
0.0
 11
3780.26
 21
89.3671
 31
0.0
  0
LINE
  8
0
 62
     0
 10
3780.26
 20
89.3671
 30
0.0
 11
3786.51
 21
90.5041
 31
0.0
  0
LINE
  8
0
 62
     0
 10
3786.51
 20
90.5041
 30
0.0
 11
3792.33
 21
92.3382
 31
0.0
  0
LINE
  8
0
 62
     0
 10
3792.33
 20
92.3382
 30
0.0
 11
3797.76
 21
94.8228
 31
0.0
  0
LINE
  8
0
 62
     0
 10
3797.76
 20
94.8228
 30
0.0
 11
3802.73
 21
97.9096
 31
0.0
  0
LINE
  8
0
 62
     0
 10
3802.73
 20
97.9096
 30
0.0
 11
3807.32
 21
101.55
 31
0.0
  0
LINE
  8
0
 62
     0
 10
3807.32
 20
101.55
 30
0.0
 11
3811.48
 21
105.697
 31
0.0
  0
LINE
  8
0
 62
     0
 10
3811.48
 20
105.697
 30
0.0
 11
3815.19
 21
110.301
 31
0.0
  0
LINE
  8
0
 62
     0
 10
3815.19
 20
110.301
 30
0.0
 11
3818.5
 21
115.314
 31
0.0
  0
LINE
  8
0
 62
     0
 10
3818.5
 20
115.314
 30
0.0
 11
3821.36
 21
120.687
 31
0.0
  0
LINE
  8
0
 62
     0
 10
3821.36
 20
120.687
 30
0.0
 11
3823.79
 21
126.375
 31
0.0
  0
LINE
  8
0
 62
     0
 10
3823.79
 20
126.375
 30
0.0
 11
3825.77
 21
132.326
 31
0.0
  0
LINE
  8
0
 62
     0
 10
3825.77
 20
132.326
 30
0.0
 11
3827.32
 21
138.493
 31
0.0
  0
LINE
  8
0
 62
     0
 10
3827.32
 20
138.493
 30
0.0
 11
3828.45
 21
144.829
 31
0.0
  0
LINE
  8
0
 62
     0
 10
3828.45
 20
144.829
 30
0.0
 11
3829.12
 21
151.285
 31
0.0
  0
LINE
  8
0
 62
     0
 10
3829.12
 20
151.285
 30
0.0
 11
3829.33
 21
156.18
 31
0.0
  0
LINE
  8
0
 62
     0
 10
3829.33
 20
156.18
 30
0.0
 11
3829.33
 21
157.812
 31
0.0
  0
LINE
  8
0
 62
     0
 10
3850.5
 20
83.2764
 30
0.0
 11
3850.5
 21
80.899
 31
0.0
  0
LINE
  8
0
 62
     0
 10
3850.5
 20
80.899
 30
0.0
 11
3850.25
 21
73.7637
 31
0.0
  0
LINE
  8
0
 62
     0
 10
3850.25
 20
73.7637
 30
0.0
 11
3849.51
 21
64.7527
 31
0.0
  0
LINE
  8
0
 62
     0
 10
3849.51
 20
64.7527
 30
0.0
 11
3848.21
 21
56.261
 31
0.0
  0
LINE
  8
0
 62
     0
 10
3848.21
 20
56.261
 30
0.0
 11
3846.37
 21
48.3044
 31
0.0
  0
LINE
  8
0
 62
     0
 10
3846.37
 20
48.3044
 30
0.0
 11
3843.97
 21
40.8961
 31
0.0
  0
LINE
  8
0
 62
     0
 10
3843.97
 20
40.8961
 30
0.0
 11
3840.94
 21
34.0513
 31
0.0
  0
LINE
  8
0
 62
     0
 10
3840.94
 20
34.0513
 30
0.0
 11
3837.34
 21
27.7881
 31
0.0
  0
LINE
  8
0
 62
     0
 10
3837.34
 20
27.7881
 30
0.0
 11
3833.07
 21
22.1175
 31
0.0
  0
LINE
  8
0
 62
     0
 10
3833.07
 20
22.1175
 30
0.0
 11
3828.17
 21
17.0587
 31
0.0
  0
LINE
  8
0
 62
     0
 10
3828.17
 20
17.0587
 30
0.0
 11
3822.56
 21
12.6242
 31
0.0
  0
LINE
  8
0
 62
     0
 10
3822.56
 20
12.6242
 30
0.0
 11
3816.28
 21
8.83049
 31
0.0
  0
LINE
  8
0
 62
     0
 10
3816.28
 20
8.83049
 30
0.0
 11
3809.26
 21
5.69267
 31
0.0
  0
LINE
  8
0
 62
     0
 10
3809.26
 20
5.69267
 30
0.0
 11
3801.53
 21
3.22461
 31
0.0
  0
LINE
  8
0
 62
     0
 10
3801.53
 20
3.22461
 30
0.0
 11
3793
 21
1.44418
 31
0.0
  0
LINE
  8
0
 62
     0
 10
3793
 20
1.44418
 30
0.0
 11
3783.72
 21
0.363802
 31
0.0
  0
LINE
  8
0
 62
     0
 10
3783.72
 20
0.363802
 30
0.0
 11
3776.13
 21
0
 31
0.0
  0
LINE
  8
0
 62
     0
 10
3776.13
 20
0
 30
0.0
 11
3773.59
 21
0
 31
0.0
  0
LINE
  8
0
 62
     0
 10
3773.59
 20
0
 30
0.0
 11
3771.97
 21
0
 31
0.0
  0
LINE
  8
0
 62
     0
 10
3771.97
 20
0
 30
0.0
 11
3767.14
 21
0.187413
 31
0.0
  0
LINE
  8
0
 62
     0
 10
3767.14
 20
0.187413
 30
0.0
 11
3760.68
 21
0.749653
 31
0.0
  0
LINE
  8
0
 62
     0
 10
3760.68
 20
0.749653
 30
0.0
 11
3754.37
 21
1.69774
 31
0.0
  0
LINE
  8
0
 62
     0
 10
3754.37
 20
1.69774
 30
0.0
 11
3748.16
 21
3.0372
 31
0.0
  0
LINE
  8
0
 62
     0
 10
3748.16
 20
3.0372
 30
0.0
 11
3742.16
 21
4.77629
 31
0.0
  0
LINE
  8
0
 62
     0
 10
3742.16
 20
4.77629
 30
0.0
 11
3736.38
 21
6.92326
 31
0.0
  0
LINE
  8
0
 62
     0
 10
3736.38
 20
6.92326
 30
0.0
 11
3730.87
 21
9.48228
 31
0.0
  0
LINE
  8
0
 62
     0
 10
3730.87
 20
9.48228
 30
0.0
 11
3725.72
 21
12.4643
 31
0.0
  0
LINE
  8
0
 62
     0
 10
3725.72
 20
12.4643
 30
0.0
 11
3720.92
 21
15.875
 31
0.0
  0
LINE
  8
0
 62
     0
 10
3720.92
 20
15.875
 30
0.0
 11
3716.55
 21
19.7211
 31
0.0
  0
LINE
  8
0
 62
     0
 10
3716.55
 20
19.7211
 30
0.0
 11
3712.63
 21
24.0109
 31
0.0
  0
LINE
  8
0
 62
     0
 10
3712.63
 20
24.0109
 30
0.0
 11
3709.25
 21
28.7528
 31
0.0
  0
LINE
  8
0
 62
     0
 10
3709.25
 20
28.7528
 30
0.0
 11
3706.39
 21
33.9535
 31
0.0
  0
LINE
  8
0
 62
     0
 10
3706.39
 20
33.9535
 30
0.0
 11
3704.17
 21
39.6187
 31
0.0
  0
LINE
  8
0
 62
     0
 10
3704.17
 20
39.6187
 30
0.0
 11
3702.61
 21
45.7577
 31
0.0
  0
LINE
  8
0
 62
     0
 10
3702.61
 20
45.7577
 30
0.0
 11
3701.87
 21
50.716
 31
0.0
  0
LINE
  8
0
 62
     0
 10
3701.87
 20
50.716
 30
0.0
 11
3701.73
 21
52.3766
 31
0.0
  0
LINE
  8
0
 62
     0
 10
3701.73
 20
52.3766
 30
0.0
 11
3722.9
 21
52.3766
 31
0.0
  0
LINE
  8
0
 62
     0
 10
3722.9
 20
52.3766
 30
0.0
 11
3723.08
 21
51.2191
 31
0.0
  0
LINE
  8
0
 62
     0
 10
3723.08
 20
51.2191
 30
0.0
 11
3723.92
 21
47.7834
 31
0.0
  0
LINE
  8
0
 62
     0
 10
3723.92
 20
47.7834
 30
0.0
 11
3725.37
 21
43.5638
 31
0.0
  0
LINE
  8
0
 62
     0
 10
3725.37
 20
43.5638
 30
0.0
 11
3727.2
 21
39.7083
 31
0.0
  0
LINE
  8
0
 62
     0
 10
3727.2
 20
39.7083
 30
0.0
 11
3729.39
 21
36.2066
 31
0.0
  0
LINE
  8
0
 62
     0
 10
3729.39
 20
36.2066
 30
0.0
 11
3731.93
 21
33.0467
 31
0.0
  0
LINE
  8
0
 62
     0
 10
3731.93
 20
33.0467
 30
0.0
 11
3734.75
 21
30.219
 31
0.0
  0
LINE
  8
0
 62
     0
 10
3734.75
 20
30.219
 30
0.0
 11
3737.86
 21
27.7124
 31
0.0
  0
LINE
  8
0
 62
     0
 10
3737.86
 20
27.7124
 30
0.0
 11
3741.21
 21
25.5144
 31
0.0
  0
LINE
  8
0
 62
     0
 10
3741.21
 20
25.5144
 30
0.0
 11
3744.77
 21
23.6154
 31
0.0
  0
LINE
  8
0
 62
     0
 10
3744.77
 20
23.6154
 30
0.0
 11
3748.51
 21
22.0059
 31
0.0
  0
LINE
  8
0
 62
     0
 10
3748.51
 20
22.0059
 30
0.0
 11
3752.46
 21
20.6733
 31
0.0
  0
LINE
  8
0
 62
     0
 10
3752.46
 20
20.6733
 30
0.0
 11
3756.52
 21
19.6081
 31
0.0
  0
LINE
  8
0
 62
     0
 10
3756.52
 20
19.6081
 30
0.0
 11
3760.68
 21
18.7978
 31
0.0
  0
LINE
  8
0
 62
     0
 10
3760.68
 20
18.7978
 30
0.0
 11
3764.95
 21
18.2314
 31
0.0
  0
LINE
  8
0
 62
     0
 10
3764.95
 20
18.2314
 30
0.0
 11
3769.25
 21
17.9007
 31
0.0
  0
LINE
  8
0
 62
     0
 10
3769.25
 20
17.9007
 30
0.0
 11
3772.5
 21
17.7919
 31
0.0
  0
LINE
  8
0
 62
     0
 10
3772.5
 20
17.7919
 30
0.0
 11
3773.59
 21
17.7919
 31
0.0
  0
LINE
  8
0
 62
     0
 10
3773.59
 20
17.7919
 30
0.0
 11
3775.39
 21
17.7919
 31
0.0
  0
LINE
  8
0
 62
     0
 10
3775.39
 20
17.7919
 30
0.0
 11
3780.68
 21
18.0592
 31
0.0
  0
LINE
  8
0
 62
     0
 10
3780.68
 20
18.0592
 30
0.0
 11
3787.28
 21
18.8571
 31
0.0
  0
LINE
  8
0
 62
     0
 10
3787.28
 20
18.8571
 30
0.0
 11
3793.35
 21
20.1814
 31
0.0
  0
LINE
  8
0
 62
     0
 10
3793.35
 20
20.1814
 30
0.0
 11
3798.89
 21
22.0279
 31
0.0
  0
LINE
  8
0
 62
     0
 10
3798.89
 20
22.0279
 30
0.0
 11
3803.93
 21
24.3913
 31
0.0
  0
LINE
  8
0
 62
     0
 10
3803.93
 20
24.3913
 30
0.0
 11
3808.52
 21
27.2673
 31
0.0
  0
LINE
  8
0
 62
     0
 10
3808.52
 20
27.2673
 30
0.0
 11
3812.58
 21
30.6531
 31
0.0
  0
LINE
  8
0
 62
     0
 10
3812.58
 20
30.6531
 30
0.0
 11
3816.21
 21
34.5419
 31
0.0
  0
LINE
  8
0
 62
     0
 10
3816.21
 20
34.5419
 30
0.0
 11
3819.35
 21
38.9322
 31
0.0
  0
LINE
  8
0
 62
     0
 10
3819.35
 20
38.9322
 30
0.0
 11
3822.07
 21
43.8161
 31
0.0
  0
LINE
  8
0
 62
     0
 10
3822.07
 20
43.8161
 30
0.0
 11
3824.32
 21
49.1917
 31
0.0
  0
LINE
  8
0
 62
     0
 10
3824.32
 20
49.1917
 30
0.0
 11
3826.16
 21
55.0541
 31
0.0
  0
LINE
  8
0
 62
     0
 10
3826.16
 20
55.0541
 30
0.0
 11
3827.57
 21
61.3971
 31
0.0
  0
LINE
  8
0
 62
     0
 10
3827.57
 20
61.3971
 30
0.0
 11
3828.56
 21
68.2184
 31
0.0
  0
LINE
  8
0
 62
     0
 10
3828.56
 20
68.2184
 30
0.0
 11
3829.16
 21
75.5138
 31
0.0
  0
LINE
  8
0
 62
     0
 10
3829.16
 20
75.5138
 30
0.0
 11
3829.33
 21
81.3361
 31
0.0
  0
LINE
  8
0
 62
     0
 10
3829.33
 20
81.3361
 30
0.0
 11
3829.33
 21
83.2764
 31
0.0
  0
LINE
  8
0
 62
     0
 10
3829.33
 20
83.2764
 30
0.0
 11
3829.33
 21
106.783
 31
0.0
  0
LINE
  8
0
 62
     0
 10
3829.33
 20
106.783
 30
0.0
 11
3828.66
 21
106.783
 31
0.0
  0
LINE
  8
0
 62
     0
 10
3828.66
 20
106.783
 30
0.0
 11
3827.78
 21
104.798
 31
0.0
  0
LINE
  8
0
 62
     0
 10
3827.78
 20
104.798
 30
0.0
 11
3824.53
 21
99.0836
 31
0.0
  0
LINE
  8
0
 62
     0
 10
3824.53
 20
99.0836
 30
0.0
 11
3819.49
 21
92.1551
 31
0.0
  0
LINE
  8
0
 62
     0
 10
3819.49
 20
92.1551
 30
0.0
 11
3813.6
 21
86.0764
 31
0.0
  0
LINE
  8
0
 62
     0
 10
3813.6
 20
86.0764
 30
0.0
 11
3806.93
 21
80.9255
 31
0.0
  0
LINE
  8
0
 62
     0
 10
3806.93
 20
80.9255
 30
0.0
 11
3799.52
 21
76.7814
 31
0.0
  0
LINE
  8
0
 62
     0
 10
3799.52
 20
76.7814
 30
0.0
 11
3791.48
 21
73.7249
 31
0.0
  0
LINE
  8
0
 62
     0
 10
3791.48
 20
73.7249
 30
0.0
 11
3782.8
 21
71.833
 31
0.0
  0
LINE
  8
0
 62
     0
 10
3782.8
 20
71.833
 30
0.0
 11
3775.89
 21
71.1839
 31
0.0
  0
LINE
  8
0
 62
     0
 10
3775.89
 20
71.1839
 30
0.0
 11
3773.59
 21
71.1839
 31
0.0
  0
LINE
  8
0
 62
     0
 10
3773.59
 20
71.1839
 30
0.0
 11
3771.09
 21
71.1839
 31
0.0
  0
LINE
  8
0
 62
     0
 10
3771.09
 20
71.1839
 30
0.0
 11
3763.57
 21
71.6372
 31
0.0
  0
LINE
  8
0
 62
     0
 10
3763.57
 20
71.6372
 30
0.0
 11
3754.33
 21
72.97
 31
0.0
  0
LINE
  8
0
 62
     0
 10
3754.33
 20
72.97
 30
0.0
 11
3745.79
 21
75.1374
 31
0.0
  0
LINE
  8
0
 62
     0
 10
3745.79
 20
75.1374
 30
0.0
 11
3738
 21
78.099
 31
0.0
  0
LINE
  8
0
 62
     0
 10
3738
 20
78.099
 30
0.0
 11
3730.91
 21
81.8127
 31
0.0
  0
LINE
  8
0
 62
     0
 10
3730.91
 20
81.8127
 30
0.0
 11
3724.49
 21
86.2348
 31
0.0
  0
LINE
  8
0
 62
     0
 10
3724.49
 20
86.2348
 30
0.0
 11
3718.77
 21
91.3239
 31
0.0
  0
LINE
  8
0
 62
     0
 10
3718.77
 20
91.3239
 30
0.0
 11
3713.69
 21
97.0372
 31
0.0
  0
LINE
  8
0
 62
     0
 10
3713.69
 20
97.0372
 30
0.0
 11
3709.28
 21
103.334
 31
0.0
  0
LINE
  8
0
 62
     0
 10
3709.28
 20
103.334
 30
0.0
 11
3705.51
 21
110.17
 31
0.0
  0
LINE
  8
0
 62
     0
 10
3705.51
 20
110.17
 30
0.0
 11
3702.37
 21
117.504
 31
0.0
  0
LINE
  8
0
 62
     0
 10
3702.37
 20
117.504
 30
0.0
 11
3699.79
 21
125.294
 31
0.0
  0
LINE
  8
0
 62
     0
 10
3699.79
 20
125.294
 30
0.0
 11
3697.85
 21
133.497
 31
0.0
  0
LINE
  8
0
 62
     0
 10
3697.85
 20
133.497
 30
0.0
 11
3696.44
 21
142.07
 31
0.0
  0
LINE
  8
0
 62
     0
 10
3696.44
 20
142.07
 30
0.0
 11
3695.63
 21
150.974
 31
0.0
  0
LINE
  8
0
 62
     0
 10
3695.63
 20
150.974
 30
0.0
 11
3695.38
 21
157.865
 31
0.0
  0
LINE
  8
0
 62
     0
 10
3695.38
 20
157.865
 30
0.0
 11
3695.38
 21
160.161
 31
0.0
  0
LINE
  8
0
 62
     0
 10
3695.38
 20
160.161
 30
0.0
 11
3695.38
 21
162.372
 31
0.0
  0
LINE
  8
0
 62
     0
 10
3695.38
 20
162.372
 30
0.0
 11
3695.7
 21
169.001
 31
0.0
  0
LINE
  8
0
 62
     0
 10
3695.7
 20
169.001
 30
0.0
 11
3696.69
 21
177.606
 31
0.0
  0
LINE
  8
0
 62
     0
 10
3696.69
 20
177.606
 30
0.0
 11
3698.31
 21
185.929
 31
0.0
  0
LINE
  8
0
 62
     0
 10
3698.31
 20
185.929
 30
0.0
 11
3700.57
 21
193.923
 31
0.0
  0
LINE
  8
0
 62
     0
 10
3700.57
 20
193.923
 30
0.0
 11
3703.43
 21
201.544
 31
0.0
  0
LINE
  8
0
 62
     0
 10
3703.43
 20
201.544
 30
0.0
 11
3706.92
 21
208.745
 31
0.0
  0
LINE
  8
0
 62
     0
 10
3706.92
 20
208.745
 30
0.0
 11
3711.01
 21
215.478
 31
0.0
  0
LINE
  8
0
 62
     0
 10
3711.01
 20
215.478
 30
0.0
 11
3715.74
 21
221.7
 31
0.0
  0
LINE
  8
0
 62
     0
 10
3715.74
 20
221.7
 30
0.0
 11
3720.99
 21
227.362
 31
0.0
  0
LINE
  8
0
 62
     0
 10
3720.99
 20
227.362
 30
0.0
 11
3726.85
 21
232.42
 31
0.0
  0
LINE
  8
0
 62
     0
 10
3726.85
 20
232.42
 30
0.0
 11
3733.27
 21
236.825
 31
0.0
  0
LINE
  8
0
 62
     0
 10
3733.27
 20
236.825
 30
0.0
 11
3740.26
 21
240.535
 31
0.0
  0
LINE
  8
0
 62
     0
 10
3740.26
 20
240.535
 30
0.0
 11
3747.81
 21
243.499
 31
0.0
  0
LINE
  8
0
 62
     0
 10
3747.81
 20
243.499
 30
0.0
 11
3755.88
 21
245.675
 31
0.0
  0
LINE
  8
0
 62
     0
 10
3755.88
 20
245.675
 30
0.0
 11
3764.49
 21
247.013
 31
0.0
  0
LINE
  8
0
 62
     0
 10
3764.49
 20
247.013
 30
0.0
 11
3771.34
 21
247.469
 31
0.0
  0
LINE
  8
0
 62
     0
 10
3771.34
 20
247.469
 30
0.0
 11
3773.59
 21
247.469
 31
0.0
  0
LINE
  8
0
 62
     0
 10
3773.59
 20
247.469
 30
0.0
 11
3775.92
 21
247.469
 31
0.0
  0
LINE
  8
0
 62
     0
 10
3775.92
 20
247.469
 30
0.0
 11
3782.94
 21
246.754
 31
0.0
  0
LINE
  8
0
 62
     0
 10
3782.94
 20
246.754
 30
0.0
 11
3791.8
 21
244.706
 31
0.0
  0
LINE
  8
0
 62
     0
 10
3791.8
 20
244.706
 30
0.0
 11
3800.02
 21
241.468
 31
0.0
  0
LINE
  8
0
 62
     0
 10
3800.02
 20
241.468
 30
0.0
 11
3807.57
 21
237.189
 31
0.0
  0
LINE
  8
0
 62
     0
 10
3807.57
 20
237.189
 30
0.0
 11
3814.3
 21
232.012
 31
0.0
  0
LINE
  8
0
 62
     0
 10
3814.3
 20
232.012
 30
0.0
 11
3820.12
 21
226.084
 31
0.0
  0
LINE
  8
0
 62
     0
 10
3820.12
 20
226.084
 30
0.0
 11
3824.96
 21
219.548
 31
0.0
  0
LINE
  8
0
 62
     0
 10
3824.96
 20
219.548
 30
0.0
 11
3827.89
 21
214.362
 31
0.0
  0
LINE
  8
0
 62
     0
 10
3827.89
 20
214.362
 30
0.0
 11
3828.66
 21
212.551
 31
0.0
  0
LINE
  8
0
 62
     0
 10
3828.66
 20
212.551
 30
0.0
 11
3829.33
 21
212.551
 31
0.0
  0
LINE
  8
0
 62
     0
 10
3829.33
 20
212.551
 30
0.0
 11
3829.33
 21
242.437
 31
0.0
  0
LINE
  8
0
 62
     0
 10
3829.33
 20
242.437
 30
0.0
 11
3850.5
 21
242.437
 31
0.0
  0
LINE
  8
0
 62
     0
 10
3850.5
 20
242.437
 30
0.0
 11
3850.5
 21
83.2764
 31
0.0
  0
LINE
  8
0
 62
     0
 10
4014.68
 20
242.437
 30
0.0
 11
4038.14
 21
242.437
 31
0.0
  0
LINE
  8
0
 62
     0
 10
4038.14
 20
242.437
 30
0.0
 11
4092.58
 21
90.3249
 31
0.0
  0
LINE
  8
0
 62
     0
 10
4092.58
 20
90.3249
 30
0.0
 11
4093.25
 21
90.3249
 31
0.0
  0
LINE
  8
0
 62
     0
 10
4093.25
 20
90.3249
 30
0.0
 11
4146.97
 21
242.437
 31
0.0
  0
LINE
  8
0
 62
     0
 10
4146.97
 20
242.437
 30
0.0
 11
4168.81
 21
242.437
 31
0.0
  0
LINE
  8
0
 62
     0
 10
4168.81
 20
242.437
 30
0.0
 11
4104.01
 21
69.1677
 31
0.0
  0
LINE
  8
0
 62
     0
 10
4104.01
 20
69.1677
 30
0.0
 11
4081.5
 21
69.1677
 31
0.0
  0
LINE
  8
0
 62
     0
 10
4081.5
 20
69.1677
 30
0.0
 11
4014.68
 21
242.437
 31
0.0
  0
LINE
  8
0
 62
     0
 10
4214.78
 20
242.437
 30
0.0
 11
4235.94
 21
242.437
 31
0.0
  0
LINE
  8
0
 62
     0
 10
4235.94
 20
242.437
 30
0.0
 11
4235.94
 21
69.1677
 31
0.0
  0
LINE
  8
0
 62
     0
 10
4235.94
 20
69.1677
 30
0.0
 11
4214.78
 21
69.1677
 31
0.0
  0
LINE
  8
0
 62
     0
 10
4214.78
 20
69.1677
 30
0.0
 11
4214.78
 21
242.437
 31
0.0
  0
LINE
  8
0
 62
     0
 10
4214.78
 20
308.922
 30
0.0
 11
4235.94
 21
308.922
 31
0.0
  0
LINE
  8
0
 62
     0
 10
4235.94
 20
308.922
 30
0.0
 11
4235.94
 21
275.005
 31
0.0
  0
LINE
  8
0
 62
     0
 10
4235.94
 20
275.005
 30
0.0
 11
4214.78
 21
275.005
 31
0.0
  0
LINE
  8
0
 62
     0
 10
4214.78
 20
275.005
 30
0.0
 11
4214.78
 21
308.922
 31
0.0
  0
LINE
  8
0
 62
     0
 10
4405.49
 20
191.728
 30
0.0
 11
4405.45
 21
192.916
 31
0.0
  0
LINE
  8
0
 62
     0
 10
4405.45
 20
192.916
 30
0.0
 11
4405.07
 21
196.471
 31
0.0
  0
LINE
  8
0
 62
     0
 10
4405.07
 20
196.471
 30
0.0
 11
4404.25
 21
200.878
 31
0.0
  0
LINE
  8
0
 62
     0
 10
4404.25
 20
200.878
 30
0.0
 11
4403.02
 21
204.956
 31
0.0
  0
LINE
  8
0
 62
     0
 10
4403.02
 20
204.956
 30
0.0
 11
4401.4
 21
208.707
 31
0.0
  0
LINE
  8
0
 62
     0
 10
4401.4
 20
208.707
 30
0.0
 11
4399.39
 21
212.135
 31
0.0
  0
LINE
  8
0
 62
     0
 10
4399.39
 20
212.135
 30
0.0
 11
4397.09
 21
215.246
 31
0.0
  0
LINE
  8
0
 62
     0
 10
4397.09
 20
215.246
 30
0.0
 11
4394.45
 21
218.04
 31
0.0
  0
LINE
  8
0
 62
     0
 10
4394.45
 20
218.04
 30
0.0
 11
4391.52
 21
220.523
 31
0.0
  0
LINE
  8
0
 62
     0
 10
4391.52
 20
220.523
 30
0.0
 11
4388.31
 21
222.7
 31
0.0
  0
LINE
  8
0
 62
     0
 10
4388.31
 20
222.7
 30
0.0
 11
4384.85
 21
224.575
 31
0.0
  0
LINE
  8
0
 62
     0
 10
4384.85
 20
224.575
 30
0.0
 11
4381.18
 21
226.15
 31
0.0
  0
LINE
  8
0
 62
     0
 10
4381.18
 20
226.15
 30
0.0
 11
4377.3
 21
227.43
 31
0.0
  0
LINE
  8
0
 62
     0
 10
4377.3
 20
227.43
 30
0.0
 11
4373.24
 21
228.419
 31
0.0
  0
LINE
  8
0
 62
     0
 10
4373.24
 20
228.419
 30
0.0
 11
4369.01
 21
229.121
 31
0.0
  0
LINE
  8
0
 62
     0
 10
4369.01
 20
229.121
 30
0.0
 11
4364.64
 21
229.538
 31
0.0
  0
LINE
  8
0
 62
     0
 10
4364.64
 20
229.538
 30
0.0
 11
4361.29
 21
229.676
 31
0.0
  0
LINE
  8
0
 62
     0
 10
4361.29
 20
229.676
 30
0.0
 11
4360.16
 21
229.676
 31
0.0
  0
LINE
  8
0
 62
     0
 10
4360.16
 20
229.676
 30
0.0
 11
4359.28
 21
229.676
 31
0.0
  0
LINE
  8
0
 62
     0
 10
4359.28
 20
229.676
 30
0.0
 11
4356.59
 21
229.588
 31
0.0
  0
LINE
  8
0
 62
     0
 10
4356.59
 20
229.588
 30
0.0
 11
4353
 21
229.315
 31
0.0
  0
LINE
  8
0
 62
     0
 10
4353
 20
229.315
 30
0.0
 11
4349.4
 21
228.847
 31
0.0
  0
LINE
  8
0
 62
     0
 10
4349.4
 20
228.847
 30
0.0
 11
4345.83
 21
228.17
 31
0.0
  0
LINE
  8
0
 62
     0
 10
4345.83
 20
228.17
 30
0.0
 11
4342.34
 21
227.276
 31
0.0
  0
LINE
  8
0
 62
     0
 10
4342.34
 20
227.276
 30
0.0
 11
4338.92
 21
226.151
 31
0.0
  0
LINE
  8
0
 62
     0
 10
4338.92
 20
226.151
 30
0.0
 11
4335.67
 21
224.786
 31
0.0
  0
LINE
  8
0
 62
     0
 10
4335.67
 20
224.786
 30
0.0
 11
4332.64
 21
223.168
 31
0.0
  0
LINE
  8
0
 62
     0
 10
4332.64
 20
223.168
 30
0.0
 11
4329.78
 21
221.287
 31
0.0
  0
LINE
  8
0
 62
     0
 10
4329.78
 20
221.287
 30
0.0
 11
4327.21
 21
219.131
 31
0.0
  0
LINE
  8
0
 62
     0
 10
4327.21
 20
219.131
 30
0.0
 11
4324.91
 21
216.69
 31
0.0
  0
LINE
  8
0
 62
     0
 10
4324.91
 20
216.69
 30
0.0
 11
4322.94
 21
213.95
 31
0.0
  0
LINE
  8
0
 62
     0
 10
4322.94
 20
213.95
 30
0.0
 11
4321.35
 21
210.9
 31
0.0
  0
LINE
  8
0
 62
     0
 10
4321.35
 20
210.9
 30
0.0
 11
4320.19
 21
207.532
 31
0.0
  0
LINE
  8
0
 62
     0
 10
4320.19
 20
207.532
 30
0.0
 11
4319.45
 21
203.834
 31
0.0
  0
LINE
  8
0
 62
     0
 10
4319.45
 20
203.834
 30
0.0
 11
4319.2
 21
200.802
 31
0.0
  0
LINE
  8
0
 62
     0
 10
4319.2
 20
200.802
 30
0.0
 11
4319.2
 21
199.791
 31
0.0
  0
LINE
  8
0
 62
     0
 10
4319.2
 20
199.791
 30
0.0
 11
4319.2
 21
198.959
 31
0.0
  0
LINE
  8
0
 62
     0
 10
4319.2
 20
198.959
 30
0.0
 11
4319.45
 21
196.46
 31
0.0
  0
LINE
  8
0
 62
     0
 10
4319.45
 20
196.46
 30
0.0
 11
4320.15
 21
193.383
 31
0.0
  0
LINE
  8
0
 62
     0
 10
4320.15
 20
193.383
 30
0.0
 11
4321.25
 21
190.552
 31
0.0
  0
LINE
  8
0
 62
     0
 10
4321.25
 20
190.552
 30
0.0
 11
4322.73
 21
187.952
 31
0.0
  0
LINE
  8
0
 62
     0
 10
4322.73
 20
187.952
 30
0.0
 11
4324.56
 21
185.573
 31
0.0
  0
LINE
  8
0
 62
     0
 10
4324.56
 20
185.573
 30
0.0
 11
4326.68
 21
183.403
 31
0.0
  0
LINE
  8
0
 62
     0
 10
4326.68
 20
183.403
 30
0.0
 11
4329.04
 21
181.43
 31
0.0
  0
LINE
  8
0
 62
     0
 10
4329.04
 20
181.43
 30
0.0
 11
4331.62
 21
179.641
 31
0.0
  0
LINE
  8
0
 62
     0
 10
4331.62
 20
179.641
 30
0.0
 11
4334.37
 21
178.026
 31
0.0
  0
LINE
  8
0
 62
     0
 10
4334.37
 20
178.026
 30
0.0
 11
4337.26
 21
176.572
 31
0.0
  0
LINE
  8
0
 62
     0
 10
4337.26
 20
176.572
 30
0.0
 11
4340.26
 21
175.267
 31
0.0
  0
LINE
  8
0
 62
     0
 10
4340.26
 20
175.267
 30
0.0
 11
4343.26
 21
174.1
 31
0.0
  0
LINE
  8
0
 62
     0
 10
4343.26
 20
174.1
 30
0.0
 11
4346.33
 21
173.06
 31
0.0
  0
LINE
  8
0
 62
     0
 10
4346.33
 20
173.06
 30
0.0
 11
4349.33
 21
172.132
 31
0.0
  0
LINE
  8
0
 62
     0
 10
4349.33
 20
172.132
 30
0.0
 11
4352.29
 21
171.307
 31
0.0
  0
LINE
  8
0
 62
     0
 10
4352.29
 20
171.307
 30
0.0
 11
4354.41
 21
170.75
 31
0.0
  0
LINE
  8
0
 62
     0
 10
4354.41
 20
170.75
 30
0.0
 11
4355.11
 21
170.572
 31
0.0
  0
LINE
  8
0
 62
     0
 10
4355.11
 20
170.572
 30
0.0
 11
4383.33
 21
164.192
 31
0.0
  0
LINE
  8
0
 62
     0
 10
4383.33
 20
164.192
 30
0.0
 11
4384.46
 21
164.018
 31
0.0
  0
LINE
  8
0
 62
     0
 10
4384.46
 20
164.018
 30
0.0
 11
4387.89
 21
163.376
 31
0.0
  0
LINE
  8
0
 62
     0
 10
4387.89
 20
163.376
 30
0.0
 11
4392.4
 21
162.308
 31
0.0
  0
LINE
  8
0
 62
     0
 10
4392.4
 20
162.308
 30
0.0
 11
4396.88
 21
160.978
 31
0.0
  0
LINE
  8
0
 62
     0
 10
4396.88
 20
160.978
 30
0.0
 11
4401.26
 21
159.38
 31
0.0
  0
LINE
  8
0
 62
     0
 10
4401.26
 20
159.38
 30
0.0
 11
4405.49
 21
157.506
 31
0.0
  0
LINE
  8
0
 62
     0
 10
4405.49
 20
157.506
 30
0.0
 11
4409.58
 21
155.345
 31
0.0
  0
LINE
  8
0
 62
     0
 10
4409.58
 20
155.345
 30
0.0
 11
4413.46
 21
152.889
 31
0.0
  0
LINE
  8
0
 62
     0
 10
4413.46
 20
152.889
 30
0.0
 11
4417.06
 21
150.132
 31
0.0
  0
LINE
  8
0
 62
     0
 10
4417.06
 20
150.132
 30
0.0
 11
4420.41
 21
147.064
 31
0.0
  0
LINE
  8
0
 62
     0
 10
4420.41
 20
147.064
 30
0.0
 11
4423.45
 21
143.677
 31
0.0
  0
LINE
  8
0
 62
     0
 10
4423.45
 20
143.677
 30
0.0
 11
4426.13
 21
139.962
 31
0.0
  0
LINE
  8
0
 62
     0
 10
4426.13
 20
139.962
 30
0.0
 11
4428.38
 21
135.91
 31
0.0
  0
LINE
  8
0
 62
     0
 10
4428.38
 20
135.91
 30
0.0
 11
4430.22
 21
131.516
 31
0.0
  0
LINE
  8
0
 62
     0
 10
4430.22
 20
131.516
 30
0.0
 11
4431.56
 21
126.769
 31
0.0
  0
LINE
  8
0
 62
     0
 10
4431.56
 20
126.769
 30
0.0
 11
4432.41
 21
121.659
 31
0.0
  0
LINE
  8
0
 62
     0
 10
4432.41
 20
121.659
 30
0.0
 11
4432.69
 21
117.549
 31
0.0
  0
LINE
  8
0
 62
     0
 10
4432.69
 20
117.549
 30
0.0
 11
4432.69
 21
116.18
 31
0.0
  0
LINE
  8
0
 62
     0
 10
4432.69
 20
116.18
 30
0.0
 11
4432.69
 21
114.485
 31
0.0
  0
LINE
  8
0
 62
     0
 10
4432.69
 20
114.485
 30
0.0
 11
4432.26
 21
109.397
 31
0.0
  0
LINE
  8
0
 62
     0
 10
4432.26
 20
109.397
 30
0.0
 11
4431.03
 21
103.145
 31
0.0
  0
LINE
  8
0
 62
     0
 10
4431.03
 20
103.145
 30
0.0
 11
4429.05
 21
97.4108
 31
0.0
  0
LINE
  8
0
 62
     0
 10
4429.05
 20
97.4108
 30
0.0
 11
4426.37
 21
92.1798
 31
0.0
  0
LINE
  8
0
 62
     0
 10
4426.37
 20
92.1798
 30
0.0
 11
4423.06
 21
87.442
 31
0.0
  0
LINE
  8
0
 62
     0
 10
4423.06
 20
87.442
 30
0.0
 11
4419.21
 21
83.1839
 31
0.0
  0
LINE
  8
0
 62
     0
 10
4419.21
 20
83.1839
 30
0.0
 11
4414.84
 21
79.3916
 31
0.0
  0
LINE
  8
0
 62
     0
 10
4414.84
 20
79.3916
 30
0.0
 11
4410.04
 21
76.0539
 31
0.0
  0
LINE
  8
0
 62
     0
 10
4410.04
 20
76.0539
 30
0.0
 11
4404.85
 21
73.1559
 31
0.0
  0
LINE
  8
0
 62
     0
 10
4404.85
 20
73.1559
 30
0.0
 11
4399.35
 21
70.6864
 31
0.0
  0
LINE
  8
0
 62
     0
 10
4399.35
 20
70.6864
 30
0.0
 11
4393.6
 21
68.6319
 31
0.0
  0
LINE
  8
0
 62
     0
 10
4393.6
 20
68.6319
 30
0.0
 11
4387.64
 21
66.9794
 31
0.0
  0
LINE
  8
0
 62
     0
 10
4387.64
 20
66.9794
 30
0.0
 11
4381.57
 21
65.7172
 31
0.0
  0
LINE
  8
0
 62
     0
 10
4381.57
 20
65.7172
 30
0.0
 11
4375.43
 21
64.831
 31
0.0
  0
LINE
  8
0
 62
     0
 10
4375.43
 20
64.831
 30
0.0
 11
4369.26
 21
64.3089
 31
0.0
  0
LINE
  8
0
 62
     0
 10
4369.26
 20
64.3089
 30
0.0
 11
4364.71
 21
64.1368
 31
0.0
  0
LINE
  8
0
 62
     0
 10
4364.71
 20
64.1368
 30
0.0
 11
4363.19
 21
64.1368
 31
0.0
  0
LINE
  8
0
 62
     0
 10
4363.19
 20
64.1368
 30
0.0
 11
4361.32
 21
64.1368
 31
0.0
  0
LINE
  8
0
 62
     0
 10
4361.32
 20
64.1368
 30
0.0
 11
4355.71
 21
64.3544
 31
0.0
  0
LINE
  8
0
 62
     0
 10
4355.71
 20
64.3544
 30
0.0
 11
4348.62
 21
65.0145
 31
0.0
  0
LINE
  8
0
 62
     0
 10
4348.62
 20
65.0145
 30
0.0
 11
4341.85
 21
66.1226
 31
0.0
  0
LINE
  8
0
 62
     0
 10
4341.85
 20
66.1226
 30
0.0
 11
4335.43
 21
67.6878
 31
0.0
  0
LINE
  8
0
 62
     0
 10
4335.43
 20
67.6878
 30
0.0
 11
4329.43
 21
69.7205
 31
0.0
  0
LINE
  8
0
 62
     0
 10
4329.43
 20
69.7205
 30
0.0
 11
4323.79
 21
72.227
 31
0.0
  0
LINE
  8
0
 62
     0
 10
4323.79
 20
72.227
 30
0.0
 11
4318.56
 21
75.2175
 31
0.0
  0
LINE
  8
0
 62
     0
 10
4318.56
 20
75.2175
 30
0.0
 11
4313.73
 21
78.6984
 31
0.0
  0
LINE
  8
0
 62
     0
 10
4313.73
 20
78.6984
 30
0.0
 11
4309.36
 21
82.6795
 31
0.0
  0
LINE
  8
0
 62
     0
 10
4309.36
 20
82.6795
 30
0.0
 11
4305.44
 21
87.1679
 31
0.0
  0
LINE
  8
0
 62
     0
 10
4305.44
 20
87.1679
 30
0.0
 11
4301.95
 21
92.1741
 31
0.0
  0
LINE
  8
0
 62
     0
 10
4301.95
 20
92.1741
 30
0.0
 11
4298.99
 21
97.7043
 31
0.0
  0
LINE
  8
0
 62
     0
 10
4298.99
 20
97.7043
 30
0.0
 11
4296.45
 21
103.769
 31
0.0
  0
LINE
  8
0
 62
     0
 10
4296.45
 20
103.769
 30
0.0
 11
4294.47
 21
110.374
 31
0.0
  0
LINE
  8
0
 62
     0
 10
4294.47
 20
110.374
 30
0.0
 11
4292.95
 21
117.53
 31
0.0
  0
LINE
  8
0
 62
     0
 10
4292.95
 20
117.53
 30
0.0
 11
4292.18
 21
123.31
 31
0.0
  0
LINE
  8
0
 62
     0
 10
4292.18
 20
123.31
 30
0.0
 11
4292
 21
125.243
 31
0.0
  0
LINE
  8
0
 62
     0
 10
4292
 20
125.243
 30
0.0
 11
4313.17
 21
125.243
 31
0.0
  0
LINE
  8
0
 62
     0
 10
4313.17
 20
125.243
 30
0.0
 11
4313.24
 21
123.944
 31
0.0
  0
LINE
  8
0
 62
     0
 10
4313.24
 20
123.944
 30
0.0
 11
4313.7
 21
120.055
 31
0.0
  0
LINE
  8
0
 62
     0
 10
4313.7
 20
120.055
 30
0.0
 11
4314.68
 21
115.189
 31
0.0
  0
LINE
  8
0
 62
     0
 10
4314.68
 20
115.189
 30
0.0
 11
4316.06
 21
110.649
 31
0.0
  0
LINE
  8
0
 62
     0
 10
4316.06
 20
110.649
 30
0.0
 11
4317.86
 21
106.437
 31
0.0
  0
LINE
  8
0
 62
     0
 10
4317.86
 20
106.437
 30
0.0
 11
4320.05
 21
102.552
 31
0.0
  0
LINE
  8
0
 62
     0
 10
4320.05
 20
102.552
 30
0.0
 11
4322.59
 21
98.9983
 31
0.0
  0
LINE
  8
0
 62
     0
 10
4322.59
 20
98.9983
 30
0.0
 11
4325.51
 21
95.7749
 31
0.0
  0
LINE
  8
0
 62
     0
 10
4325.51
 20
95.7749
 30
0.0
 11
4328.72
 21
92.8853
 31
0.0
  0
LINE
  8
0
 62
     0
 10
4328.72
 20
92.8853
 30
0.0
 11
4332.25
 21
90.3291
 31
0.0
  0
LINE
  8
0
 62
     0
 10
4332.25
 20
90.3291
 30
0.0
 11
4336.1
 21
88.1091
 31
0.0
  0
LINE
  8
0
 62
     0
 10
4336.1
 20
88.1091
 30
0.0
 11
4340.19
 21
86.2281
 31
0.0
  0
LINE
  8
0
 62
     0
 10
4340.19
 20
86.2281
 30
0.0
 11
4344.56
 21
84.6847
 31
0.0
  0
LINE
  8
0
 62
     0
 10
4344.56
 20
84.6847
 30
0.0
 11
4349.15
 21
83.4817
 31
0.0
  0
LINE
  8
0
 62
     0
 10
4349.15
 20
83.4817
 30
0.0
 11
4353.98
 21
82.6202
 31
0.0
  0
LINE
  8
0
 62
     0
 10
4353.98
 20
82.6202
 30
0.0
 11
4358.99
 21
82.102
 31
0.0
  0
LINE
  8
0
 62
     0
 10
4358.99
 20
82.102
 30
0.0
 11
4362.91
 21
81.9284
 31
0.0
  0
LINE
  8
0
 62
     0
 10
4362.91
 20
81.9284
 30
0.0
 11
4364.18
 21
81.9284
 31
0.0
  0
LINE
  8
0
 62
     0
 10
4364.18
 20
81.9284
 30
0.0
 11
4365.17
 21
81.9284
 31
0.0
  0
LINE
  8
0
 62
     0
 10
4365.17
 20
81.9284
 30
0.0
 11
4368.06
 21
82.0332
 31
0.0
  0
LINE
  8
0
 62
     0
 10
4368.06
 20
82.0332
 30
0.0
 11
4372.01
 21
82.3517
 31
0.0
  0
LINE
  8
0
 62
     0
 10
4372.01
 20
82.3517
 30
0.0
 11
4376.03
 21
82.8947
 31
0.0
  0
LINE
  8
0
 62
     0
 10
4376.03
 20
82.8947
 30
0.0
 11
4380.09
 21
83.6704
 31
0.0
  0
LINE
  8
0
 62
     0
 10
4380.09
 20
83.6704
 30
0.0
 11
4384.11
 21
84.6914
 31
0.0
  0
LINE
  8
0
 62
     0
 10
4384.11
 20
84.6914
 30
0.0
 11
4388.03
 21
85.9663
 31
0.0
  0
LINE
  8
0
 62
     0
 10
4388.03
 20
85.9663
 30
0.0
 11
4391.8
 21
87.5041
 31
0.0
  0
LINE
  8
0
 62
     0
 10
4391.8
 20
87.5041
 30
0.0
 11
4395.43
 21
89.3163
 31
0.0
  0
LINE
  8
0
 62
     0
 10
4395.43
 20
89.3163
 30
0.0
 11
4398.79
 21
91.4107
 31
0.0
  0
LINE
  8
0
 62
     0
 10
4398.79
 20
91.4107
 30
0.0
 11
4401.86
 21
93.799
 31
0.0
  0
LINE
  8
0
 62
     0
 10
4401.86
 20
93.799
 30
0.0
 11
4404.61
 21
96.489
 31
0.0
  0
LINE
  8
0
 62
     0
 10
4404.61
 20
96.489
 30
0.0
 11
4406.97
 21
99.4929
 31
0.0
  0
LINE
  8
0
 62
     0
 10
4406.97
 20
99.4929
 30
0.0
 11
4408.88
 21
102.82
 31
0.0
  0
LINE
  8
0
 62
     0
 10
4408.88
 20
102.82
 30
0.0
 11
4410.32
 21
106.478
 31
0.0
  0
LINE
  8
0
 62
     0
 10
4410.32
 20
106.478
 30
0.0
 11
4411.24
 21
110.48
 31
0.0
  0
LINE
  8
0
 62
     0
 10
4411.24
 20
110.48
 30
0.0
 11
4411.52
 21
113.745
 31
0.0
  0
LINE
  8
0
 62
     0
 10
4411.52
 20
113.745
 30
0.0
 11
4411.52
 21
114.832
 31
0.0
  0
LINE
  8
0
 62
     0
 10
4411.52
 20
114.832
 30
0.0
 11
4411.52
 21
115.739
 31
0.0
  0
LINE
  8
0
 62
     0
 10
4411.52
 20
115.739
 30
0.0
 11
4411.31
 21
118.457
 31
0.0
  0
LINE
  8
0
 62
     0
 10
4411.31
 20
118.457
 30
0.0
 11
4410.67
 21
121.783
 31
0.0
  0
LINE
  8
0
 62
     0
 10
4410.67
 20
121.783
 30
0.0
 11
4409.69
 21
124.828
 31
0.0
  0
LINE
  8
0
 62
     0
 10
4409.69
 20
124.828
 30
0.0
 11
4408.31
 21
127.608
 31
0.0
  0
LINE
  8
0
 62
     0
 10
4408.31
 20
127.608
 30
0.0
 11
4406.58
 21
130.139
 31
0.0
  0
LINE
  8
0
 62
     0
 10
4406.58
 20
130.139
 30
0.0
 11
4404.57
 21
132.439
 31
0.0
  0
LINE
  8
0
 62
     0
 10
4404.57
 20
132.439
 30
0.0
 11
4402.28
 21
134.524
 31
0.0
  0
LINE
  8
0
 62
     0
 10
4402.28
 20
134.524
 30
0.0
 11
4399.74
 21
136.412
 31
0.0
  0
LINE
  8
0
 62
     0
 10
4399.74
 20
136.412
 30
0.0
 11
4396.99
 21
138.12
 31
0.0
  0
LINE
  8
0
 62
     0
 10
4396.99
 20
138.12
 30
0.0
 11
4394.02
 21
139.662
 31
0.0
  0
LINE
  8
0
 62
     0
 10
4394.02
 20
139.662
 30
0.0
 11
4390.88
 21
141.056
 31
0.0
  0
LINE
  8
0
 62
     0
 10
4390.88
 20
141.056
 30
0.0
 11
4387.6
 21
142.32
 31
0.0
  0
LINE
  8
0
 62
     0
 10
4387.6
 20
142.32
 30
0.0
 11
4384.22
 21
143.469
 31
0.0
  0
LINE
  8
0
 62
     0
 10
4384.22
 20
143.469
 30
0.0
 11
4380.72
 21
144.52
 31
0.0
  0
LINE
  8
0
 62
     0
 10
4380.72
 20
144.52
 30
0.0
 11
4377.2
 21
145.492
 31
0.0
  0
LINE
  8
0
 62
     0
 10
4377.2
 20
145.492
 30
0.0
 11
4374.52
 21
146.179
 31
0.0
  0
LINE
  8
0
 62
     0
 10
4374.52
 20
146.179
 30
0.0
 11
4373.6
 21
146.399
 31
0.0
  0
LINE
  8
0
 62
     0
 10
4373.6
 20
146.399
 30
0.0
 11
4346.4
 21
152.446
 31
0.0
  0
LINE
  8
0
 62
     0
 10
4346.4
 20
152.446
 30
0.0
 11
4345.13
 21
152.772
 31
0.0
  0
LINE
  8
0
 62
     0
 10
4345.13
 20
152.772
 30
0.0
 11
4341.32
 21
153.807
 31
0.0
  0
LINE
  8
0
 62
     0
 10
4341.32
 20
153.807
 30
0.0
 11
4336.42
 21
155.262
 31
0.0
  0
LINE
  8
0
 62
     0
 10
4336.42
 20
155.262
 30
0.0
 11
4331.69
 21
156.836
 31
0.0
  0
LINE
  8
0
 62
     0
 10
4331.69
 20
156.836
 30
0.0
 11
4327.21
 21
158.552
 31
0.0
  0
LINE
  8
0
 62
     0
 10
4327.21
 20
158.552
 30
0.0
 11
4322.97
 21
160.433
 31
0.0
  0
LINE
  8
0
 62
     0
 10
4322.97
 20
160.433
 30
0.0
 11
4318.99
 21
162.501
 31
0.0
  0
LINE
  8
0
 62
     0
 10
4318.99
 20
162.501
 30
0.0
 11
4315.28
 21
164.784
 31
0.0
  0
LINE
  8
0
 62
     0
 10
4315.28
 20
164.784
 30
0.0
 11
4311.9
 21
167.302
 31
0.0
  0
LINE
  8
0
 62
     0
 10
4311.9
 20
167.302
 30
0.0
 11
4308.83
 21
170.08
 31
0.0
  0
LINE
  8
0
 62
     0
 10
4308.83
 20
170.08
 30
0.0
 11
4306.08
 21
173.141
 31
0.0
  0
LINE
  8
0
 62
     0
 10
4306.08
 20
173.141
 30
0.0
 11
4303.71
 21
176.509
 31
0.0
  0
LINE
  8
0
 62
     0
 10
4303.71
 20
176.509
 30
0.0
 11
4301.74
 21
180.207
 31
0.0
  0
LINE
  8
0
 62
     0
 10
4301.74
 20
180.207
 30
0.0
 11
4300.15
 21
184.26
 31
0.0
  0
LINE
  8
0
 62
     0
 10
4300.15
 20
184.26
 30
0.0
 11
4298.99
 21
188.691
 31
0.0
  0
LINE
  8
0
 62
     0
 10
4298.99
 20
188.691
 30
0.0
 11
4298.28
 21
193.521
 31
0.0
  0
LINE
  8
0
 62
     0
 10
4298.28
 20
193.521
 30
0.0
 11
4298.03
 21
197.463
 31
0.0
  0
LINE
  8
0
 62
     0
 10
4298.03
 20
197.463
 30
0.0
 11
4298.03
 21
198.777
 31
0.0
  0
LINE
  8
0
 62
     0
 10
4298.03
 20
198.777
 30
0.0
 11
4298.03
 21
200.367
 31
0.0
  0
LINE
  8
0
 62
     0
 10
4298.03
 20
200.367
 30
0.0
 11
4298.42
 21
205.135
 31
0.0
  0
LINE
  8
0
 62
     0
 10
4298.42
 20
205.135
 30
0.0
 11
4299.58
 21
210.994
 31
0.0
  0
LINE
  8
0
 62
     0
 10
4299.58
 20
210.994
 30
0.0
 11
4301.42
 21
216.366
 31
0.0
  0
LINE
  8
0
 62
     0
 10
4301.42
 20
216.366
 30
0.0
 11
4303.92
 21
221.262
 31
0.0
  0
LINE
  8
0
 62
     0
 10
4303.92
 20
221.262
 30
0.0
 11
4306.99
 21
225.697
 31
0.0
  0
LINE
  8
0
 62
     0
 10
4306.99
 20
225.697
 30
0.0
 11
4310.59
 21
229.681
 31
0.0
  0
LINE
  8
0
 62
     0
 10
4310.59
 20
229.681
 30
0.0
 11
4314.65
 21
233.227
 31
0.0
  0
LINE
  8
0
 62
     0
 10
4314.65
 20
233.227
 30
0.0
 11
4319.16
 21
236.347
 31
0.0
  0
LINE
  8
0
 62
     0
 10
4319.16
 20
236.347
 30
0.0
 11
4324
 21
239.055
 31
0.0
  0
LINE
  8
0
 62
     0
 10
4324
 20
239.055
 30
0.0
 11
4329.15
 21
241.362
 31
0.0
  0
LINE
  8
0
 62
     0
 10
4329.15
 20
241.362
 30
0.0
 11
4334.55
 21
243.279
 31
0.0
  0
LINE
  8
0
 62
     0
 10
4334.55
 20
243.279
 30
0.0
 11
4340.12
 21
244.821
 31
0.0
  0
LINE
  8
0
 62
     0
 10
4340.12
 20
244.821
 30
0.0
 11
4345.83
 21
245.998
 31
0.0
  0
LINE
  8
0
 62
     0
 10
4345.83
 20
245.998
 30
0.0
 11
4351.62
 21
246.824
 31
0.0
  0
LINE
  8
0
 62
     0
 10
4351.62
 20
246.824
 30
0.0
 11
4357.41
 21
247.311
 31
0.0
  0
LINE
  8
0
 62
     0
 10
4357.41
 20
247.311
 30
0.0
 11
4361.74
 21
247.469
 31
0.0
  0
LINE
  8
0
 62
     0
 10
4361.74
 20
247.469
 30
0.0
 11
4363.19
 21
247.469
 31
0.0
  0
LINE
  8
0
 62
     0
 10
4363.19
 20
247.469
 30
0.0
 11
4364.78
 21
247.469
 31
0.0
  0
LINE
  8
0
 62
     0
 10
4364.78
 20
247.469
 30
0.0
 11
4369.61
 21
247.257
 31
0.0
  0
LINE
  8
0
 62
     0
 10
4369.61
 20
247.257
 30
0.0
 11
4375.86
 21
246.618
 31
0.0
  0
LINE
  8
0
 62
     0
 10
4375.86
 20
246.618
 30
0.0
 11
4381.85
 21
245.55
 31
0.0
  0
LINE
  8
0
 62
     0
 10
4381.85
 20
245.55
 30
0.0
 11
4387.6
 21
244.051
 31
0.0
  0
LINE
  8
0
 62
     0
 10
4387.6
 20
244.051
 30
0.0
 11
4393.04
 21
242.118
 31
0.0
  0
LINE
  8
0
 62
     0
 10
4393.04
 20
242.118
 30
0.0
 11
4398.15
 21
239.751
 31
0.0
  0
LINE
  8
0
 62
     0
 10
4398.15
 20
239.751
 30
0.0
 11
4402.95
 21
236.947
 31
0.0
  0
LINE
  8
0
 62
     0
 10
4402.95
 20
236.947
 30
0.0
 11
4407.39
 21
233.704
 31
0.0
  0
LINE
  8
0
 62
     0
 10
4407.39
 20
233.704
 30
0.0
 11
4411.42
 21
230.022
 31
0.0
  0
LINE
  8
0
 62
     0
 10
4411.42
 20
230.022
 30
0.0
 11
4415.05
 21
225.895
 31
0.0
  0
LINE
  8
0
 62
     0
 10
4415.05
 20
225.895
 30
0.0
 11
4418.22
 21
221.324
 31
0.0
  0
LINE
  8
0
 62
     0
 10
4418.22
 20
221.324
 30
0.0
 11
4420.94
 21
216.306
 31
0.0
  0
LINE
  8
0
 62
     0
 10
4420.94
 20
216.306
 30
0.0
 11
4423.16
 21
210.84
 31
0.0
  0
LINE
  8
0
 62
     0
 10
4423.16
 20
210.84
 30
0.0
 11
4424.86
 21
204.924
 31
0.0
  0
LINE
  8
0
 62
     0
 10
4424.86
 20
204.924
 30
0.0
 11
4426.06
 21
198.553
 31
0.0
  0
LINE
  8
0
 62
     0
 10
4426.06
 20
198.553
 30
0.0
 11
4426.58
 21
193.438
 31
0.0
  0
LINE
  8
0
 62
     0
 10
4426.58
 20
193.438
 30
0.0
 11
4426.66
 21
191.728
 31
0.0
  0
LINE
  8
0
 62
     0
 10
4426.66
 20
191.728
 30
0.0
 11
4405.49
 21
191.728
 31
0.0
  0
LINE
  8
0
 62
     0
 10
4488.74
 20
242.437
 30
0.0
 11
4509.91
 21
242.437
 31
0.0
  0
LINE
  8
0
 62
     0
 10
4509.91
 20
242.437
 30
0.0
 11
4509.91
 21
69.1677
 31
0.0
  0
LINE
  8
0
 62
     0
 10
4509.91
 20
69.1677
 30
0.0
 11
4488.74
 21
69.1677
 31
0.0
  0
LINE
  8
0
 62
     0
 10
4488.74
 20
69.1677
 30
0.0
 11
4488.74
 21
242.437
 31
0.0
  0
LINE
  8
0
 62
     0
 10
4488.74
 20
308.922
 30
0.0
 11
4509.91
 21
308.922
 31
0.0
  0
LINE
  8
0
 62
     0
 10
4509.91
 20
308.922
 30
0.0
 11
4509.91
 21
275.005
 31
0.0
  0
LINE
  8
0
 62
     0
 10
4509.91
 20
275.005
 30
0.0
 11
4488.74
 21
275.005
 31
0.0
  0
LINE
  8
0
 62
     0
 10
4488.74
 20
275.005
 30
0.0
 11
4488.74
 21
308.922
 31
0.0
  0
LINE
  8
0
 62
     0
 10
4587.8
 20
155.795
 30
0.0
 11
4587.8
 21
154.081
 31
0.0
  0
LINE
  8
0
 62
     0
 10
4587.8
 20
154.081
 30
0.0
 11
4588.05
 21
148.936
 31
0.0
  0
LINE
  8
0
 62
     0
 10
4588.05
 20
148.936
 30
0.0
 11
4588.76
 21
142.114
 31
0.0
  0
LINE
  8
0
 62
     0
 10
4588.76
 20
142.114
 30
0.0
 11
4589.96
 21
135.388
 31
0.0
  0
LINE
  8
0
 62
     0
 10
4589.96
 20
135.388
 30
0.0
 11
4591.61
 21
128.814
 31
0.0
  0
LINE
  8
0
 62
     0
 10
4591.61
 20
128.814
 30
0.0
 11
4593.77
 21
122.446
 31
0.0
  0
LINE
  8
0
 62
     0
 10
4593.77
 20
122.446
 30
0.0
 11
4596.41
 21
116.341
 31
0.0
  0
LINE
  8
0
 62
     0
 10
4596.41
 20
116.341
 30
0.0
 11
4599.52
 21
110.553
 31
0.0
  0
LINE
  8
0
 62
     0
 10
4599.52
 20
110.553
 30
0.0
 11
4603.08
 21
105.137
 31
0.0
  0
LINE
  8
0
 62
     0
 10
4603.08
 20
105.137
 30
0.0
 11
4607.1
 21
100.152
 31
0.0
  0
LINE
  8
0
 62
     0
 10
4607.1
 20
100.152
 30
0.0
 11
4611.65
 21
95.6511
 31
0.0
  0
LINE
  8
0
 62
     0
 10
4611.65
 20
95.6511
 30
0.0
 11
4616.63
 21
91.6891
 31
0.0
  0
LINE
  8
0
 62
     0
 10
4616.63
 20
91.6891
 30
0.0
 11
4622.09
 21
88.3239
 31
0.0
  0
LINE
  8
0
 62
     0
 10
4622.09
 20
88.3239
 30
0.0
 11
4628.02
 21
85.6093
 31
0.0
  0
LINE
  8
0
 62
     0
 10
4628.02
 20
85.6093
 30
0.0
 11
4634.41
 21
83.6013
 31
0.0
  0
LINE
  8
0
 62
     0
 10
4634.41
 20
83.6013
 30
0.0
 11
4641.25
 21
82.357
 31
0.0
  0
LINE
  8
0
 62
     0
 10
4641.25
 20
82.357
 30
0.0
 11
4646.75
 21
81.9284
 31
0.0
  0
LINE
  8
0
 62
     0
 10
4646.75
 20
81.9284
 30
0.0
 11
4648.59
 21
81.9284
 31
0.0
  0
LINE
  8
0
 62
     0
 10
4648.59
 20
81.9284
 30
0.0
 11
4650.42
 21
81.9284
 31
0.0
  0
LINE
  8
0
 62
     0
 10
4650.42
 20
81.9284
 30
0.0
 11
4655.89
 21
82.357
 31
0.0
  0
LINE
  8
0
 62
     0
 10
4655.89
 20
82.357
 30
0.0
 11
4662.77
 21
83.6013
 31
0.0
  0
LINE
  8
0
 62
     0
 10
4662.77
 20
83.6013
 30
0.0
 11
4669.16
 21
85.6093
 31
0.0
  0
LINE
  8
0
 62
     0
 10
4669.16
 20
85.6093
 30
0.0
 11
4675.08
 21
88.3239
 31
0.0
  0
LINE
  8
0
 62
     0
 10
4675.08
 20
88.3239
 30
0.0
 11
4680.51
 21
91.6891
 31
0.0
  0
LINE
  8
0
 62
     0
 10
4680.51
 20
91.6891
 30
0.0
 11
4685.52
 21
95.6511
 31
0.0
  0
LINE
  8
0
 62
     0
 10
4685.52
 20
95.6511
 30
0.0
 11
4690.04
 21
100.152
 31
0.0
  0
LINE
  8
0
 62
     0
 10
4690.04
 20
100.152
 30
0.0
 11
4694.06
 21
105.137
 31
0.0
  0
LINE
  8
0
 62
     0
 10
4694.06
 20
105.137
 30
0.0
 11
4697.66
 21
110.553
 31
0.0
  0
LINE
  8
0
 62
     0
 10
4697.66
 20
110.553
 30
0.0
 11
4700.76
 21
116.341
 31
0.0
  0
LINE
  8
0
 62
     0
 10
4700.76
 20
116.341
 30
0.0
 11
4703.37
 21
122.446
 31
0.0
  0
LINE
  8
0
 62
     0
 10
4703.37
 20
122.446
 30
0.0
 11
4705.53
 21
128.814
 31
0.0
  0
LINE
  8
0
 62
     0
 10
4705.53
 20
128.814
 30
0.0
 11
4707.18
 21
135.388
 31
0.0
  0
LINE
  8
0
 62
     0
 10
4707.18
 20
135.388
 30
0.0
 11
4708.38
 21
142.114
 31
0.0
  0
LINE
  8
0
 62
     0
 10
4708.38
 20
142.114
 30
0.0
 11
4709.12
 21
148.936
 31
0.0
  0
LINE
  8
0
 62
     0
 10
4709.12
 20
148.936
 30
0.0
 11
4709.37
 21
154.081
 31
0.0
  0
LINE
  8
0
 62
     0
 10
4709.37
 20
154.081
 30
0.0
 11
4709.37
 21
155.795
 31
0.0
  0
LINE
  8
0
 62
     0
 10
4709.37
 20
155.795
 30
0.0
 11
4709.37
 21
157.511
 31
0.0
  0
LINE
  8
0
 62
     0
 10
4709.37
 20
157.511
 30
0.0
 11
4709.12
 21
162.658
 31
0.0
  0
LINE
  8
0
 62
     0
 10
4709.12
 20
162.658
 30
0.0
 11
4708.38
 21
169.479
 31
0.0
  0
LINE
  8
0
 62
     0
 10
4708.38
 20
169.479
 30
0.0
 11
4707.18
 21
176.205
 31
0.0
  0
LINE
  8
0
 62
     0
 10
4707.18
 20
176.205
 30
0.0
 11
4705.53
 21
182.782
 31
0.0
  0
LINE
  8
0
 62
     0
 10
4705.53
 20
182.782
 30
0.0
 11
4703.37
 21
189.15
 31
0.0
  0
LINE
  8
0
 62
     0
 10
4703.37
 20
189.15
 30
0.0
 11
4700.76
 21
195.257
 31
0.0
  0
LINE
  8
0
 62
     0
 10
4700.76
 20
195.257
 30
0.0
 11
4697.66
 21
201.046
 31
0.0
  0
LINE
  8
0
 62
     0
 10
4697.66
 20
201.046
 30
0.0
 11
4694.06
 21
206.462
 31
0.0
  0
LINE
  8
0
 62
     0
 10
4694.06
 20
206.462
 30
0.0
 11
4690.04
 21
211.449
 31
0.0
  0
LINE
  8
0
 62
     0
 10
4690.04
 20
211.449
 30
0.0
 11
4685.52
 21
215.951
 31
0.0
  0
LINE
  8
0
 62
     0
 10
4685.52
 20
215.951
 30
0.0
 11
4680.51
 21
219.913
 31
0.0
  0
LINE
  8
0
 62
     0
 10
4680.51
 20
219.913
 30
0.0
 11
4675.08
 21
223.279
 31
0.0
  0
LINE
  8
0
 62
     0
 10
4675.08
 20
223.279
 30
0.0
 11
4669.16
 21
225.995
 31
0.0
  0
LINE
  8
0
 62
     0
 10
4669.16
 20
225.995
 30
0.0
 11
4662.77
 21
228.003
 31
0.0
  0
LINE
  8
0
 62
     0
 10
4662.77
 20
228.003
 30
0.0
 11
4655.89
 21
229.249
 31
0.0
  0
LINE
  8
0
 62
     0
 10
4655.89
 20
229.249
 30
0.0
 11
4650.42
 21
229.676
 31
0.0
  0
LINE
  8
0
 62
     0
 10
4650.42
 20
229.676
 30
0.0
 11
4648.59
 21
229.676
 31
0.0
  0
LINE
  8
0
 62
     0
 10
4648.59
 20
229.676
 30
0.0
 11
4646.75
 21
229.676
 31
0.0
  0
LINE
  8
0
 62
     0
 10
4646.75
 20
229.676
 30
0.0
 11
4641.25
 21
229.249
 31
0.0
  0
LINE
  8
0
 62
     0
 10
4641.25
 20
229.249
 30
0.0
 11
4634.41
 21
228.003
 31
0.0
  0
LINE
  8
0
 62
     0
 10
4634.41
 20
228.003
 30
0.0
 11
4628.02
 21
225.995
 31
0.0
  0
LINE
  8
0
 62
     0
 10
4628.02
 20
225.995
 30
0.0
 11
4622.09
 21
223.279
 31
0.0
  0
LINE
  8
0
 62
     0
 10
4622.09
 20
223.279
 30
0.0
 11
4616.63
 21
219.913
 31
0.0
  0
LINE
  8
0
 62
     0
 10
4616.63
 20
219.913
 30
0.0
 11
4611.65
 21
215.951
 31
0.0
  0
LINE
  8
0
 62
     0
 10
4611.65
 20
215.951
 30
0.0
 11
4607.1
 21
211.449
 31
0.0
  0
LINE
  8
0
 62
     0
 10
4607.1
 20
211.449
 30
0.0
 11
4603.08
 21
206.462
 31
0.0
  0
LINE
  8
0
 62
     0
 10
4603.08
 20
206.462
 30
0.0
 11
4599.52
 21
201.046
 31
0.0
  0
LINE
  8
0
 62
     0
 10
4599.52
 20
201.046
 30
0.0
 11
4596.41
 21
195.257
 31
0.0
  0
LINE
  8
0
 62
     0
 10
4596.41
 20
195.257
 30
0.0
 11
4593.77
 21
189.15
 31
0.0
  0
LINE
  8
0
 62
     0
 10
4593.77
 20
189.15
 30
0.0
 11
4591.61
 21
182.782
 31
0.0
  0
LINE
  8
0
 62
     0
 10
4591.61
 20
182.782
 30
0.0
 11
4589.96
 21
176.205
 31
0.0
  0
LINE
  8
0
 62
     0
 10
4589.96
 20
176.205
 30
0.0
 11
4588.76
 21
169.479
 31
0.0
  0
LINE
  8
0
 62
     0
 10
4588.76
 20
169.479
 30
0.0
 11
4588.05
 21
162.658
 31
0.0
  0
LINE
  8
0
 62
     0
 10
4588.05
 20
162.658
 30
0.0
 11
4587.8
 21
157.511
 31
0.0
  0
LINE
  8
0
 62
     0
 10
4587.8
 20
157.511
 30
0.0
 11
4587.8
 21
155.795
 31
0.0
  0
LINE
  8
0
 62
     0
 10
4730.5
 20
155.795
 30
0.0
 11
4730.5
 21
153.491
 31
0.0
  0
LINE
  8
0
 62
     0
 10
4730.5
 20
153.491
 30
0.0
 11
4730.19
 21
146.578
 31
0.0
  0
LINE
  8
0
 62
     0
 10
4730.19
 20
146.578
 30
0.0
 11
4729.16
 21
137.59
 31
0.0
  0
LINE
  8
0
 62
     0
 10
4729.16
 20
137.59
 30
0.0
 11
4727.47
 21
128.884
 31
0.0
  0
LINE
  8
0
 62
     0
 10
4727.47
 20
128.884
 30
0.0
 11
4725.11
 21
120.51
 31
0.0
  0
LINE
  8
0
 62
     0
 10
4725.11
 20
120.51
 30
0.0
 11
4722.14
 21
112.517
 31
0.0
  0
LINE
  8
0
 62
     0
 10
4722.14
 20
112.517
 30
0.0
 11
4718.47
 21
104.957
 31
0.0
  0
LINE
  8
0
 62
     0
 10
4718.47
 20
104.957
 30
0.0
 11
4714.2
 21
97.8778
 31
0.0
  0
LINE
  8
0
 62
     0
 10
4714.2
 20
97.8778
 30
0.0
 11
4709.3
 21
91.3324
 31
0.0
  0
LINE
  8
0
 62
     0
 10
4709.3
 20
91.3324
 30
0.0
 11
4703.8
 21
85.368
 31
0.0
  0
LINE
  8
0
 62
     0
 10
4703.8
 20
85.368
 30
0.0
 11
4697.66
 21
80.0365
 31
0.0
  0
LINE
  8
0
 62
     0
 10
4697.66
 20
80.0365
 30
0.0
 11
4690.96
 21
75.3869
 31
0.0
  0
LINE
  8
0
 62
     0
 10
4690.96
 20
75.3869
 30
0.0
 11
4683.62
 21
71.4707
 31
0.0
  0
LINE
  8
0
 62
     0
 10
4683.62
 20
71.4707
 30
0.0
 11
4675.72
 21
68.3383
 31
0.0
  0
LINE
  8
0
 62
     0
 10
4675.72
 20
68.3383
 30
0.0
 11
4667.25
 21
66.0368
 31
0.0
  0
LINE
  8
0
 62
     0
 10
4667.25
 20
66.0368
 30
0.0
 11
4658.18
 21
64.6204
 31
0.0
  0
LINE
  8
0
 62
     0
 10
4658.18
 20
64.6204
 30
0.0
 11
4650.99
 21
64.1368
 31
0.0
  0
LINE
  8
0
 62
     0
 10
4650.99
 20
64.1368
 30
0.0
 11
4648.59
 21
64.1368
 31
0.0
  0
LINE
  8
0
 62
     0
 10
4648.59
 20
64.1368
 30
0.0
 11
4646.19
 21
64.1368
 31
0.0
  0
LINE
  8
0
 62
     0
 10
4646.19
 20
64.1368
 30
0.0
 11
4638.96
 21
64.6204
 31
0.0
  0
LINE
  8
0
 62
     0
 10
4638.96
 20
64.6204
 30
0.0
 11
4629.93
 21
66.0368
 31
0.0
  0
LINE
  8
0
 62
     0
 10
4629.93
 20
66.0368
 30
0.0
 11
4621.46
 21
68.3383
 31
0.0
  0
LINE
  8
0
 62
     0
 10
4621.46
 20
68.3383
 30
0.0
 11
4613.52
 21
71.4707
 31
0.0
  0
LINE
  8
0
 62
     0
 10
4613.52
 20
71.4707
 30
0.0
 11
4606.22
 21
75.3869
 31
0.0
  0
LINE
  8
0
 62
     0
 10
4606.22
 20
75.3869
 30
0.0
 11
4599.48
 21
80.0365
 31
0.0
  0
LINE
  8
0
 62
     0
 10
4599.48
 20
80.0365
 30
0.0
 11
4593.38
 21
85.368
 31
0.0
  0
LINE
  8
0
 62
     0
 10
4593.38
 20
85.368
 30
0.0
 11
4587.84
 21
91.3324
 31
0.0
  0
LINE
  8
0
 62
     0
 10
4587.84
 20
91.3324
 30
0.0
 11
4582.94
 21
97.8778
 31
0.0
  0
LINE
  8
0
 62
     0
 10
4582.94
 20
97.8778
 30
0.0
 11
4578.67
 21
104.957
 31
0.0
  0
LINE
  8
0
 62
     0
 10
4578.67
 20
104.957
 30
0.0
 11
4575.03
 21
112.517
 31
0.0
  0
LINE
  8
0
 62
     0
 10
4575.03
 20
112.517
 30
0.0
 11
4572.04
 21
120.51
 31
0.0
  0
LINE
  8
0
 62
     0
 10
4572.04
 20
120.51
 30
0.0
 11
4569.71
 21
128.884
 31
0.0
  0
LINE
  8
0
 62
     0
 10
4569.71
 20
128.884
 30
0.0
 11
4568.01
 21
137.59
 31
0.0
  0
LINE
  8
0
 62
     0
 10
4568.01
 20
137.59
 30
0.0
 11
4566.99
 21
146.578
 31
0.0
  0
LINE
  8
0
 62
     0
 10
4566.99
 20
146.578
 30
0.0
 11
4566.64
 21
153.491
 31
0.0
  0
LINE
  8
0
 62
     0
 10
4566.64
 20
153.491
 30
0.0
 11
4566.64
 21
155.795
 31
0.0
  0
LINE
  8
0
 62
     0
 10
4566.64
 20
155.795
 30
0.0
 11
4566.64
 21
158.101
 31
0.0
  0
LINE
  8
0
 62
     0
 10
4566.64
 20
158.101
 30
0.0
 11
4566.99
 21
165.015
 31
0.0
  0
LINE
  8
0
 62
     0
 10
4566.99
 20
165.015
 30
0.0
 11
4568.01
 21
174.003
 31
0.0
  0
LINE
  8
0
 62
     0
 10
4568.01
 20
174.003
 30
0.0
 11
4569.71
 21
182.71
 31
0.0
  0
LINE
  8
0
 62
     0
 10
4569.71
 20
182.71
 30
0.0
 11
4572.04
 21
191.086
 31
0.0
  0
LINE
  8
0
 62
     0
 10
4572.04
 20
191.086
 30
0.0
 11
4575.03
 21
199.08
 31
0.0
  0
LINE
  8
0
 62
     0
 10
4575.03
 20
199.08
 30
0.0
 11
4578.67
 21
206.641
 31
0.0
  0
LINE
  8
0
 62
     0
 10
4578.67
 20
206.641
 30
0.0
 11
4582.94
 21
213.721
 31
0.0
  0
LINE
  8
0
 62
     0
 10
4582.94
 20
213.721
 30
0.0
 11
4587.84
 21
220.268
 31
0.0
  0
LINE
  8
0
 62
     0
 10
4587.84
 20
220.268
 30
0.0
 11
4593.38
 21
226.234
 31
0.0
  0
LINE
  8
0
 62
     0
 10
4593.38
 20
226.234
 30
0.0
 11
4599.48
 21
231.567
 31
0.0
  0
LINE
  8
0
 62
     0
 10
4599.48
 20
231.567
 30
0.0
 11
4606.22
 21
236.218
 31
0.0
  0
LINE
  8
0
 62
     0
 10
4606.22
 20
236.218
 30
0.0
 11
4613.52
 21
240.134
 31
0.0
  0
LINE
  8
0
 62
     0
 10
4613.52
 20
240.134
 30
0.0
 11
4621.46
 21
243.269
 31
0.0
  0
LINE
  8
0
 62
     0
 10
4621.46
 20
243.269
 30
0.0
 11
4629.93
 21
245.569
 31
0.0
  0
LINE
  8
0
 62
     0
 10
4629.93
 20
245.569
 30
0.0
 11
4638.96
 21
246.987
 31
0.0
  0
LINE
  8
0
 62
     0
 10
4638.96
 20
246.987
 30
0.0
 11
4646.19
 21
247.469
 31
0.0
  0
LINE
  8
0
 62
     0
 10
4646.19
 20
247.469
 30
0.0
 11
4648.59
 21
247.469
 31
0.0
  0
LINE
  8
0
 62
     0
 10
4648.59
 20
247.469
 30
0.0
 11
4650.99
 21
247.469
 31
0.0
  0
LINE
  8
0
 62
     0
 10
4650.99
 20
247.469
 30
0.0
 11
4658.18
 21
246.987
 31
0.0
  0
LINE
  8
0
 62
     0
 10
4658.18
 20
246.987
 30
0.0
 11
4667.25
 21
245.569
 31
0.0
  0
LINE
  8
0
 62
     0
 10
4667.25
 20
245.569
 30
0.0
 11
4675.72
 21
243.269
 31
0.0
  0
LINE
  8
0
 62
     0
 10
4675.72
 20
243.269
 30
0.0
 11
4683.62
 21
240.134
 31
0.0
  0
LINE
  8
0
 62
     0
 10
4683.62
 20
240.134
 30
0.0
 11
4690.96
 21
236.218
 31
0.0
  0
LINE
  8
0
 62
     0
 10
4690.96
 20
236.218
 30
0.0
 11
4697.66
 21
231.567
 31
0.0
  0
LINE
  8
0
 62
     0
 10
4697.66
 20
231.567
 30
0.0
 11
4703.8
 21
226.234
 31
0.0
  0
LINE
  8
0
 62
     0
 10
4703.8
 20
226.234
 30
0.0
 11
4709.3
 21
220.268
 31
0.0
  0
LINE
  8
0
 62
     0
 10
4709.3
 20
220.268
 30
0.0
 11
4714.2
 21
213.721
 31
0.0
  0
LINE
  8
0
 62
     0
 10
4714.2
 20
213.721
 30
0.0
 11
4718.47
 21
206.641
 31
0.0
  0
LINE
  8
0
 62
     0
 10
4718.47
 20
206.641
 30
0.0
 11
4722.14
 21
199.08
 31
0.0
  0
LINE
  8
0
 62
     0
 10
4722.14
 20
199.08
 30
0.0
 11
4725.11
 21
191.086
 31
0.0
  0
LINE
  8
0
 62
     0
 10
4725.11
 20
191.086
 30
0.0
 11
4727.47
 21
182.71
 31
0.0
  0
LINE
  8
0
 62
     0
 10
4727.47
 20
182.71
 30
0.0
 11
4729.16
 21
174.003
 31
0.0
  0
LINE
  8
0
 62
     0
 10
4729.16
 20
174.003
 30
0.0
 11
4730.19
 21
165.015
 31
0.0
  0
LINE
  8
0
 62
     0
 10
4730.19
 20
165.015
 30
0.0
 11
4730.5
 21
158.101
 31
0.0
  0
LINE
  8
0
 62
     0
 10
4730.5
 20
158.101
 30
0.0
 11
4730.5
 21
155.795
 31
0.0
  0
LINE
  8
0
 62
     0
 10
4786.56
 20
242.437
 30
0.0
 11
4807.73
 21
242.437
 31
0.0
  0
LINE
  8
0
 62
     0
 10
4807.73
 20
242.437
 30
0.0
 11
4807.73
 21
212.551
 31
0.0
  0
LINE
  8
0
 62
     0
 10
4807.73
 20
212.551
 30
0.0
 11
4808.4
 21
212.551
 31
0.0
  0
LINE
  8
0
 62
     0
 10
4808.4
 20
212.551
 30
0.0
 11
4809.14
 21
214.487
 31
0.0
  0
LINE
  8
0
 62
     0
 10
4809.14
 20
214.487
 30
0.0
 11
4812.07
 21
220.027
 31
0.0
  0
LINE
  8
0
 62
     0
 10
4812.07
 20
220.027
 30
0.0
 11
4817
 21
226.786
 31
0.0
  0
LINE
  8
0
 62
     0
 10
4817
 20
226.786
 30
0.0
 11
4823
 21
232.745
 31
0.0
  0
LINE
  8
0
 62
     0
 10
4823
 20
232.745
 30
0.0
 11
4829.92
 21
237.815
 31
0.0
  0
LINE
  8
0
 62
     0
 10
4829.92
 20
237.815
 30
0.0
 11
4837.61
 21
241.909
 31
0.0
  0
LINE
  8
0
 62
     0
 10
4837.61
 20
241.909
 30
0.0
 11
4845.93
 21
244.941
 31
0.0
  0
LINE
  8
0
 62
     0
 10
4845.93
 20
244.941
 30
0.0
 11
4854.72
 21
246.823
 31
0.0
  0
LINE
  8
0
 62
     0
 10
4854.72
 20
246.823
 30
0.0
 11
4861.52
 21
247.469
 31
0.0
  0
LINE
  8
0
 62
     0
 10
4861.52
 20
247.469
 30
0.0
 11
4863.78
 21
247.469
 31
0.0
  0
LINE
  8
0
 62
     0
 10
4863.78
 20
247.469
 30
0.0
 11
4865.97
 21
247.469
 31
0.0
  0
LINE
  8
0
 62
     0
 10
4865.97
 20
247.469
 30
0.0
 11
4872.53
 21
247.173
 31
0.0
  0
LINE
  8
0
 62
     0
 10
4872.53
 20
247.173
 30
0.0
 11
4880.5
 21
246.293
 31
0.0
  0
LINE
  8
0
 62
     0
 10
4880.5
 20
246.293
 30
0.0
 11
4887.74
 21
244.843
 31
0.0
  0
LINE
  8
0
 62
     0
 10
4887.74
 20
244.843
 30
0.0
 11
4894.26
 21
242.836
 31
0.0
  0
LINE
  8
0
 62
     0
 10
4894.26
 20
242.836
 30
0.0
 11
4900.08
 21
240.291
 31
0.0
  0
LINE
  8
0
 62
     0
 10
4900.08
 20
240.291
 30
0.0
 11
4905.27
 21
237.217
 31
0.0
  0
LINE
  8
0
 62
     0
 10
4905.27
 20
237.217
 30
0.0
 11
4909.82
 21
233.631
 31
0.0
  0
LINE
  8
0
 62
     0
 10
4909.82
 20
233.631
 30
0.0
 11
4913.77
 21
229.547
 31
0.0
  0
LINE
  8
0
 62
     0
 10
4913.77
 20
229.547
 30
0.0
 11
4917.16
 21
224.978
 31
0.0
  0
LINE
  8
0
 62
     0
 10
4917.16
 20
224.978
 30
0.0
 11
4920.02
 21
219.942
 31
0.0
  0
LINE
  8
0
 62
     0
 10
4920.02
 20
219.942
 30
0.0
 11
4922.34
 21
214.448
 31
0.0
  0
LINE
  8
0
 62
     0
 10
4922.34
 20
214.448
 30
0.0
 11
4924.18
 21
208.514
 31
0.0
  0
LINE
  8
0
 62
     0
 10
4924.18
 20
208.514
 30
0.0
 11
4925.59
 21
202.153
 31
0.0
  0
LINE
  8
0
 62
     0
 10
4925.59
 20
202.153
 30
0.0
 11
4926.54
 21
195.378
 31
0.0
  0
LINE
  8
0
 62
     0
 10
4926.54
 20
195.378
 30
0.0
 11
4927.07
 21
188.207
 31
0.0
  0
LINE
  8
0
 62
     0
 10
4927.07
 20
188.207
 30
0.0
 11
4927.25
 21
182.539
 31
0.0
  0
LINE
  8
0
 62
     0
 10
4927.25
 20
182.539
 30
0.0
 11
4927.25
 21
180.65
 31
0.0
  0
LINE
  8
0
 62
     0
 10
4927.25
 20
180.65
 30
0.0
 11
4927.25
 21
69.1677
 31
0.0
  0
LINE
  8
0
 62
     0
 10
4927.25
 20
69.1677
 30
0.0
 11
4906.12
 21
69.1677
 31
0.0
  0
LINE
  8
0
 62
     0
 10
4906.12
 20
69.1677
 30
0.0
 11
4906.12
 21
177.286
 31
0.0
  0
LINE
  8
0
 62
     0
 10
4906.12
 20
177.286
 30
0.0
 11
4906.12
 21
178.652
 31
0.0
  0
LINE
  8
0
 62
     0
 10
4906.12
 20
178.652
 30
0.0
 11
4905.97
 21
182.745
 31
0.0
  0
LINE
  8
0
 62
     0
 10
4905.97
 20
182.745
 30
0.0
 11
4905.62
 21
188.022
 31
0.0
  0
LINE
  8
0
 62
     0
 10
4905.62
 20
188.022
 30
0.0
 11
4904.99
 21
193.095
 31
0.0
  0
LINE
  8
0
 62
     0
 10
4904.99
 20
193.095
 30
0.0
 11
4904.03
 21
197.94
 31
0.0
  0
LINE
  8
0
 62
     0
 10
4904.03
 20
197.94
 30
0.0
 11
4902.8
 21
202.533
 31
0.0
  0
LINE
  8
0
 62
     0
 10
4902.8
 20
202.533
 30
0.0
 11
4901.21
 21
206.851
 31
0.0
  0
LINE
  8
0
 62
     0
 10
4901.21
 20
206.851
 30
0.0
 11
4899.27
 21
210.869
 31
0.0
  0
LINE
  8
0
 62
     0
 10
4899.27
 20
210.869
 30
0.0
 11
4896.94
 21
214.563
 31
0.0
  0
LINE
  8
0
 62
     0
 10
4896.94
 20
214.563
 30
0.0
 11
4894.23
 21
217.913
 31
0.0
  0
LINE
  8
0
 62
     0
 10
4894.23
 20
217.913
 30
0.0
 11
4891.09
 21
220.893
 31
0.0
  0
LINE
  8
0
 62
     0
 10
4891.09
 20
220.893
 30
0.0
 11
4887.49
 21
223.478
 31
0.0
  0
LINE
  8
0
 62
     0
 10
4887.49
 20
223.478
 30
0.0
 11
4883.43
 21
225.647
 31
0.0
  0
LINE
  8
0
 62
     0
 10
4883.43
 20
225.647
 30
0.0
 11
4878.88
 21
227.375
 31
0.0
  0
LINE
  8
0
 62
     0
 10
4878.88
 20
227.375
 30
0.0
 11
4873.84
 21
228.637
 31
0.0
  0
LINE
  8
0
 62
     0
 10
4873.84
 20
228.637
 30
0.0
 11
4868.26
 21
229.413
 31
0.0
  0
LINE
  8
0
 62
     0
 10
4868.26
 20
229.413
 30
0.0
 11
4863.64
 21
229.676
 31
0.0
  0
LINE
  8
0
 62
     0
 10
4863.64
 20
229.676
 30
0.0
 11
4862.12
 21
229.676
 31
0.0
  0
LINE
  8
0
 62
     0
 10
4862.12
 20
229.676
 30
0.0
 11
4860.57
 21
229.676
 31
0.0
  0
LINE
  8
0
 62
     0
 10
4860.57
 20
229.676
 30
0.0
 11
4855.92
 21
229.383
 31
0.0
  0
LINE
  8
0
 62
     0
 10
4855.92
 20
229.383
 30
0.0
 11
4850.09
 21
228.515
 31
0.0
  0
LINE
  8
0
 62
     0
 10
4850.09
 20
228.515
 30
0.0
 11
4844.59
 21
227.098
 31
0.0
  0
LINE
  8
0
 62
     0
 10
4844.59
 20
227.098
 30
0.0
 11
4839.44
 21
225.159
 31
0.0
  0
LINE
  8
0
 62
     0
 10
4839.44
 20
225.159
 30
0.0
 11
4834.68
 21
222.723
 31
0.0
  0
LINE
  8
0
 62
     0
 10
4834.68
 20
222.723
 30
0.0
 11
4830.27
 21
219.814
 31
0.0
  0
LINE
  8
0
 62
     0
 10
4830.27
 20
219.814
 30
0.0
 11
4826.25
 21
216.457
 31
0.0
  0
LINE
  8
0
 62
     0
 10
4826.25
 20
216.457
 30
0.0
 11
4822.58
 21
212.677
 31
0.0
  0
LINE
  8
0
 62
     0
 10
4822.58
 20
212.677
 30
0.0
 11
4819.3
 21
208.5
 31
0.0
  0
LINE
  8
0
 62
     0
 10
4819.3
 20
208.5
 30
0.0
 11
4816.44
 21
203.951
 31
0.0
  0
LINE
  8
0
 62
     0
 10
4816.44
 20
203.951
 30
0.0
 11
4813.93
 21
199.053
 31
0.0
  0
LINE
  8
0
 62
     0
 10
4813.93
 20
199.053
 30
0.0
 11
4811.85
 21
193.835
 31
0.0
  0
LINE
  8
0
 62
     0
 10
4811.85
 20
193.835
 30
0.0
 11
4810.2
 21
188.318
 31
0.0
  0
LINE
  8
0
 62
     0
 10
4810.2
 20
188.318
 30
0.0
 11
4808.96
 21
182.531
 31
0.0
  0
LINE
  8
0
 62
     0
 10
4808.96
 20
182.531
 30
0.0
 11
4808.11
 21
176.496
 31
0.0
  0
LINE
  8
0
 62
     0
 10
4808.11
 20
176.496
 30
0.0
 11
4807.76
 21
171.806
 31
0.0
  0
LINE
  8
0
 62
     0
 10
4807.76
 20
171.806
 30
0.0
 11
4807.73
 21
170.239
 31
0.0
  0
LINE
  8
0
 62
     0
 10
4807.73
 20
170.239
 30
0.0
 11
4807.73
 21
69.1677
 31
0.0
  0
LINE
  8
0
 62
     0
 10
4807.73
 20
69.1677
 30
0.0
 11
4786.56
 21
69.1677
 31
0.0
  0
LINE
  8
0
 62
     0
 10
4786.56
 20
69.1677
 30
0.0
 11
4786.56
 21
242.437
 31
0.0
  0
LINE
  8
0
 62
     0
 10
2314.87
 20
644.606
 30
0.0
 11
2314.87
 21
716.53
 31
0.0
  0
LINE
  8
0
 62
     0
 10
2314.87
 20
716.53
 30
0.0
 11
2313.33
 21
716.53
 31
0.0
  0
LINE
  8
0
 62
     0
 10
2313.33
 20
716.53
 30
0.0
 11
2312.29
 21
715.402
 31
0.0
  0
LINE
  8
0
 62
     0
 10
2312.29
 20
715.402
 30
0.0
 11
2308.8
 21
712.354
 31
0.0
  0
LINE
  8
0
 62
     0
 10
2308.8
 20
712.354
 30
0.0
 11
2303.29
 21
708.632
 31
0.0
  0
LINE
  8
0
 62
     0
 10
2303.29
 20
708.632
 30
0.0
 11
2296.83
 21
705.365
 31
0.0
  0
LINE
  8
0
 62
     0
 10
2296.83
 20
705.365
 30
0.0
 11
2289.4
 21
702.557
 31
0.0
  0
LINE
  8
0
 62
     0
 10
2289.4
 20
702.557
 30
0.0
 11
2281
 21
700.2
 31
0.0
  0
LINE
  8
0
 62
     0
 10
2281
 20
700.2
 30
0.0
 11
2271.63
 21
698.302
 31
0.0
  0
LINE
  8
0
 62
     0
 10
2271.63
 20
698.302
 30
0.0
 11
2261.31
 21
696.856
 31
0.0
  0
LINE
  8
0
 62
     0
 10
2261.31
 20
696.856
 30
0.0
 11
2252.84
 21
696.048
 31
0.0
  0
LINE
  8
0
 62
     0
 10
2252.84
 20
696.048
 30
0.0
 11
2250.02
 21
695.865
 31
0.0
  0
LINE
  8
0
 62
     0
 10
2250.02
 20
695.865
 30
0.0
 11
2116.43
 21
686.689
 31
0.0
  0
LINE
  8
0
 62
     0
 10
2116.43
 20
686.689
 30
0.0
 11
2112.99
 21
686.46
 31
0.0
  0
LINE
  8
0
 62
     0
 10
2112.99
 20
686.46
 30
0.0
 11
2102.68
 21
685.472
 31
0.0
  0
LINE
  8
0
 62
     0
 10
2102.68
 20
685.472
 30
0.0
 11
2089.82
 21
683.733
 31
0.0
  0
LINE
  8
0
 62
     0
 10
2089.82
 20
683.733
 30
0.0
 11
2077.85
 21
681.478
 31
0.0
  0
LINE
  8
0
 62
     0
 10
2077.85
 20
681.478
 30
0.0
 11
2066.77
 21
678.699
 31
0.0
  0
LINE
  8
0
 62
     0
 10
2066.77
 20
678.699
 30
0.0
 11
2056.57
 21
675.4
 31
0.0
  0
LINE
  8
0
 62
     0
 10
2056.57
 20
675.4
 30
0.0
 11
2047.26
 21
671.583
 31
0.0
  0
LINE
  8
0
 62
     0
 10
2047.26
 20
671.583
 30
0.0
 11
2038.83
 21
667.247
 31
0.0
  0
LINE
  8
0
 62
     0
 10
2038.83
 20
667.247
 30
0.0
 11
2031.29
 21
662.39
 31
0.0
  0
LINE
  8
0
 62
     0
 10
2031.29
 20
662.39
 30
0.0
 11
2024.64
 21
657.01
 31
0.0
  0
LINE
  8
0
 62
     0
 10
2024.64
 20
657.01
 30
0.0
 11
2018.88
 21
651.115
 31
0.0
  0
LINE
  8
0
 62
     0
 10
2018.88
 20
651.115
 30
0.0
 11
2014
 21
644.698
 31
0.0
  0
LINE
  8
0
 62
     0
 10
2014
 20
644.698
 30
0.0
 11
2010.01
 21
637.759
 31
0.0
  0
LINE
  8
0
 62
     0
 10
2010.01
 20
637.759
 30
0.0
 11
2006.91
 21
630.305
 31
0.0
  0
LINE
  8
0
 62
     0
 10
2006.91
 20
630.305
 30
0.0
 11
2004.69
 21
622.328
 31
0.0
  0
LINE
  8
0
 62
     0
 10
2004.69
 20
622.328
 30
0.0
 11
2003.36
 21
613.83
 31
0.0
  0
LINE
  8
0
 62
     0
 10
2003.36
 20
613.83
 30
0.0
 11
2002.92
 21
607.067
 31
0.0
  0
LINE
  8
0
 62
     0
 10
2002.92
 20
607.067
 30
0.0
 11
2002.92
 21
604.813
 31
0.0
  0
LINE
  8
0
 62
     0
 10
2002.92
 20
604.813
 30
0.0
 11
2002.92
 21
602.128
 31
0.0
  0
LINE
  8
0
 62
     0
 10
2002.92
 20
602.128
 30
0.0
 11
2003.42
 21
594.064
 31
0.0
  0
LINE
  8
0
 62
     0
 10
2003.42
 20
594.064
 30
0.0
 11
2004.93
 21
584.009
 31
0.0
  0
LINE
  8
0
 62
     0
 10
2004.93
 20
584.009
 30
0.0
 11
2007.45
 21
574.65
 31
0.0
  0
LINE
  8
0
 62
     0
 10
2007.45
 20
574.65
 30
0.0
 11
2010.97
 21
565.983
 31
0.0
  0
LINE
  8
0
 62
     0
 10
2010.97
 20
565.983
 30
0.0
 11
2015.51
 21
558.006
 31
0.0
  0
LINE
  8
0
 62
     0
 10
2015.51
 20
558.006
 30
0.0
 11
2021.05
 21
550.728
 31
0.0
  0
LINE
  8
0
 62
     0
 10
2021.05
 20
550.728
 30
0.0
 11
2027.6
 21
544.139
 31
0.0
  0
LINE
  8
0
 62
     0
 10
2027.6
 20
544.139
 30
0.0
 11
2035.15
 21
538.244
 31
0.0
  0
LINE
  8
0
 62
     0
 10
2035.15
 20
538.244
 30
0.0
 11
2043.72
 21
533.044
 31
0.0
  0
LINE
  8
0
 62
     0
 10
2043.72
 20
533.044
 30
0.0
 11
2053.29
 21
528.539
 31
0.0
  0
LINE
  8
0
 62
     0
 10
2053.29
 20
528.539
 30
0.0
 11
2063.87
 21
524.725
 31
0.0
  0
LINE
  8
0
 62
     0
 10
2063.87
 20
524.725
 30
0.0
 11
2075.46
 21
521.603
 31
0.0
  0
LINE
  8
0
 62
     0
 10
2075.46
 20
521.603
 30
0.0
 11
2088.05
 21
519.176
 31
0.0
  0
LINE
  8
0
 62
     0
 10
2088.05
 20
519.176
 30
0.0
 11
2101.65
 21
517.444
 31
0.0
  0
LINE
  8
0
 62
     0
 10
2101.65
 20
517.444
 30
0.0
 11
2116.26
 21
516.403
 31
0.0
  0
LINE
  8
0
 62
     0
 10
2116.26
 20
516.403
 30
0.0
 11
2127.97
 21
516.057
 31
0.0
  0
LINE
  8
0
 62
     0
 10
2127.97
 20
516.057
 30
0.0
 11
2131.87
 21
516.057
 31
0.0
  0
LINE
  8
0
 62
     0
 10
2131.87
 20
516.057
 30
0.0
 11
2136.15
 21
516.057
 31
0.0
  0
LINE
  8
0
 62
     0
 10
2136.15
 20
516.057
 30
0.0
 11
2148.97
 21
516.513
 31
0.0
  0
LINE
  8
0
 62
     0
 10
2148.97
 20
516.513
 30
0.0
 11
2165.51
 21
517.871
 31
0.0
  0
LINE
  8
0
 62
     0
 10
2165.51
 20
517.871
 30
0.0
 11
2181.5
 21
520.143
 31
0.0
  0
LINE
  8
0
 62
     0
 10
2181.5
 20
520.143
 30
0.0
 11
2196.93
 21
523.321
 31
0.0
  0
LINE
  8
0
 62
     0
 10
2196.93
 20
523.321
 30
0.0
 11
2211.8
 21
527.41
 31
0.0
  0
LINE
  8
0
 62
     0
 10
2211.8
 20
527.41
 30
0.0
 11
2226.12
 21
532.409
 31
0.0
  0
LINE
  8
0
 62
     0
 10
2226.12
 20
532.409
 30
0.0
 11
2239.89
 21
538.314
 31
0.0
  0
LINE
  8
0
 62
     0
 10
2239.89
 20
538.314
 30
0.0
 11
2249.86
 21
543.31
 31
0.0
  0
LINE
  8
0
 62
     0
 10
2249.86
 20
543.31
 30
0.0
 11
2253.1
 21
545.13
 31
0.0
  0
LINE
  8
0
 62
     0
 10
2253.1
 20
545.13
 30
0.0
 11
2255
 21
546.213
 31
0.0
  0
LINE
  8
0
 62
     0
 10
2255
 20
546.213
 30
0.0
 11
2260.58
 21
549.645
 31
0.0
  0
LINE
  8
0
 62
     0
 10
2260.58
 20
549.645
 30
0.0
 11
2267.57
 21
554.383
 31
0.0
  0
LINE
  8
0
 62
     0
 10
2267.57
 20
554.383
 30
0.0
 11
2274.09
 21
559.35
 31
0.0
  0
LINE
  8
0
 62
     0
 10
2274.09
 20
559.35
 30
0.0
 11
2280.12
 21
564.547
 31
0.0
  0
LINE
  8
0
 62
     0
 10
2280.12
 20
564.547
 30
0.0
 11
2285.67
 21
569.969
 31
0.0
  0
LINE
  8
0
 62
     0
 10
2285.67
 20
569.969
 30
0.0
 11
2290.74
 21
575.617
 31
0.0
  0
LINE
  8
0
 62
     0
 10
2290.74
 20
575.617
 30
0.0
 11
2295.32
 21
581.494
 31
0.0
  0
LINE
  8
0
 62
     0
 10
2295.32
 20
581.494
 30
0.0
 11
2299.43
 21
587.597
 31
0.0
  0
LINE
  8
0
 62
     0
 10
2299.43
 20
587.597
 30
0.0
 11
2303.05
 21
593.926
 31
0.0
  0
LINE
  8
0
 62
     0
 10
2303.05
 20
593.926
 30
0.0
 11
2306.18
 21
600.484
 31
0.0
  0
LINE
  8
0
 62
     0
 10
2306.18
 20
600.484
 30
0.0
 11
2308.84
 21
607.272
 31
0.0
  0
LINE
  8
0
 62
     0
 10
2308.84
 20
607.272
 30
0.0
 11
2311.01
 21
614.285
 31
0.0
  0
LINE
  8
0
 62
     0
 10
2311.01
 20
614.285
 30
0.0
 11
2312.7
 21
621.524
 31
0.0
  0
LINE
  8
0
 62
     0
 10
2312.7
 20
621.524
 30
0.0
 11
2313.91
 21
628.989
 31
0.0
  0
LINE
  8
0
 62
     0
 10
2313.91
 20
628.989
 30
0.0
 11
2314.63
 21
636.686
 31
0.0
  0
LINE
  8
0
 62
     0
 10
2314.63
 20
636.686
 30
0.0
 11
2314.87
 21
642.627
 31
0.0
  0
LINE
  8
0
 62
     0
 10
2314.87
 20
642.627
 30
0.0
 11
2314.87
 21
644.606
 31
0.0
  0
LINE
  8
0
 62
     0
 10
2020.67
 20
768.555
 30
0.0
 11
1985.16
 21
768.555
 31
0.0
  0
LINE
  8
0
 62
     0
 10
1985.16
 20
768.555
 30
0.0
 11
1985.76
 21
772.996
 31
0.0
  0
LINE
  8
0
 62
     0
 10
1985.76
 20
772.996
 30
0.0
 11
1988.16
 21
786.239
 31
0.0
  0
LINE
  8
0
 62
     0
 10
1988.16
 20
786.239
 30
0.0
 11
1992.15
 21
802.559
 31
0.0
  0
LINE
  8
0
 62
     0
 10
1992.15
 20
802.559
 30
0.0
 11
1997.14
 21
817.517
 31
0.0
  0
LINE
  8
0
 62
     0
 10
1997.14
 20
817.517
 30
0.0
 11
2003.11
 21
831.113
 31
0.0
  0
LINE
  8
0
 62
     0
 10
2003.11
 20
831.113
 30
0.0
 11
2010.07
 21
843.34
 31
0.0
  0
LINE
  8
0
 62
     0
 10
2010.07
 20
843.34
 30
0.0
 11
2018.03
 21
854.209
 31
0.0
  0
LINE
  8
0
 62
     0
 10
2018.03
 20
854.209
 30
0.0
 11
2026.97
 21
863.713
 31
0.0
  0
LINE
  8
0
 62
     0
 10
2026.97
 20
863.713
 30
0.0
 11
2034.3
 21
869.989
 31
0.0
  0
LINE
  8
0
 62
     0
 10
2034.3
 20
869.989
 30
0.0
 11
2036.9
 21
871.851
 31
0.0
  0
LINE
  8
0
 62
     0
 10
2036.9
 20
871.851
 30
0.0
 11
2039.58
 21
873.767
 31
0.0
  0
LINE
  8
0
 62
     0
 10
2039.58
 20
873.767
 30
0.0
 11
2048.09
 21
878.847
 31
0.0
  0
LINE
  8
0
 62
     0
 10
2048.09
 20
878.847
 30
0.0
 11
2060.79
 21
884.911
 31
0.0
  0
LINE
  8
0
 62
     0
 10
2060.79
 20
884.911
 30
0.0
 11
2075.01
 21
890.041
 31
0.0
  0
LINE
  8
0
 62
     0
 10
2075.01
 20
890.041
 30
0.0
 11
2090.76
 21
894.235
 31
0.0
  0
LINE
  8
0
 62
     0
 10
2090.76
 20
894.235
 30
0.0
 11
2108.02
 21
897.498
 31
0.0
  0
LINE
  8
0
 62
     0
 10
2108.02
 20
897.498
 30
0.0
 11
2126.8
 21
899.827
 31
0.0
  0
LINE
  8
0
 62
     0
 10
2126.8
 20
899.827
 30
0.0
 11
2147.1
 21
901.224
 31
0.0
  0
LINE
  8
0
 62
     0
 10
2147.1
 20
901.224
 30
0.0
 11
2163.47
 21
901.689
 31
0.0
  0
LINE
  8
0
 62
     0
 10
2163.47
 20
901.689
 30
0.0
 11
2168.93
 21
901.689
 31
0.0
  0
LINE
  8
0
 62
     0
 10
2168.93
 20
901.689
 30
0.0
 11
2174.43
 21
901.689
 31
0.0
  0
LINE
  8
0
 62
     0
 10
2174.43
 20
901.689
 30
0.0
 11
2190.95
 21
901.308
 31
0.0
  0
LINE
  8
0
 62
     0
 10
2190.95
 20
901.308
 30
0.0
 11
2211.45
 21
900.162
 31
0.0
  0
LINE
  8
0
 62
     0
 10
2211.45
 20
900.162
 30
0.0
 11
2230.42
 21
898.25
 31
0.0
  0
LINE
  8
0
 62
     0
 10
2230.42
 20
898.25
 30
0.0
 11
2247.89
 21
895.572
 31
0.0
  0
LINE
  8
0
 62
     0
 10
2247.89
 20
895.572
 30
0.0
 11
2263.82
 21
892.133
 31
0.0
  0
LINE
  8
0
 62
     0
 10
2263.82
 20
892.133
 30
0.0
 11
2278.25
 21
887.924
 31
0.0
  0
LINE
  8
0
 62
     0
 10
2278.25
 20
887.924
 30
0.0
 11
2291.15
 21
882.953
 31
0.0
  0
LINE
  8
0
 62
     0
 10
2291.15
 20
882.953
 30
0.0
 11
2299.77
 21
878.801
 31
0.0
  0
LINE
  8
0
 62
     0
 10
2299.77
 20
878.801
 30
0.0
 11
2302.53
 21
877.214
 31
0.0
  0
LINE
  8
0
 62
     0
 10
2302.53
 20
877.214
 30
0.0
 11
2305.44
 21
875.584
 31
0.0
  0
LINE
  8
0
 62
     0
 10
2305.44
 20
875.584
 30
0.0
 11
2313.74
 21
869.943
 31
0.0
  0
LINE
  8
0
 62
     0
 10
2313.74
 20
869.943
 30
0.0
 11
2323.47
 21
861.522
 31
0.0
  0
LINE
  8
0
 62
     0
 10
2323.47
 20
861.522
 30
0.0
 11
2331.69
 21
851.958
 31
0.0
  0
LINE
  8
0
 62
     0
 10
2331.69
 20
851.958
 30
0.0
 11
2338.42
 21
841.244
 31
0.0
  0
LINE
  8
0
 62
     0
 10
2338.42
 20
841.244
 30
0.0
 11
2343.65
 21
829.388
 31
0.0
  0
LINE
  8
0
 62
     0
 10
2343.65
 20
829.388
 30
0.0
 11
2347.39
 21
816.381
 31
0.0
  0
LINE
  8
0
 62
     0
 10
2347.39
 20
816.381
 30
0.0
 11
2349.64
 21
802.227
 31
0.0
  0
LINE
  8
0
 62
     0
 10
2349.64
 20
802.227
 30
0.0
 11
2350.39
 21
790.751
 31
0.0
  0
LINE
  8
0
 62
     0
 10
2350.39
 20
790.751
 30
0.0
 11
2350.39
 21
786.927
 31
0.0
  0
LINE
  8
0
 62
     0
 10
2350.39
 20
786.927
 30
0.0
 11
2350.39
 21
567.327
 31
0.0
  0
LINE
  8
0
 62
     0
 10
2350.39
 20
567.327
 30
0.0
 11
2350.39
 21
564.349
 31
0.0
  0
LINE
  8
0
 62
     0
 10
2350.39
 20
564.349
 30
0.0
 11
2350.58
 21
555.413
 31
0.0
  0
LINE
  8
0
 62
     0
 10
2350.58
 20
555.413
 30
0.0
 11
2351.16
 21
545.705
 31
0.0
  0
LINE
  8
0
 62
     0
 10
2351.16
 20
545.705
 30
0.0
 11
2352.13
 21
538.194
 31
0.0
  0
LINE
  8
0
 62
     0
 10
2352.13
 20
538.194
 30
0.0
 11
2353.01
 21
534.166
 31
0.0
  0
LINE
  8
0
 62
     0
 10
2353.01
 20
534.166
 30
0.0
 11
2353.49
 21
532.888
 31
0.0
  0
LINE
  8
0
 62
     0
 10
2353.49
 20
532.888
 30
0.0
 11
2353.81
 21
532.148
 31
0.0
  0
LINE
  8
0
 62
     0
 10
2353.81
 20
532.148
 30
0.0
 11
2355.02
 21
530.02
 31
0.0
  0
LINE
  8
0
 62
     0
 10
2355.02
 20
530.02
 30
0.0
 11
2356.95
 21
527.537
 31
0.0
  0
LINE
  8
0
 62
     0
 10
2356.95
 20
527.537
 30
0.0
 11
2359.27
 21
525.434
 31
0.0
  0
LINE
  8
0
 62
     0
 10
2359.27
 20
525.434
 30
0.0
 11
2361.97
 21
523.713
 31
0.0
  0
LINE
  8
0
 62
     0
 10
2361.97
 20
523.713
 30
0.0
 11
2365.06
 21
522.376
 31
0.0
  0
LINE
  8
0
 62
     0
 10
2365.06
 20
522.376
 30
0.0
 11
2368.53
 21
521.42
 31
0.0
  0
LINE
  8
0
 62
     0
 10
2368.53
 20
521.42
 30
0.0
 11
2372.4
 21
520.848
 31
0.0
  0
LINE
  8
0
 62
     0
 10
2372.4
 20
520.848
 30
0.0
 11
2375.58
 21
520.658
 31
0.0
  0
LINE
  8
0
 62
     0
 10
2375.58
 20
520.658
 30
0.0
 11
2376.65
 21
520.658
 31
0.0
  0
LINE
  8
0
 62
     0
 10
2376.65
 20
520.658
 30
0.0
 11
2378.71
 21
520.658
 31
0.0
  0
LINE
  8
0
 62
     0
 10
2378.71
 20
520.658
 30
0.0
 11
2384.9
 21
521.039
 31
0.0
  0
LINE
  8
0
 62
     0
 10
2384.9
 20
521.039
 30
0.0
 11
2393.44
 21
522.182
 31
0.0
  0
LINE
  8
0
 62
     0
 10
2393.44
 20
522.182
 30
0.0
 11
2402.27
 21
524.09
 31
0.0
  0
LINE
  8
0
 62
     0
 10
2402.27
 20
524.09
 30
0.0
 11
2409.13
 21
526.027
 31
0.0
  0
LINE
  8
0
 62
     0
 10
2409.13
 20
526.027
 30
0.0
 11
2411.39
 21
526.771
 31
0.0
  0
LINE
  8
0
 62
     0
 10
2411.39
 20
526.771
 30
0.0
 11
2411.39
 21
496.168
 31
0.0
  0
LINE
  8
0
 62
     0
 10
2411.39
 20
496.168
 30
0.0
 11
2409.17
 21
495.367
 31
0.0
  0
LINE
  8
0
 62
     0
 10
2409.17
 20
495.367
 30
0.0
 11
2402.32
 21
493.49
 31
0.0
  0
LINE
  8
0
 62
     0
 10
2402.32
 20
493.49
 30
0.0
 11
2392.09
 21
491.575
 31
0.0
  0
LINE
  8
0
 62
     0
 10
2392.09
 20
491.575
 30
0.0
 11
2380.7
 21
490.421
 31
0.0
  0
LINE
  8
0
 62
     0
 10
2380.7
 20
490.421
 30
0.0
 11
2371.29
 21
490.037
 31
0.0
  0
LINE
  8
0
 62
     0
 10
2371.29
 20
490.037
 30
0.0
 11
2368.16
 21
490.037
 31
0.0
  0
LINE
  8
0
 62
     0
 10
2368.16
 20
490.037
 30
0.0
 11
2366.18
 21
490.037
 31
0.0
  0
LINE
  8
0
 62
     0
 10
2366.18
 20
490.037
 30
0.0
 11
2360.23
 21
490.411
 31
0.0
  0
LINE
  8
0
 62
     0
 10
2360.23
 20
490.411
 30
0.0
 11
2353.05
 21
491.522
 31
0.0
  0
LINE
  8
0
 62
     0
 10
2353.05
 20
491.522
 30
0.0
 11
2346.62
 21
493.374
 31
0.0
  0
LINE
  8
0
 62
     0
 10
2346.62
 20
493.374
 30
0.0
 11
2340.94
 21
495.97
 31
0.0
  0
LINE
  8
0
 62
     0
 10
2340.94
 20
495.97
 30
0.0
 11
2336
 21
499.308
 31
0.0
  0
LINE
  8
0
 62
     0
 10
2336
 20
499.308
 30
0.0
 11
2331.82
 21
503.386
 31
0.0
  0
LINE
  8
0
 62
     0
 10
2331.82
 20
503.386
 30
0.0
 11
2328.38
 21
508.201
 31
0.0
  0
LINE
  8
0
 62
     0
 10
2328.38
 20
508.201
 30
0.0
 11
2326.25
 21
512.329
 31
0.0
  0
LINE
  8
0
 62
     0
 10
2326.25
 20
512.329
 30
0.0
 11
2325.69
 21
513.761
 31
0.0
  0
LINE
  8
0
 62
     0
 10
2325.69
 20
513.761
 30
0.0
 11
2325.26
 21
514.77
 31
0.0
  0
LINE
  8
0
 62
     0
 10
2325.26
 20
514.77
 30
0.0
 11
2324.23
 21
517.91
 31
0.0
  0
LINE
  8
0
 62
     0
 10
2324.23
 20
517.91
 30
0.0
 11
2322.98
 21
523.085
 31
0.0
  0
LINE
  8
0
 62
     0
 10
2322.98
 20
523.085
 30
0.0
 11
2321.91
 21
529.29
 31
0.0
  0
LINE
  8
0
 62
     0
 10
2321.91
 20
529.29
 30
0.0
 11
2321.04
 21
536.522
 31
0.0
  0
LINE
  8
0
 62
     0
 10
2321.04
 20
536.522
 30
0.0
 11
2320.37
 21
544.784
 31
0.0
  0
LINE
  8
0
 62
     0
 10
2320.37
 20
544.784
 30
0.0
 11
2319.89
 21
554.076
 31
0.0
  0
LINE
  8
0
 62
     0
 10
2319.89
 20
554.076
 30
0.0
 11
2319.6
 21
564.392
 31
0.0
  0
LINE
  8
0
 62
     0
 10
2319.6
 20
564.392
 30
0.0
 11
2319.5
 21
572.901
 31
0.0
  0
LINE
  8
0
 62
     0
 10
2319.5
 20
572.901
 30
0.0
 11
2319.5
 21
575.737
 31
0.0
  0
LINE
  8
0
 62
     0
 10
2319.5
 20
575.737
 30
0.0
 11
2317.96
 21
575.737
 31
0.0
  0
LINE
  8
0
 62
     0
 10
2317.96
 20
575.737
 30
0.0
 11
2316.43
 21
572.95
 31
0.0
  0
LINE
  8
0
 62
     0
 10
2316.43
 20
572.95
 30
0.0
 11
2311.43
 21
564.804
 31
0.0
  0
LINE
  8
0
 62
     0
 10
2311.43
 20
564.804
 30
0.0
 11
2304.21
 21
554.577
 31
0.0
  0
LINE
  8
0
 62
     0
 10
2304.21
 20
554.577
 30
0.0
 11
2296.28
 21
545.056
 31
0.0
  0
LINE
  8
0
 62
     0
 10
2296.28
 20
545.056
 30
0.0
 11
2287.65
 21
536.236
 31
0.0
  0
LINE
  8
0
 62
     0
 10
2287.65
 20
536.236
 30
0.0
 11
2278.33
 21
528.126
 31
0.0
  0
LINE
  8
0
 62
     0
 10
2278.33
 20
528.126
 30
0.0
 11
2268.3
 21
520.718
 31
0.0
  0
LINE
  8
0
 62
     0
 10
2268.3
 20
520.718
 30
0.0
 11
2257.58
 21
514.018
 31
0.0
  0
LINE
  8
0
 62
     0
 10
2257.58
 20
514.018
 30
0.0
 11
2246.15
 21
508.025
 31
0.0
  0
LINE
  8
0
 62
     0
 10
2246.15
 20
508.025
 30
0.0
 11
2234.03
 21
502.733
 31
0.0
  0
LINE
  8
0
 62
     0
 10
2234.03
 20
502.733
 30
0.0
 11
2221.2
 21
498.147
 31
0.0
  0
LINE
  8
0
 62
     0
 10
2221.2
 20
498.147
 30
0.0
 11
2207.68
 21
494.27
 31
0.0
  0
LINE
  8
0
 62
     0
 10
2207.68
 20
494.27
 30
0.0
 11
2193.45
 21
491.095
 31
0.0
  0
LINE
  8
0
 62
     0
 10
2193.45
 20
491.095
 30
0.0
 11
2178.53
 21
488.625
 31
0.0
  0
LINE
  8
0
 62
     0
 10
2178.53
 20
488.625
 30
0.0
 11
2162.91
 21
486.862
 31
0.0
  0
LINE
  8
0
 62
     0
 10
2162.91
 20
486.862
 30
0.0
 11
2146.58
 21
485.803
 31
0.0
  0
LINE
  8
0
 62
     0
 10
2146.58
 20
485.803
 30
0.0
 11
2133.82
 21
485.45
 31
0.0
  0
LINE
  8
0
 62
     0
 10
2133.82
 20
485.45
 30
0.0
 11
2129.56
 21
485.45
 31
0.0
  0
LINE
  8
0
 62
     0
 10
2129.56
 20
485.45
 30
0.0
 11
2124.65
 21
485.45
 31
0.0
  0
LINE
  8
0
 62
     0
 10
2124.65
 20
485.45
 30
0.0
 11
2109.92
 21
485.92
 31
0.0
  0
LINE
  8
0
 62
     0
 10
2109.92
 20
485.92
 30
0.0
 11
2091.55
 21
487.317
 31
0.0
  0
LINE
  8
0
 62
     0
 10
2091.55
 20
487.317
 30
0.0
 11
2074.45
 21
489.648
 31
0.0
  0
LINE
  8
0
 62
     0
 10
2074.45
 20
489.648
 30
0.0
 11
2058.61
 21
492.912
 31
0.0
  0
LINE
  8
0
 62
     0
 10
2058.61
 20
492.912
 30
0.0
 11
2044.04
 21
497.11
 31
0.0
  0
LINE
  8
0
 62
     0
 10
2044.04
 20
497.11
 30
0.0
 11
2030.74
 21
502.239
 31
0.0
  0
LINE
  8
0
 62
     0
 10
2030.74
 20
502.239
 30
0.0
 11
2018.7
 21
508.3
 31
0.0
  0
LINE
  8
0
 62
     0
 10
2018.7
 20
508.3
 30
0.0
 11
2007.94
 21
515.295
 31
0.0
  0
LINE
  8
0
 62
     0
 10
2007.94
 20
515.295
 30
0.0
 11
1998.44
 21
523.219
 31
0.0
  0
LINE
  8
0
 62
     0
 10
1998.44
 20
523.219
 30
0.0
 11
1990.2
 21
532.077
 31
0.0
  0
LINE
  8
0
 62
     0
 10
1990.2
 20
532.077
 30
0.0
 11
1983.24
 21
541.87
 31
0.0
  0
LINE
  8
0
 62
     0
 10
1983.24
 20
541.87
 30
0.0
 11
1977.53
 21
552.595
 31
0.0
  0
LINE
  8
0
 62
     0
 10
1977.53
 20
552.595
 30
0.0
 11
1973.1
 21
564.25
 31
0.0
  0
LINE
  8
0
 62
     0
 10
1973.1
 20
564.25
 30
0.0
 11
1969.94
 21
576.838
 31
0.0
  0
LINE
  8
0
 62
     0
 10
1969.94
 20
576.838
 30
0.0
 11
1968.03
 21
590.359
 31
0.0
  0
LINE
  8
0
 62
     0
 10
1968.03
 20
590.359
 30
0.0
 11
1967.4
 21
601.2
 31
0.0
  0
LINE
  8
0
 62
     0
 10
1967.4
 20
601.2
 30
0.0
 11
1967.4
 21
604.813
 31
0.0
  0
LINE
  8
0
 62
     0
 10
1967.4
 20
604.813
 30
0.0
 11
1967.4
 21
607.928
 31
0.0
  0
LINE
  8
0
 62
     0
 10
1967.4
 20
607.928
 30
0.0
 11
1967.98
 21
617.269
 31
0.0
  0
LINE
  8
0
 62
     0
 10
1967.98
 20
617.269
 30
0.0
 11
1969.73
 21
629.003
 31
0.0
  0
LINE
  8
0
 62
     0
 10
1969.73
 20
629.003
 30
0.0
 11
1972.64
 21
640.009
 31
0.0
  0
LINE
  8
0
 62
     0
 10
1972.64
 20
640.009
 30
0.0
 11
1976.72
 21
650.296
 31
0.0
  0
LINE
  8
0
 62
     0
 10
1976.72
 20
650.296
 30
0.0
 11
1981.96
 21
659.857
 31
0.0
  0
LINE
  8
0
 62
     0
 10
1981.96
 20
659.857
 30
0.0
 11
1988.36
 21
668.694
 31
0.0
  0
LINE
  8
0
 62
     0
 10
1988.36
 20
668.694
 30
0.0
 11
1995.93
 21
676.808
 31
0.0
  0
LINE
  8
0
 62
     0
 10
1995.93
 20
676.808
 30
0.0
 11
2004.66
 21
684.198
 31
0.0
  0
LINE
  8
0
 62
     0
 10
2004.66
 20
684.198
 30
0.0
 11
2014.55
 21
690.869
 31
0.0
  0
LINE
  8
0
 62
     0
 10
2014.55
 20
690.869
 30
0.0
 11
2025.61
 21
696.814
 31
0.0
  0
LINE
  8
0
 62
     0
 10
2025.61
 20
696.814
 30
0.0
 11
2037.84
 21
702.035
 31
0.0
  0
LINE
  8
0
 62
     0
 10
2037.84
 20
702.035
 30
0.0
 11
2051.23
 21
706.533
 31
0.0
  0
LINE
  8
0
 62
     0
 10
2051.23
 20
706.533
 30
0.0
 11
2065.78
 21
710.307
 31
0.0
  0
LINE
  8
0
 62
     0
 10
2065.78
 20
710.307
 30
0.0
 11
2081.5
 21
713.363
 31
0.0
  0
LINE
  8
0
 62
     0
 10
2081.5
 20
713.363
 30
0.0
 11
2098.38
 21
715.691
 31
0.0
  0
LINE
  8
0
 62
     0
 10
2098.38
 20
715.691
 30
0.0
 11
2111.91
 21
716.993
 31
0.0
  0
LINE
  8
0
 62
     0
 10
2111.91
 20
716.993
 30
0.0
 11
2116.43
 21
717.296
 31
0.0
  0
LINE
  8
0
 62
     0
 10
2116.43
 20
717.296
 30
0.0
 11
2254.65
 21
726.482
 31
0.0
  0
LINE
  8
0
 62
     0
 10
2254.65
 20
726.482
 30
0.0
 11
2256.68
 21
726.62
 31
0.0
  0
LINE
  8
0
 62
     0
 10
2256.68
 20
726.62
 30
0.0
 11
2262.79
 21
727.149
 31
0.0
  0
LINE
  8
0
 62
     0
 10
2262.79
 20
727.149
 30
0.0
 11
2270.23
 21
728.01
 31
0.0
  0
LINE
  8
0
 62
     0
 10
2270.23
 20
728.01
 30
0.0
 11
2276.98
 21
729.061
 31
0.0
  0
LINE
  8
0
 62
     0
 10
2276.98
 20
729.061
 30
0.0
 11
2283.02
 21
730.299
 31
0.0
  0
LINE
  8
0
 62
     0
 10
2283.02
 20
730.299
 30
0.0
 11
2288.37
 21
731.732
 31
0.0
  0
LINE
  8
0
 62
     0
 10
2288.37
 20
731.732
 30
0.0
 11
2293.01
 21
733.358
 31
0.0
  0
LINE
  8
0
 62
     0
 10
2293.01
 20
733.358
 30
0.0
 11
2296.96
 21
735.175
 31
0.0
  0
LINE
  8
0
 62
     0
 10
2296.96
 20
735.175
 30
0.0
 11
2299.44
 21
736.625
 31
0.0
  0
LINE
  8
0
 62
     0
 10
2299.44
 20
736.625
 30
0.0
 11
2300.21
 21
737.186
 31
0.0
  0
LINE
  8
0
 62
     0
 10
2300.21
 20
737.186
 30
0.0
 11
2301.14
 21
737.909
 31
0.0
  0
LINE
  8
0
 62
     0
 10
2301.14
 20
737.909
 30
0.0
 11
2303.65
 21
740.403
 31
0.0
  0
LINE
  8
0
 62
     0
 10
2303.65
 20
740.403
 30
0.0
 11
2306.63
 21
744.312
 31
0.0
  0
LINE
  8
0
 62
     0
 10
2306.63
 20
744.312
 30
0.0
 11
2309.15
 21
748.915
 31
0.0
  0
LINE
  8
0
 62
     0
 10
2309.15
 20
748.915
 30
0.0
 11
2311.21
 21
754.211
 31
0.0
  0
LINE
  8
0
 62
     0
 10
2311.21
 20
754.211
 30
0.0
 11
2312.81
 21
760.197
 31
0.0
  0
LINE
  8
0
 62
     0
 10
2312.81
 20
760.197
 30
0.0
 11
2313.96
 21
766.882
 31
0.0
  0
LINE
  8
0
 62
     0
 10
2313.96
 20
766.882
 30
0.0
 11
2314.64
 21
774.259
 31
0.0
  0
LINE
  8
0
 62
     0
 10
2314.64
 20
774.259
 30
0.0
 11
2314.87
 21
780.309
 31
0.0
  0
LINE
  8
0
 62
     0
 10
2314.87
 20
780.309
 30
0.0
 11
2314.87
 21
782.327
 31
0.0
  0
LINE
  8
0
 62
     0
 10
2314.87
 20
782.327
 30
0.0
 11
2314.87
 21
784.966
 31
0.0
  0
LINE
  8
0
 62
     0
 10
2314.87
 20
784.966
 30
0.0
 11
2314.41
 21
792.875
 31
0.0
  0
LINE
  8
0
 62
     0
 10
2314.41
 20
792.875
 30
0.0
 11
2313.04
 21
802.703
 31
0.0
  0
LINE
  8
0
 62
     0
 10
2313.04
 20
802.703
 30
0.0
 11
2310.75
 21
811.812
 31
0.0
  0
LINE
  8
0
 62
     0
 10
2310.75
 20
811.812
 30
0.0
 11
2307.54
 21
820.208
 31
0.0
  0
LINE
  8
0
 62
     0
 10
2307.54
 20
820.208
 30
0.0
 11
2303.41
 21
827.885
 31
0.0
  0
LINE
  8
0
 62
     0
 10
2303.41
 20
827.885
 30
0.0
 11
2298.37
 21
834.842
 31
0.0
  0
LINE
  8
0
 62
     0
 10
2298.37
 20
834.842
 30
0.0
 11
2292.41
 21
841.086
 31
0.0
  0
LINE
  8
0
 62
     0
 10
2292.41
 20
841.086
 30
0.0
 11
2287.33
 21
845.344
 31
0.0
  0
LINE
  8
0
 62
     0
 10
2287.33
 20
845.344
 30
0.0
 11
2285.53
 21
846.61
 31
0.0
  0
LINE
  8
0
 62
     0
 10
2285.53
 20
846.61
 30
0.0
 11
2283.23
 21
848.191
 31
0.0
  0
LINE
  8
0
 62
     0
 10
2283.23
 20
848.191
 30
0.0
 11
2275.92
 21
852.343
 31
0.0
  0
LINE
  8
0
 62
     0
 10
2275.92
 20
852.343
 30
0.0
 11
2264.87
 21
857.313
 31
0.0
  0
LINE
  8
0
 62
     0
 10
2264.87
 20
857.313
 30
0.0
 11
2252.37
 21
861.522
 31
0.0
  0
LINE
  8
0
 62
     0
 10
2252.37
 20
861.522
 30
0.0
 11
2238.42
 21
864.965
 31
0.0
  0
LINE
  8
0
 62
     0
 10
2238.42
 20
864.965
 30
0.0
 11
2223.03
 21
867.643
 31
0.0
  0
LINE
  8
0
 62
     0
 10
2223.03
 20
867.643
 30
0.0
 11
2206.19
 21
869.555
 31
0.0
  0
LINE
  8
0
 62
     0
 10
2206.19
 20
869.555
 30
0.0
 11
2187.9
 21
870.705
 31
0.0
  0
LINE
  8
0
 62
     0
 10
2187.9
 20
870.705
 30
0.0
 11
2173.09
 21
871.086
 31
0.0
  0
LINE
  8
0
 62
     0
 10
2173.09
 20
871.086
 30
0.0
 11
2168.16
 21
871.086
 31
0.0
  0
LINE
  8
0
 62
     0
 10
2168.16
 20
871.086
 30
0.0
 11
2163.59
 21
871.086
 31
0.0
  0
LINE
  8
0
 62
     0
 10
2163.59
 20
871.086
 30
0.0
 11
2149.9
 21
870.705
 31
0.0
  0
LINE
  8
0
 62
     0
 10
2149.9
 20
870.705
 30
0.0
 11
2132.97
 21
869.555
 31
0.0
  0
LINE
  8
0
 62
     0
 10
2132.97
 20
869.555
 30
0.0
 11
2117.37
 21
867.643
 31
0.0
  0
LINE
  8
0
 62
     0
 10
2117.37
 20
867.643
 30
0.0
 11
2103.1
 21
864.965
 31
0.0
  0
LINE
  8
0
 62
     0
 10
2103.1
 20
864.965
 30
0.0
 11
2090.16
 21
861.522
 31
0.0
  0
LINE
  8
0
 62
     0
 10
2090.16
 20
861.522
 30
0.0
 11
2078.54
 21
857.313
 31
0.0
  0
LINE
  8
0
 62
     0
 10
2078.54
 20
857.313
 30
0.0
 11
2068.25
 21
852.343
 31
0.0
  0
LINE
  8
0
 62
     0
 10
2068.25
 20
852.343
 30
0.0
 11
2061.43
 21
848.184
 31
0.0
  0
LINE
  8
0
 62
     0
 10
2061.43
 20
848.184
 30
0.0
 11
2059.29
 21
846.61
 31
0.0
  0
LINE
  8
0
 62
     0
 10
2059.29
 20
846.61
 30
0.0
 11
2057.4
 21
845.167
 31
0.0
  0
LINE
  8
0
 62
     0
 10
2057.4
 20
845.167
 30
0.0
 11
2052.1
 21
840.37
 31
0.0
  0
LINE
  8
0
 62
     0
 10
2052.1
 20
840.37
 30
0.0
 11
2045.58
 21
833.124
 31
0.0
  0
LINE
  8
0
 62
     0
 10
2045.58
 20
833.124
 30
0.0
 11
2039.74
 21
824.876
 31
0.0
  0
LINE
  8
0
 62
     0
 10
2039.74
 20
824.876
 30
0.0
 11
2034.58
 21
815.619
 31
0.0
  0
LINE
  8
0
 62
     0
 10
2034.58
 20
815.619
 30
0.0
 11
2030.08
 21
805.36
 31
0.0
  0
LINE
  8
0
 62
     0
 10
2030.08
 20
805.36
 30
0.0
 11
2026.27
 21
794.096
 31
0.0
  0
LINE
  8
0
 62
     0
 10
2026.27
 20
794.096
 30
0.0
 11
2023.13
 21
781.826
 31
0.0
  0
LINE
  8
0
 62
     0
 10
2023.13
 20
781.826
 30
0.0
 11
2021.19
 21
771.888
 31
0.0
  0
LINE
  8
0
 62
     0
 10
2021.19
 20
771.888
 30
0.0
 11
2020.67
 21
768.555
 31
0.0
  0
LINE
  8
0
 62
     0
 10
2565.04
 20
889.459
 30
0.0
 11
2565.04
 21
1021.83
 31
0.0
  0
LINE
  8
0
 62
     0
 10
2565.04
 20
1021.83
 30
0.0
 11
2600.56
 21
1021.83
 31
0.0
  0
LINE
  8
0
 62
     0
 10
2600.56
 20
1021.83
 30
0.0
 11
2600.56
 21
889.459
 31
0.0
  0
LINE
  8
0
 62
     0
 10
2600.56
 20
889.459
 30
0.0
 11
2717.93
 21
889.459
 31
0.0
  0
LINE
  8
0
 62
     0
 10
2717.93
 20
889.459
 30
0.0
 11
2717.93
 21
858.855
 31
0.0
  0
LINE
  8
0
 62
     0
 10
2717.93
 20
858.855
 30
0.0
 11
2600.56
 21
858.855
 31
0.0
  0
LINE
  8
0
 62
     0
 10
2600.56
 20
858.855
 30
0.0
 11
2600.56
 21
576.502
 31
0.0
  0
LINE
  8
0
 62
     0
 10
2600.56
 20
576.502
 30
0.0
 11
2600.56
 21
574.435
 31
0.0
  0
LINE
  8
0
 62
     0
 10
2600.56
 20
574.435
 30
0.0
 11
2600.89
 21
568.244
 31
0.0
  0
LINE
  8
0
 62
     0
 10
2600.89
 20
568.244
 30
0.0
 11
2601.86
 21
560.677
 31
0.0
  0
LINE
  8
0
 62
     0
 10
2601.86
 20
560.677
 30
0.0
 11
2603.49
 21
553.801
 31
0.0
  0
LINE
  8
0
 62
     0
 10
2603.49
 20
553.801
 30
0.0
 11
2605.78
 21
547.617
 31
0.0
  0
LINE
  8
0
 62
     0
 10
2605.78
 20
547.617
 30
0.0
 11
2608.71
 21
542.131
 31
0.0
  0
LINE
  8
0
 62
     0
 10
2608.71
 20
542.131
 30
0.0
 11
2612.29
 21
537.337
 31
0.0
  0
LINE
  8
0
 62
     0
 10
2612.29
 20
537.337
 30
0.0
 11
2616.53
 21
533.238
 31
0.0
  0
LINE
  8
0
 62
     0
 10
2616.53
 20
533.238
 30
0.0
 11
2620.13
 21
530.581
 31
0.0
  0
LINE
  8
0
 62
     0
 10
2620.13
 20
530.581
 30
0.0
 11
2621.42
 21
529.83
 31
0.0
  0
LINE
  8
0
 62
     0
 10
2621.42
 20
529.83
 30
0.0
 11
2622.38
 21
529.23
 31
0.0
  0
LINE
  8
0
 62
     0
 10
2622.38
 20
529.23
 30
0.0
 11
2625.42
 21
527.681
 31
0.0
  0
LINE
  8
0
 62
     0
 10
2625.42
 20
527.681
 30
0.0
 11
2630.1
 21
525.815
 31
0.0
  0
LINE
  8
0
 62
     0
 10
2630.1
 20
525.815
 30
0.0
 11
2635.45
 21
524.242
 31
0.0
  0
LINE
  8
0
 62
     0
 10
2635.45
 20
524.242
 30
0.0
 11
2641.48
 21
522.951
 31
0.0
  0
LINE
  8
0
 62
     0
 10
2641.48
 20
522.951
 30
0.0
 11
2648.19
 21
521.949
 31
0.0
  0
LINE
  8
0
 62
     0
 10
2648.19
 20
521.949
 30
0.0
 11
2655.58
 21
521.229
 31
0.0
  0
LINE
  8
0
 62
     0
 10
2655.58
 20
521.229
 30
0.0
 11
2663.65
 21
520.802
 31
0.0
  0
LINE
  8
0
 62
     0
 10
2663.65
 20
520.802
 30
0.0
 11
2670.2
 21
520.658
 31
0.0
  0
LINE
  8
0
 62
     0
 10
2670.2
 20
520.658
 30
0.0
 11
2672.39
 21
520.658
 31
0.0
  0
LINE
  8
0
 62
     0
 10
2672.39
 20
520.658
 30
0.0
 11
2672.62
 21
520.658
 31
0.0
  0
LINE
  8
0
 62
     0
 10
2672.62
 20
520.658
 30
0.0
 11
2673.32
 21
520.728
 31
0.0
  0
LINE
  8
0
 62
     0
 10
2673.32
 20
520.728
 30
0.0
 11
2675.75
 21
520.943
 31
0.0
  0
LINE
  8
0
 62
     0
 10
2675.75
 20
520.943
 30
0.0
 11
2679.68
 21
521.3
 31
0.0
  0
LINE
  8
0
 62
     0
 10
2679.68
 20
521.3
 30
0.0
 11
2685.11
 21
521.804
 31
0.0
  0
LINE
  8
0
 62
     0
 10
2685.11
 20
521.804
 30
0.0
 11
2692.03
 21
522.446
 31
0.0
  0
LINE
  8
0
 62
     0
 10
2692.03
 20
522.446
 30
0.0
 11
2700.46
 21
523.236
 31
0.0
  0
LINE
  8
0
 62
     0
 10
2700.46
 20
523.236
 30
0.0
 11
2710.37
 21
524.168
 31
0.0
  0
LINE
  8
0
 62
     0
 10
2710.37
 20
524.168
 30
0.0
 11
2718.93
 21
524.972
 31
0.0
  0
LINE
  8
0
 62
     0
 10
2718.93
 20
524.972
 30
0.0
 11
2721.79
 21
525.244
 31
0.0
  0
LINE
  8
0
 62
     0
 10
2721.79
 20
525.244
 30
0.0
 11
2721.79
 21
494.637
 31
0.0
  0
LINE
  8
0
 62
     0
 10
2721.79
 20
494.637
 30
0.0
 11
2718.77
 21
494.019
 31
0.0
  0
LINE
  8
0
 62
     0
 10
2718.77
 20
494.019
 30
0.0
 11
2709.63
 21
492.629
 31
0.0
  0
LINE
  8
0
 62
     0
 10
2709.63
 20
492.629
 30
0.0
 11
2695.54
 21
491.19
 31
0.0
  0
LINE
  8
0
 62
     0
 10
2695.54
 20
491.19
 30
0.0
 11
2679.51
 21
490.326
 31
0.0
  0
LINE
  8
0
 62
     0
 10
2679.51
 20
490.326
 30
0.0
 11
2666.05
 21
490.037
 31
0.0
  0
LINE
  8
0
 62
     0
 10
2666.05
 20
490.037
 30
0.0
 11
2661.56
 21
490.037
 31
0.0
  0
LINE
  8
0
 62
     0
 10
2661.56
 20
490.037
 30
0.0
 11
2658
 21
490.037
 31
0.0
  0
LINE
  8
0
 62
     0
 10
2658
 20
490.037
 30
0.0
 11
2647.31
 21
490.421
 31
0.0
  0
LINE
  8
0
 62
     0
 10
2647.31
 20
490.421
 30
0.0
 11
2634.3
 21
491.568
 31
0.0
  0
LINE
  8
0
 62
     0
 10
2634.3
 20
491.568
 30
0.0
 11
2622.51
 21
493.48
 31
0.0
  0
LINE
  8
0
 62
     0
 10
2622.51
 20
493.48
 30
0.0
 11
2611.95
 21
496.157
 31
0.0
  0
LINE
  8
0
 62
     0
 10
2611.95
 20
496.157
 30
0.0
 11
2602.63
 21
499.6
 31
0.0
  0
LINE
  8
0
 62
     0
 10
2602.63
 20
499.6
 30
0.0
 11
2594.53
 21
503.809
 31
0.0
  0
LINE
  8
0
 62
     0
 10
2594.53
 20
503.809
 30
0.0
 11
2587.66
 21
508.787
 31
0.0
  0
LINE
  8
0
 62
     0
 10
2587.66
 20
508.787
 30
0.0
 11
2583.3
 21
512.978
 31
0.0
  0
LINE
  8
0
 62
     0
 10
2583.3
 20
512.978
 30
0.0
 11
2582.03
 21
514.526
 31
0.0
  0
LINE
  8
0
 62
     0
 10
2582.03
 20
514.526
 30
0.0
 11
2580.92
 21
515.923
 31
0.0
  0
LINE
  8
0
 62
     0
 10
2580.92
 20
515.923
 30
0.0
 11
2578.05
 21
520.478
 31
0.0
  0
LINE
  8
0
 62
     0
 10
2578.05
 20
520.478
 30
0.0
 11
2574.6
 21
527.625
 31
0.0
  0
LINE
  8
0
 62
     0
 10
2574.6
 20
527.625
 30
0.0
 11
2571.68
 21
535.972
 31
0.0
  0
LINE
  8
0
 62
     0
 10
2571.68
 20
535.972
 30
0.0
 11
2569.29
 21
545.514
 31
0.0
  0
LINE
  8
0
 62
     0
 10
2569.29
 20
545.514
 30
0.0
 11
2567.43
 21
556.249
 31
0.0
  0
LINE
  8
0
 62
     0
 10
2567.43
 20
556.249
 30
0.0
 11
2566.11
 21
568.187
 31
0.0
  0
LINE
  8
0
 62
     0
 10
2566.11
 20
568.187
 30
0.0
 11
2565.31
 21
581.314
 31
0.0
  0
LINE
  8
0
 62
     0
 10
2565.31
 20
581.314
 30
0.0
 11
2565.04
 21
592.06
 31
0.0
  0
LINE
  8
0
 62
     0
 10
2565.04
 20
592.06
 30
0.0
 11
2565.04
 21
595.641
 31
0.0
  0
LINE
  8
0
 62
     0
 10
2565.04
 20
595.641
 30
0.0
 11
2565.04
 21
858.855
 31
0.0
  0
LINE
  8
0
 62
     0
 10
2565.04
 20
858.855
 30
0.0
 11
2475.47
 21
858.855
 31
0.0
  0
LINE
  8
0
 62
     0
 10
2475.47
 20
858.855
 30
0.0
 11
2475.47
 21
889.459
 31
0.0
  0
LINE
  8
0
 62
     0
 10
2475.47
 20
889.459
 30
0.0
 11
2565.04
 21
889.459
 31
0.0
  0
LINE
  8
0
 62
     0
 10
3170.41
 20
644.606
 30
0.0
 11
3170.41
 21
716.53
 31
0.0
  0
LINE
  8
0
 62
     0
 10
3170.41
 20
716.53
 30
0.0
 11
3168.87
 21
716.53
 31
0.0
  0
LINE
  8
0
 62
     0
 10
3168.87
 20
716.53
 30
0.0
 11
3167.83
 21
715.402
 31
0.0
  0
LINE
  8
0
 62
     0
 10
3167.83
 20
715.402
 30
0.0
 11
3164.34
 21
712.354
 31
0.0
  0
LINE
  8
0
 62
     0
 10
3164.34
 20
712.354
 30
0.0
 11
3158.84
 21
708.632
 31
0.0
  0
LINE
  8
0
 62
     0
 10
3158.84
 20
708.632
 30
0.0
 11
3152.37
 21
705.365
 31
0.0
  0
LINE
  8
0
 62
     0
 10
3152.37
 20
705.365
 30
0.0
 11
3144.94
 21
702.557
 31
0.0
  0
LINE
  8
0
 62
     0
 10
3144.94
 20
702.557
 30
0.0
 11
3136.54
 21
700.2
 31
0.0
  0
LINE
  8
0
 62
     0
 10
3136.54
 20
700.2
 30
0.0
 11
3127.18
 21
698.302
 31
0.0
  0
LINE
  8
0
 62
     0
 10
3127.18
 20
698.302
 30
0.0
 11
3116.85
 21
696.856
 31
0.0
  0
LINE
  8
0
 62
     0
 10
3116.85
 20
696.856
 30
0.0
 11
3108.38
 21
696.048
 31
0.0
  0
LINE
  8
0
 62
     0
 10
3108.38
 20
696.048
 30
0.0
 11
3105.56
 21
695.865
 31
0.0
  0
LINE
  8
0
 62
     0
 10
3105.56
 20
695.865
 30
0.0
 11
2971.97
 21
686.689
 31
0.0
  0
LINE
  8
0
 62
     0
 10
2971.97
 20
686.689
 30
0.0
 11
2968.53
 21
686.46
 31
0.0
  0
LINE
  8
0
 62
     0
 10
2968.53
 20
686.46
 30
0.0
 11
2958.22
 21
685.472
 31
0.0
  0
LINE
  8
0
 62
     0
 10
2958.22
 20
685.472
 30
0.0
 11
2945.37
 21
683.733
 31
0.0
  0
LINE
  8
0
 62
     0
 10
2945.37
 20
683.733
 30
0.0
 11
2933.4
 21
681.478
 31
0.0
  0
LINE
  8
0
 62
     0
 10
2933.4
 20
681.478
 30
0.0
 11
2922.31
 21
678.699
 31
0.0
  0
LINE
  8
0
 62
     0
 10
2922.31
 20
678.699
 30
0.0
 11
2912.11
 21
675.4
 31
0.0
  0
LINE
  8
0
 62
     0
 10
2912.11
 20
675.4
 30
0.0
 11
2902.8
 21
671.583
 31
0.0
  0
LINE
  8
0
 62
     0
 10
2902.8
 20
671.583
 30
0.0
 11
2894.38
 21
667.247
 31
0.0
  0
LINE
  8
0
 62
     0
 10
2894.38
 20
667.247
 30
0.0
 11
2886.84
 21
662.39
 31
0.0
  0
LINE
  8
0
 62
     0
 10
2886.84
 20
662.39
 30
0.0
 11
2880.19
 21
657.01
 31
0.0
  0
LINE
  8
0
 62
     0
 10
2880.19
 20
657.01
 30
0.0
 11
2874.42
 21
651.115
 31
0.0
  0
LINE
  8
0
 62
     0
 10
2874.42
 20
651.115
 30
0.0
 11
2869.54
 21
644.698
 31
0.0
  0
LINE
  8
0
 62
     0
 10
2869.54
 20
644.698
 30
0.0
 11
2865.55
 21
637.759
 31
0.0
  0
LINE
  8
0
 62
     0
 10
2865.55
 20
637.759
 30
0.0
 11
2862.45
 21
630.305
 31
0.0
  0
LINE
  8
0
 62
     0
 10
2862.45
 20
630.305
 30
0.0
 11
2860.23
 21
622.328
 31
0.0
  0
LINE
  8
0
 62
     0
 10
2860.23
 20
622.328
 30
0.0
 11
2858.9
 21
613.83
 31
0.0
  0
LINE
  8
0
 62
     0
 10
2858.9
 20
613.83
 30
0.0
 11
2858.46
 21
607.067
 31
0.0
  0
LINE
  8
0
 62
     0
 10
2858.46
 20
607.067
 30
0.0
 11
2858.46
 21
604.813
 31
0.0
  0
LINE
  8
0
 62
     0
 10
2858.46
 20
604.813
 30
0.0
 11
2858.46
 21
602.128
 31
0.0
  0
LINE
  8
0
 62
     0
 10
2858.46
 20
602.128
 30
0.0
 11
2858.96
 21
594.064
 31
0.0
  0
LINE
  8
0
 62
     0
 10
2858.96
 20
594.064
 30
0.0
 11
2860.47
 21
584.009
 31
0.0
  0
LINE
  8
0
 62
     0
 10
2860.47
 20
584.009
 30
0.0
 11
2862.99
 21
574.65
 31
0.0
  0
LINE
  8
0
 62
     0
 10
2862.99
 20
574.65
 30
0.0
 11
2866.52
 21
565.983
 31
0.0
  0
LINE
  8
0
 62
     0
 10
2866.52
 20
565.983
 30
0.0
 11
2871.05
 21
558.006
 31
0.0
  0
LINE
  8
0
 62
     0
 10
2871.05
 20
558.006
 30
0.0
 11
2876.59
 21
550.728
 31
0.0
  0
LINE
  8
0
 62
     0
 10
2876.59
 20
550.728
 30
0.0
 11
2883.14
 21
544.139
 31
0.0
  0
LINE
  8
0
 62
     0
 10
2883.14
 20
544.139
 30
0.0
 11
2890.7
 21
538.244
 31
0.0
  0
LINE
  8
0
 62
     0
 10
2890.7
 20
538.244
 30
0.0
 11
2899.26
 21
533.044
 31
0.0
  0
LINE
  8
0
 62
     0
 10
2899.26
 20
533.044
 30
0.0
 11
2908.83
 21
528.539
 31
0.0
  0
LINE
  8
0
 62
     0
 10
2908.83
 20
528.539
 30
0.0
 11
2919.41
 21
524.725
 31
0.0
  0
LINE
  8
0
 62
     0
 10
2919.41
 20
524.725
 30
0.0
 11
2931
 21
521.603
 31
0.0
  0
LINE
  8
0
 62
     0
 10
2931
 20
521.603
 30
0.0
 11
2943.59
 21
519.176
 31
0.0
  0
LINE
  8
0
 62
     0
 10
2943.59
 20
519.176
 30
0.0
 11
2957.19
 21
517.444
 31
0.0
  0
LINE
  8
0
 62
     0
 10
2957.19
 20
517.444
 30
0.0
 11
2971.8
 21
516.403
 31
0.0
  0
LINE
  8
0
 62
     0
 10
2971.8
 20
516.403
 30
0.0
 11
2983.51
 21
516.057
 31
0.0
  0
LINE
  8
0
 62
     0
 10
2983.51
 20
516.057
 30
0.0
 11
2987.42
 21
516.057
 31
0.0
  0
LINE
  8
0
 62
     0
 10
2987.42
 20
516.057
 30
0.0
 11
2991.69
 21
516.057
 31
0.0
  0
LINE
  8
0
 62
     0
 10
2991.69
 20
516.057
 30
0.0
 11
3004.51
 21
516.513
 31
0.0
  0
LINE
  8
0
 62
     0
 10
3004.51
 20
516.513
 30
0.0
 11
3021.05
 21
517.871
 31
0.0
  0
LINE
  8
0
 62
     0
 10
3021.05
 20
517.871
 30
0.0
 11
3037.04
 21
520.143
 31
0.0
  0
LINE
  8
0
 62
     0
 10
3037.04
 20
520.143
 30
0.0
 11
3052.47
 21
523.321
 31
0.0
  0
LINE
  8
0
 62
     0
 10
3052.47
 20
523.321
 30
0.0
 11
3067.35
 21
527.41
 31
0.0
  0
LINE
  8
0
 62
     0
 10
3067.35
 20
527.41
 30
0.0
 11
3081.67
 21
532.409
 31
0.0
  0
LINE
  8
0
 62
     0
 10
3081.67
 20
532.409
 30
0.0
 11
3095.43
 21
538.314
 31
0.0
  0
LINE
  8
0
 62
     0
 10
3095.43
 20
538.314
 30
0.0
 11
3105.41
 21
543.31
 31
0.0
  0
LINE
  8
0
 62
     0
 10
3105.41
 20
543.31
 30
0.0
 11
3108.64
 21
545.13
 31
0.0
  0
LINE
  8
0
 62
     0
 10
3108.64
 20
545.13
 30
0.0
 11
3110.54
 21
546.213
 31
0.0
  0
LINE
  8
0
 62
     0
 10
3110.54
 20
546.213
 30
0.0
 11
3116.12
 21
549.645
 31
0.0
  0
LINE
  8
0
 62
     0
 10
3116.12
 20
549.645
 30
0.0
 11
3123.12
 21
554.383
 31
0.0
  0
LINE
  8
0
 62
     0
 10
3123.12
 20
554.383
 30
0.0
 11
3129.63
 21
559.35
 31
0.0
  0
LINE
  8
0
 62
     0
 10
3129.63
 20
559.35
 30
0.0
 11
3135.67
 21
564.547
 31
0.0
  0
LINE
  8
0
 62
     0
 10
3135.67
 20
564.547
 30
0.0
 11
3141.21
 21
569.969
 31
0.0
  0
LINE
  8
0
 62
     0
 10
3141.21
 20
569.969
 30
0.0
 11
3146.28
 21
575.617
 31
0.0
  0
LINE
  8
0
 62
     0
 10
3146.28
 20
575.617
 30
0.0
 11
3150.87
 21
581.494
 31
0.0
  0
LINE
  8
0
 62
     0
 10
3150.87
 20
581.494
 30
0.0
 11
3154.97
 21
587.597
 31
0.0
  0
LINE
  8
0
 62
     0
 10
3154.97
 20
587.597
 30
0.0
 11
3158.59
 21
593.926
 31
0.0
  0
LINE
  8
0
 62
     0
 10
3158.59
 20
593.926
 30
0.0
 11
3161.73
 21
600.484
 31
0.0
  0
LINE
  8
0
 62
     0
 10
3161.73
 20
600.484
 30
0.0
 11
3164.38
 21
607.272
 31
0.0
  0
LINE
  8
0
 62
     0
 10
3164.38
 20
607.272
 30
0.0
 11
3166.55
 21
614.285
 31
0.0
  0
LINE
  8
0
 62
     0
 10
3166.55
 20
614.285
 30
0.0
 11
3168.24
 21
621.524
 31
0.0
  0
LINE
  8
0
 62
     0
 10
3168.24
 20
621.524
 30
0.0
 11
3169.45
 21
628.989
 31
0.0
  0
LINE
  8
0
 62
     0
 10
3169.45
 20
628.989
 30
0.0
 11
3170.17
 21
636.686
 31
0.0
  0
LINE
  8
0
 62
     0
 10
3170.17
 20
636.686
 30
0.0
 11
3170.41
 21
642.627
 31
0.0
  0
LINE
  8
0
 62
     0
 10
3170.41
 20
642.627
 30
0.0
 11
3170.41
 21
644.606
 31
0.0
  0
LINE
  8
0
 62
     0
 10
2876.21
 20
768.555
 30
0.0
 11
2840.7
 21
768.555
 31
0.0
  0
LINE
  8
0
 62
     0
 10
2840.7
 20
768.555
 30
0.0
 11
2841.31
 21
772.996
 31
0.0
  0
LINE
  8
0
 62
     0
 10
2841.31
 20
772.996
 30
0.0
 11
2843.7
 21
786.239
 31
0.0
  0
LINE
  8
0
 62
     0
 10
2843.7
 20
786.239
 30
0.0
 11
2847.7
 21
802.559
 31
0.0
  0
LINE
  8
0
 62
     0
 10
2847.7
 20
802.559
 30
0.0
 11
2852.68
 21
817.517
 31
0.0
  0
LINE
  8
0
 62
     0
 10
2852.68
 20
817.517
 30
0.0
 11
2858.65
 21
831.113
 31
0.0
  0
LINE
  8
0
 62
     0
 10
2858.65
 20
831.113
 30
0.0
 11
2865.62
 21
843.34
 31
0.0
  0
LINE
  8
0
 62
     0
 10
2865.62
 20
843.34
 30
0.0
 11
2873.57
 21
854.209
 31
0.0
  0
LINE
  8
0
 62
     0
 10
2873.57
 20
854.209
 30
0.0
 11
2882.51
 21
863.713
 31
0.0
  0
LINE
  8
0
 62
     0
 10
2882.51
 20
863.713
 30
0.0
 11
2889.84
 21
869.989
 31
0.0
  0
LINE
  8
0
 62
     0
 10
2889.84
 20
869.989
 30
0.0
 11
2892.44
 21
871.851
 31
0.0
  0
LINE
  8
0
 62
     0
 10
2892.44
 20
871.851
 30
0.0
 11
2895.12
 21
873.767
 31
0.0
  0
LINE
  8
0
 62
     0
 10
2895.12
 20
873.767
 30
0.0
 11
2903.63
 21
878.847
 31
0.0
  0
LINE
  8
0
 62
     0
 10
2903.63
 20
878.847
 30
0.0
 11
2916.33
 21
884.911
 31
0.0
  0
LINE
  8
0
 62
     0
 10
2916.33
 20
884.911
 30
0.0
 11
2930.55
 21
890.041
 31
0.0
  0
LINE
  8
0
 62
     0
 10
2930.55
 20
890.041
 30
0.0
 11
2946.3
 21
894.235
 31
0.0
  0
LINE
  8
0
 62
     0
 10
2946.3
 20
894.235
 30
0.0
 11
2963.56
 21
897.498
 31
0.0
  0
LINE
  8
0
 62
     0
 10
2963.56
 20
897.498
 30
0.0
 11
2982.34
 21
899.827
 31
0.0
  0
LINE
  8
0
 62
     0
 10
2982.34
 20
899.827
 30
0.0
 11
3002.65
 21
901.224
 31
0.0
  0
LINE
  8
0
 62
     0
 10
3002.65
 20
901.224
 30
0.0
 11
3019.02
 21
901.689
 31
0.0
  0
LINE
  8
0
 62
     0
 10
3019.02
 20
901.689
 30
0.0
 11
3024.47
 21
901.689
 31
0.0
  0
LINE
  8
0
 62
     0
 10
3024.47
 20
901.689
 30
0.0
 11
3029.98
 21
901.689
 31
0.0
  0
LINE
  8
0
 62
     0
 10
3029.98
 20
901.689
 30
0.0
 11
3046.49
 21
901.308
 31
0.0
  0
LINE
  8
0
 62
     0
 10
3046.49
 20
901.308
 30
0.0
 11
3066.99
 21
900.162
 31
0.0
  0
LINE
  8
0
 62
     0
 10
3066.99
 20
900.162
 30
0.0
 11
3085.97
 21
898.25
 31
0.0
  0
LINE
  8
0
 62
     0
 10
3085.97
 20
898.25
 30
0.0
 11
3103.43
 21
895.572
 31
0.0
  0
LINE
  8
0
 62
     0
 10
3103.43
 20
895.572
 30
0.0
 11
3119.37
 21
892.133
 31
0.0
  0
LINE
  8
0
 62
     0
 10
3119.37
 20
892.133
 30
0.0
 11
3133.79
 21
887.924
 31
0.0
  0
LINE
  8
0
 62
     0
 10
3133.79
 20
887.924
 30
0.0
 11
3146.69
 21
882.953
 31
0.0
  0
LINE
  8
0
 62
     0
 10
3146.69
 20
882.953
 30
0.0
 11
3155.32
 21
878.801
 31
0.0
  0
LINE
  8
0
 62
     0
 10
3155.32
 20
878.801
 30
0.0
 11
3158.07
 21
877.214
 31
0.0
  0
LINE
  8
0
 62
     0
 10
3158.07
 20
877.214
 30
0.0
 11
3160.98
 21
875.584
 31
0.0
  0
LINE
  8
0
 62
     0
 10
3160.98
 20
875.584
 30
0.0
 11
3169.28
 21
869.943
 31
0.0
  0
LINE
  8
0
 62
     0
 10
3169.28
 20
869.943
 30
0.0
 11
3179.01
 21
861.522
 31
0.0
  0
LINE
  8
0
 62
     0
 10
3179.01
 20
861.522
 30
0.0
 11
3187.23
 21
851.958
 31
0.0
  0
LINE
  8
0
 62
     0
 10
3187.23
 20
851.958
 30
0.0
 11
3193.96
 21
841.244
 31
0.0
  0
LINE
  8
0
 62
     0
 10
3193.96
 20
841.244
 30
0.0
 11
3199.2
 21
829.388
 31
0.0
  0
LINE
  8
0
 62
     0
 10
3199.2
 20
829.388
 30
0.0
 11
3202.94
 21
816.381
 31
0.0
  0
LINE
  8
0
 62
     0
 10
3202.94
 20
816.381
 30
0.0
 11
3205.18
 21
802.227
 31
0.0
  0
LINE
  8
0
 62
     0
 10
3205.18
 20
802.227
 30
0.0
 11
3205.93
 21
790.751
 31
0.0
  0
LINE
  8
0
 62
     0
 10
3205.93
 20
790.751
 30
0.0
 11
3205.93
 21
786.927
 31
0.0
  0
LINE
  8
0
 62
     0
 10
3205.93
 20
786.927
 30
0.0
 11
3205.93
 21
567.327
 31
0.0
  0
LINE
  8
0
 62
     0
 10
3205.93
 20
567.327
 30
0.0
 11
3205.93
 21
564.349
 31
0.0
  0
LINE
  8
0
 62
     0
 10
3205.93
 20
564.349
 30
0.0
 11
3206.12
 21
555.413
 31
0.0
  0
LINE
  8
0
 62
     0
 10
3206.12
 20
555.413
 30
0.0
 11
3206.7
 21
545.705
 31
0.0
  0
LINE
  8
0
 62
     0
 10
3206.7
 20
545.705
 30
0.0
 11
3207.67
 21
538.194
 31
0.0
  0
LINE
  8
0
 62
     0
 10
3207.67
 20
538.194
 30
0.0
 11
3208.56
 21
534.166
 31
0.0
  0
LINE
  8
0
 62
     0
 10
3208.56
 20
534.166
 30
0.0
 11
3209.03
 21
532.888
 31
0.0
  0
LINE
  8
0
 62
     0
 10
3209.03
 20
532.888
 30
0.0
 11
3209.35
 21
532.148
 31
0.0
  0
LINE
  8
0
 62
     0
 10
3209.35
 20
532.148
 30
0.0
 11
3210.57
 21
530.02
 31
0.0
  0
LINE
  8
0
 62
     0
 10
3210.57
 20
530.02
 30
0.0
 11
3212.5
 21
527.537
 31
0.0
  0
LINE
  8
0
 62
     0
 10
3212.5
 20
527.537
 30
0.0
 11
3214.81
 21
525.434
 31
0.0
  0
LINE
  8
0
 62
     0
 10
3214.81
 20
525.434
 30
0.0
 11
3217.51
 21
523.713
 31
0.0
  0
LINE
  8
0
 62
     0
 10
3217.51
 20
523.713
 30
0.0
 11
3220.6
 21
522.376
 31
0.0
  0
LINE
  8
0
 62
     0
 10
3220.6
 20
522.376
 30
0.0
 11
3224.08
 21
521.42
 31
0.0
  0
LINE
  8
0
 62
     0
 10
3224.08
 20
521.42
 30
0.0
 11
3227.94
 21
520.848
 31
0.0
  0
LINE
  8
0
 62
     0
 10
3227.94
 20
520.848
 30
0.0
 11
3231.12
 21
520.658
 31
0.0
  0
LINE
  8
0
 62
     0
 10
3231.12
 20
520.658
 30
0.0
 11
3232.19
 21
520.658
 31
0.0
  0
LINE
  8
0
 62
     0
 10
3232.19
 20
520.658
 30
0.0
 11
3234.25
 21
520.658
 31
0.0
  0
LINE
  8
0
 62
     0
 10
3234.25
 20
520.658
 30
0.0
 11
3240.44
 21
521.039
 31
0.0
  0
LINE
  8
0
 62
     0
 10
3240.44
 20
521.039
 30
0.0
 11
3248.98
 21
522.182
 31
0.0
  0
LINE
  8
0
 62
     0
 10
3248.98
 20
522.182
 30
0.0
 11
3257.81
 21
524.09
 31
0.0
  0
LINE
  8
0
 62
     0
 10
3257.81
 20
524.09
 30
0.0
 11
3264.68
 21
526.027
 31
0.0
  0
LINE
  8
0
 62
     0
 10
3264.68
 20
526.027
 30
0.0
 11
3266.93
 21
526.771
 31
0.0
  0
LINE
  8
0
 62
     0
 10
3266.93
 20
526.771
 30
0.0
 11
3266.93
 21
496.168
 31
0.0
  0
LINE
  8
0
 62
     0
 10
3266.93
 20
496.168
 30
0.0
 11
3264.71
 21
495.367
 31
0.0
  0
LINE
  8
0
 62
     0
 10
3264.71
 20
495.367
 30
0.0
 11
3257.86
 21
493.49
 31
0.0
  0
LINE
  8
0
 62
     0
 10
3257.86
 20
493.49
 30
0.0
 11
3247.63
 21
491.575
 31
0.0
  0
LINE
  8
0
 62
     0
 10
3247.63
 20
491.575
 30
0.0
 11
3236.24
 21
490.421
 31
0.0
  0
LINE
  8
0
 62
     0
 10
3236.24
 20
490.421
 30
0.0
 11
3226.83
 21
490.037
 31
0.0
  0
LINE
  8
0
 62
     0
 10
3226.83
 20
490.037
 30
0.0
 11
3223.7
 21
490.037
 31
0.0
  0
LINE
  8
0
 62
     0
 10
3223.7
 20
490.037
 30
0.0
 11
3221.72
 21
490.037
 31
0.0
  0
LINE
  8
0
 62
     0
 10
3221.72
 20
490.037
 30
0.0
 11
3215.77
 21
490.411
 31
0.0
  0
LINE
  8
0
 62
     0
 10
3215.77
 20
490.411
 30
0.0
 11
3208.59
 21
491.522
 31
0.0
  0
LINE
  8
0
 62
     0
 10
3208.59
 20
491.522
 30
0.0
 11
3202.16
 21
493.374
 31
0.0
  0
LINE
  8
0
 62
     0
 10
3202.16
 20
493.374
 30
0.0
 11
3196.48
 21
495.97
 31
0.0
  0
LINE
  8
0
 62
     0
 10
3196.48
 20
495.97
 30
0.0
 11
3191.55
 21
499.308
 31
0.0
  0
LINE
  8
0
 62
     0
 10
3191.55
 20
499.308
 30
0.0
 11
3187.36
 21
503.386
 31
0.0
  0
LINE
  8
0
 62
     0
 10
3187.36
 20
503.386
 30
0.0
 11
3183.92
 21
508.201
 31
0.0
  0
LINE
  8
0
 62
     0
 10
3183.92
 20
508.201
 30
0.0
 11
3181.79
 21
512.329
 31
0.0
  0
LINE
  8
0
 62
     0
 10
3181.79
 20
512.329
 30
0.0
 11
3181.23
 21
513.761
 31
0.0
  0
LINE
  8
0
 62
     0
 10
3181.23
 20
513.761
 30
0.0
 11
3180.8
 21
514.77
 31
0.0
  0
LINE
  8
0
 62
     0
 10
3180.8
 20
514.77
 30
0.0
 11
3179.78
 21
517.91
 31
0.0
  0
LINE
  8
0
 62
     0
 10
3179.78
 20
517.91
 30
0.0
 11
3178.52
 21
523.085
 31
0.0
  0
LINE
  8
0
 62
     0
 10
3178.52
 20
523.085
 30
0.0
 11
3177.46
 21
529.29
 31
0.0
  0
LINE
  8
0
 62
     0
 10
3177.46
 20
529.29
 30
0.0
 11
3176.59
 21
536.522
 31
0.0
  0
LINE
  8
0
 62
     0
 10
3176.59
 20
536.522
 30
0.0
 11
3175.91
 21
544.784
 31
0.0
  0
LINE
  8
0
 62
     0
 10
3175.91
 20
544.784
 30
0.0
 11
3175.43
 21
554.076
 31
0.0
  0
LINE
  8
0
 62
     0
 10
3175.43
 20
554.076
 30
0.0
 11
3175.14
 21
564.392
 31
0.0
  0
LINE
  8
0
 62
     0
 10
3175.14
 20
564.392
 30
0.0
 11
3175.05
 21
572.901
 31
0.0
  0
LINE
  8
0
 62
     0
 10
3175.05
 20
572.901
 30
0.0
 11
3175.05
 21
575.737
 31
0.0
  0
LINE
  8
0
 62
     0
 10
3175.05
 20
575.737
 30
0.0
 11
3173.5
 21
575.737
 31
0.0
  0
LINE
  8
0
 62
     0
 10
3173.5
 20
575.737
 30
0.0
 11
3171.97
 21
572.95
 31
0.0
  0
LINE
  8
0
 62
     0
 10
3171.97
 20
572.95
 30
0.0
 11
3166.97
 21
564.804
 31
0.0
  0
LINE
  8
0
 62
     0
 10
3166.97
 20
564.804
 30
0.0
 11
3159.75
 21
554.577
 31
0.0
  0
LINE
  8
0
 62
     0
 10
3159.75
 20
554.577
 30
0.0
 11
3151.82
 21
545.056
 31
0.0
  0
LINE
  8
0
 62
     0
 10
3151.82
 20
545.056
 30
0.0
 11
3143.19
 21
536.236
 31
0.0
  0
LINE
  8
0
 62
     0
 10
3143.19
 20
536.236
 30
0.0
 11
3133.87
 21
528.126
 31
0.0
  0
LINE
  8
0
 62
     0
 10
3133.87
 20
528.126
 30
0.0
 11
3123.84
 21
520.718
 31
0.0
  0
LINE
  8
0
 62
     0
 10
3123.84
 20
520.718
 30
0.0
 11
3113.12
 21
514.018
 31
0.0
  0
LINE
  8
0
 62
     0
 10
3113.12
 20
514.018
 30
0.0
 11
3101.69
 21
508.025
 31
0.0
  0
LINE
  8
0
 62
     0
 10
3101.69
 20
508.025
 30
0.0
 11
3089.57
 21
502.733
 31
0.0
  0
LINE
  8
0
 62
     0
 10
3089.57
 20
502.733
 30
0.0
 11
3076.74
 21
498.147
 31
0.0
  0
LINE
  8
0
 62
     0
 10
3076.74
 20
498.147
 30
0.0
 11
3063.22
 21
494.27
 31
0.0
  0
LINE
  8
0
 62
     0
 10
3063.22
 20
494.27
 30
0.0
 11
3048.99
 21
491.095
 31
0.0
  0
LINE
  8
0
 62
     0
 10
3048.99
 20
491.095
 30
0.0
 11
3034.07
 21
488.625
 31
0.0
  0
LINE
  8
0
 62
     0
 10
3034.07
 20
488.625
 30
0.0
 11
3018.45
 21
486.862
 31
0.0
  0
LINE
  8
0
 62
     0
 10
3018.45
 20
486.862
 30
0.0
 11
3002.12
 21
485.803
 31
0.0
  0
LINE
  8
0
 62
     0
 10
3002.12
 20
485.803
 30
0.0
 11
2989.36
 21
485.45
 31
0.0
  0
LINE
  8
0
 62
     0
 10
2989.36
 20
485.45
 30
0.0
 11
2985.1
 21
485.45
 31
0.0
  0
LINE
  8
0
 62
     0
 10
2985.1
 20
485.45
 30
0.0
 11
2980.19
 21
485.45
 31
0.0
  0
LINE
  8
0
 62
     0
 10
2980.19
 20
485.45
 30
0.0
 11
2965.46
 21
485.92
 31
0.0
  0
LINE
  8
0
 62
     0
 10
2965.46
 20
485.92
 30
0.0
 11
2947.09
 21
487.317
 31
0.0
  0
LINE
  8
0
 62
     0
 10
2947.09
 20
487.317
 30
0.0
 11
2929.99
 21
489.648
 31
0.0
  0
LINE
  8
0
 62
     0
 10
2929.99
 20
489.648
 30
0.0
 11
2914.15
 21
492.912
 31
0.0
  0
LINE
  8
0
 62
     0
 10
2914.15
 20
492.912
 30
0.0
 11
2899.58
 21
497.11
 31
0.0
  0
LINE
  8
0
 62
     0
 10
2899.58
 20
497.11
 30
0.0
 11
2886.28
 21
502.239
 31
0.0
  0
LINE
  8
0
 62
     0
 10
2886.28
 20
502.239
 30
0.0
 11
2874.25
 21
508.3
 31
0.0
  0
LINE
  8
0
 62
     0
 10
2874.25
 20
508.3
 30
0.0
 11
2863.48
 21
515.295
 31
0.0
  0
LINE
  8
0
 62
     0
 10
2863.48
 20
515.295
 30
0.0
 11
2853.98
 21
523.219
 31
0.0
  0
LINE
  8
0
 62
     0
 10
2853.98
 20
523.219
 30
0.0
 11
2845.75
 21
532.077
 31
0.0
  0
LINE
  8
0
 62
     0
 10
2845.75
 20
532.077
 30
0.0
 11
2838.78
 21
541.87
 31
0.0
  0
LINE
  8
0
 62
     0
 10
2838.78
 20
541.87
 30
0.0
 11
2833.08
 21
552.595
 31
0.0
  0
LINE
  8
0
 62
     0
 10
2833.08
 20
552.595
 30
0.0
 11
2828.64
 21
564.25
 31
0.0
  0
LINE
  8
0
 62
     0
 10
2828.64
 20
564.25
 30
0.0
 11
2825.48
 21
576.838
 31
0.0
  0
LINE
  8
0
 62
     0
 10
2825.48
 20
576.838
 30
0.0
 11
2823.58
 21
590.359
 31
0.0
  0
LINE
  8
0
 62
     0
 10
2823.58
 20
590.359
 30
0.0
 11
2822.95
 21
601.2
 31
0.0
  0
LINE
  8
0
 62
     0
 10
2822.95
 20
601.2
 30
0.0
 11
2822.95
 21
604.813
 31
0.0
  0
LINE
  8
0
 62
     0
 10
2822.95
 20
604.813
 30
0.0
 11
2822.95
 21
607.928
 31
0.0
  0
LINE
  8
0
 62
     0
 10
2822.95
 20
607.928
 30
0.0
 11
2823.53
 21
617.269
 31
0.0
  0
LINE
  8
0
 62
     0
 10
2823.53
 20
617.269
 30
0.0
 11
2825.27
 21
629.003
 31
0.0
  0
LINE
  8
0
 62
     0
 10
2825.27
 20
629.003
 30
0.0
 11
2828.18
 21
640.009
 31
0.0
  0
LINE
  8
0
 62
     0
 10
2828.18
 20
640.009
 30
0.0
 11
2832.26
 21
650.296
 31
0.0
  0
LINE
  8
0
 62
     0
 10
2832.26
 20
650.296
 30
0.0
 11
2837.5
 21
659.857
 31
0.0
  0
LINE
  8
0
 62
     0
 10
2837.5
 20
659.857
 30
0.0
 11
2843.9
 21
668.694
 31
0.0
  0
LINE
  8
0
 62
     0
 10
2843.9
 20
668.694
 30
0.0
 11
2851.47
 21
676.808
 31
0.0
  0
LINE
  8
0
 62
     0
 10
2851.47
 20
676.808
 30
0.0
 11
2860.2
 21
684.198
 31
0.0
  0
LINE
  8
0
 62
     0
 10
2860.2
 20
684.198
 30
0.0
 11
2870.09
 21
690.869
 31
0.0
  0
LINE
  8
0
 62
     0
 10
2870.09
 20
690.869
 30
0.0
 11
2881.15
 21
696.814
 31
0.0
  0
LINE
  8
0
 62
     0
 10
2881.15
 20
696.814
 30
0.0
 11
2893.38
 21
702.035
 31
0.0
  0
LINE
  8
0
 62
     0
 10
2893.38
 20
702.035
 30
0.0
 11
2906.77
 21
706.533
 31
0.0
  0
LINE
  8
0
 62
     0
 10
2906.77
 20
706.533
 30
0.0
 11
2921.32
 21
710.307
 31
0.0
  0
LINE
  8
0
 62
     0
 10
2921.32
 20
710.307
 30
0.0
 11
2937.04
 21
713.363
 31
0.0
  0
LINE
  8
0
 62
     0
 10
2937.04
 20
713.363
 30
0.0
 11
2953.92
 21
715.691
 31
0.0
  0
LINE
  8
0
 62
     0
 10
2953.92
 20
715.691
 30
0.0
 11
2967.45
 21
716.993
 31
0.0
  0
LINE
  8
0
 62
     0
 10
2967.45
 20
716.993
 30
0.0
 11
2971.97
 21
717.296
 31
0.0
  0
LINE
  8
0
 62
     0
 10
2971.97
 20
717.296
 30
0.0
 11
3110.19
 21
726.482
 31
0.0
  0
LINE
  8
0
 62
     0
 10
3110.19
 20
726.482
 30
0.0
 11
3112.22
 21
726.62
 31
0.0
  0
LINE
  8
0
 62
     0
 10
3112.22
 20
726.62
 30
0.0
 11
3118.33
 21
727.149
 31
0.0
  0
LINE
  8
0
 62
     0
 10
3118.33
 20
727.149
 30
0.0
 11
3125.78
 21
728.01
 31
0.0
  0
LINE
  8
0
 62
     0
 10
3125.78
 20
728.01
 30
0.0
 11
3132.52
 21
729.061
 31
0.0
  0
LINE
  8
0
 62
     0
 10
3132.52
 20
729.061
 30
0.0
 11
3138.57
 21
730.299
 31
0.0
  0
LINE
  8
0
 62
     0
 10
3138.57
 20
730.299
 30
0.0
 11
3143.91
 21
731.732
 31
0.0
  0
LINE
  8
0
 62
     0
 10
3143.91
 20
731.732
 30
0.0
 11
3148.56
 21
733.358
 31
0.0
  0
LINE
  8
0
 62
     0
 10
3148.56
 20
733.358
 30
0.0
 11
3152.5
 21
735.175
 31
0.0
  0
LINE
  8
0
 62
     0
 10
3152.5
 20
735.175
 30
0.0
 11
3154.99
 21
736.625
 31
0.0
  0
LINE
  8
0
 62
     0
 10
3154.99
 20
736.625
 30
0.0
 11
3155.76
 21
737.186
 31
0.0
  0
LINE
  8
0
 62
     0
 10
3155.76
 20
737.186
 30
0.0
 11
3156.68
 21
737.909
 31
0.0
  0
LINE
  8
0
 62
     0
 10
3156.68
 20
737.909
 30
0.0
 11
3159.19
 21
740.403
 31
0.0
  0
LINE
  8
0
 62
     0
 10
3159.19
 20
740.403
 30
0.0
 11
3162.17
 21
744.312
 31
0.0
  0
LINE
  8
0
 62
     0
 10
3162.17
 20
744.312
 30
0.0
 11
3164.69
 21
748.915
 31
0.0
  0
LINE
  8
0
 62
     0
 10
3164.69
 20
748.915
 30
0.0
 11
3166.75
 21
754.211
 31
0.0
  0
LINE
  8
0
 62
     0
 10
3166.75
 20
754.211
 30
0.0
 11
3168.35
 21
760.197
 31
0.0
  0
LINE
  8
0
 62
     0
 10
3168.35
 20
760.197
 30
0.0
 11
3169.5
 21
766.882
 31
0.0
  0
LINE
  8
0
 62
     0
 10
3169.5
 20
766.882
 30
0.0
 11
3170.18
 21
774.259
 31
0.0
  0
LINE
  8
0
 62
     0
 10
3170.18
 20
774.259
 30
0.0
 11
3170.41
 21
780.309
 31
0.0
  0
LINE
  8
0
 62
     0
 10
3170.41
 20
780.309
 30
0.0
 11
3170.41
 21
782.327
 31
0.0
  0
LINE
  8
0
 62
     0
 10
3170.41
 20
782.327
 30
0.0
 11
3170.41
 21
784.966
 31
0.0
  0
LINE
  8
0
 62
     0
 10
3170.41
 20
784.966
 30
0.0
 11
3169.96
 21
792.875
 31
0.0
  0
LINE
  8
0
 62
     0
 10
3169.96
 20
792.875
 30
0.0
 11
3168.58
 21
802.703
 31
0.0
  0
LINE
  8
0
 62
     0
 10
3168.58
 20
802.703
 30
0.0
 11
3166.29
 21
811.812
 31
0.0
  0
LINE
  8
0
 62
     0
 10
3166.29
 20
811.812
 30
0.0
 11
3163.08
 21
820.208
 31
0.0
  0
LINE
  8
0
 62
     0
 10
3163.08
 20
820.208
 30
0.0
 11
3158.96
 21
827.885
 31
0.0
  0
LINE
  8
0
 62
     0
 10
3158.96
 20
827.885
 30
0.0
 11
3153.91
 21
834.842
 31
0.0
  0
LINE
  8
0
 62
     0
 10
3153.91
 20
834.842
 30
0.0
 11
3147.95
 21
841.086
 31
0.0
  0
LINE
  8
0
 62
     0
 10
3147.95
 20
841.086
 30
0.0
 11
3142.87
 21
845.344
 31
0.0
  0
LINE
  8
0
 62
     0
 10
3142.87
 20
845.344
 30
0.0
 11
3141.07
 21
846.61
 31
0.0
  0
LINE
  8
0
 62
     0
 10
3141.07
 20
846.61
 30
0.0
 11
3138.77
 21
848.191
 31
0.0
  0
LINE
  8
0
 62
     0
 10
3138.77
 20
848.191
 30
0.0
 11
3131.47
 21
852.343
 31
0.0
  0
LINE
  8
0
 62
     0
 10
3131.47
 20
852.343
 30
0.0
 11
3120.41
 21
857.313
 31
0.0
  0
LINE
  8
0
 62
     0
 10
3120.41
 20
857.313
 30
0.0
 11
3107.92
 21
861.522
 31
0.0
  0
LINE
  8
0
 62
     0
 10
3107.92
 20
861.522
 30
0.0
 11
3093.97
 21
864.965
 31
0.0
  0
LINE
  8
0
 62
     0
 10
3093.97
 20
864.965
 30
0.0
 11
3078.58
 21
867.643
 31
0.0
  0
LINE
  8
0
 62
     0
 10
3078.58
 20
867.643
 30
0.0
 11
3061.73
 21
869.555
 31
0.0
  0
LINE
  8
0
 62
     0
 10
3061.73
 20
869.555
 30
0.0
 11
3043.44
 21
870.705
 31
0.0
  0
LINE
  8
0
 62
     0
 10
3043.44
 20
870.705
 30
0.0
 11
3028.64
 21
871.086
 31
0.0
  0
LINE
  8
0
 62
     0
 10
3028.64
 20
871.086
 30
0.0
 11
3023.7
 21
871.086
 31
0.0
  0
LINE
  8
0
 62
     0
 10
3023.7
 20
871.086
 30
0.0
 11
3019.14
 21
871.086
 31
0.0
  0
LINE
  8
0
 62
     0
 10
3019.14
 20
871.086
 30
0.0
 11
3005.44
 21
870.705
 31
0.0
  0
LINE
  8
0
 62
     0
 10
3005.44
 20
870.705
 30
0.0
 11
2988.51
 21
869.555
 31
0.0
  0
LINE
  8
0
 62
     0
 10
2988.51
 20
869.555
 30
0.0
 11
2972.91
 21
867.643
 31
0.0
  0
LINE
  8
0
 62
     0
 10
2972.91
 20
867.643
 30
0.0
 11
2958.64
 21
864.965
 31
0.0
  0
LINE
  8
0
 62
     0
 10
2958.64
 20
864.965
 30
0.0
 11
2945.7
 21
861.522
 31
0.0
  0
LINE
  8
0
 62
     0
 10
2945.7
 20
861.522
 30
0.0
 11
2934.08
 21
857.313
 31
0.0
  0
LINE
  8
0
 62
     0
 10
2934.08
 20
857.313
 30
0.0
 11
2923.79
 21
852.343
 31
0.0
  0
LINE
  8
0
 62
     0
 10
2923.79
 20
852.343
 30
0.0
 11
2916.97
 21
848.184
 31
0.0
  0
LINE
  8
0
 62
     0
 10
2916.97
 20
848.184
 30
0.0
 11
2914.83
 21
846.61
 31
0.0
  0
LINE
  8
0
 62
     0
 10
2914.83
 20
846.61
 30
0.0
 11
2912.94
 21
845.167
 31
0.0
  0
LINE
  8
0
 62
     0
 10
2912.94
 20
845.167
 30
0.0
 11
2907.64
 21
840.37
 31
0.0
  0
LINE
  8
0
 62
     0
 10
2907.64
 20
840.37
 30
0.0
 11
2901.12
 21
833.124
 31
0.0
  0
LINE
  8
0
 62
     0
 10
2901.12
 20
833.124
 30
0.0
 11
2895.28
 21
824.876
 31
0.0
  0
LINE
  8
0
 62
     0
 10
2895.28
 20
824.876
 30
0.0
 11
2890.12
 21
815.619
 31
0.0
  0
LINE
  8
0
 62
     0
 10
2890.12
 20
815.619
 30
0.0
 11
2885.63
 21
805.36
 31
0.0
  0
LINE
  8
0
 62
     0
 10
2885.63
 20
805.36
 30
0.0
 11
2881.81
 21
794.096
 31
0.0
  0
LINE
  8
0
 62
     0
 10
2881.81
 20
794.096
 30
0.0
 11
2878.68
 21
781.826
 31
0.0
  0
LINE
  8
0
 62
     0
 10
2878.68
 20
781.826
 30
0.0
 11
2876.73
 21
771.888
 31
0.0
  0
LINE
  8
0
 62
     0
 10
2876.73
 20
771.888
 30
0.0
 11
2876.21
 21
768.555
 31
0.0
  0
LINE
  8
0
 62
     0
 10
3381.22
 20
497.695
 30
0.0
 11
3381.22
 21
889.459
 31
0.0
  0
LINE
  8
0
 62
     0
 10
3381.22
 20
889.459
 30
0.0
 11
3416.73
 21
889.459
 31
0.0
  0
LINE
  8
0
 62
     0
 10
3416.73
 20
889.459
 30
0.0
 11
3416.73
 21
796.865
 31
0.0
  0
LINE
  8
0
 62
     0
 10
3416.73
 20
796.865
 30
0.0
 11
3417.97
 21
800.082
 31
0.0
  0
LINE
  8
0
 62
     0
 10
3417.97
 20
800.082
 30
0.0
 11
3422.11
 21
809.562
 31
0.0
  0
LINE
  8
0
 62
     0
 10
3422.11
 20
809.562
 30
0.0
 11
3428.16
 21
821.436
 31
0.0
  0
LINE
  8
0
 62
     0
 10
3428.16
 20
821.436
 30
0.0
 11
3434.86
 21
832.492
 31
0.0
  0
LINE
  8
0
 62
     0
 10
3434.86
 20
832.492
 30
0.0
 11
3442.22
 21
842.73
 31
0.0
  0
LINE
  8
0
 62
     0
 10
3442.22
 20
842.73
 30
0.0
 11
3450.23
 21
852.149
 31
0.0
  0
LINE
  8
0
 62
     0
 10
3450.23
 20
852.149
 30
0.0
 11
3458.9
 21
860.746
 31
0.0
  0
LINE
  8
0
 62
     0
 10
3458.9
 20
860.746
 30
0.0
 11
3468.23
 21
868.525
 31
0.0
  0
LINE
  8
0
 62
     0
 10
3468.23
 20
868.525
 30
0.0
 11
3478.22
 21
875.489
 31
0.0
  0
LINE
  8
0
 62
     0
 10
3478.22
 20
875.489
 30
0.0
 11
3488.86
 21
881.631
 31
0.0
  0
LINE
  8
0
 62
     0
 10
3488.86
 20
881.631
 30
0.0
 11
3500.16
 21
886.95
 31
0.0
  0
LINE
  8
0
 62
     0
 10
3500.16
 20
886.95
 30
0.0
 11
3512.11
 21
891.455
 31
0.0
  0
LINE
  8
0
 62
     0
 10
3512.11
 20
891.455
 30
0.0
 11
3524.72
 21
895.142
 31
0.0
  0
LINE
  8
0
 62
     0
 10
3524.72
 20
895.142
 30
0.0
 11
3538.01
 21
898.006
 31
0.0
  0
LINE
  8
0
 62
     0
 10
3538.01
 20
898.006
 30
0.0
 11
3551.91
 21
900.053
 31
0.0
  0
LINE
  8
0
 62
     0
 10
3551.91
 20
900.053
 30
0.0
 11
3566.51
 21
901.28
 31
0.0
  0
LINE
  8
0
 62
     0
 10
3566.51
 20
901.28
 30
0.0
 11
3577.94
 21
901.689
 31
0.0
  0
LINE
  8
0
 62
     0
 10
3577.94
 20
901.689
 30
0.0
 11
3581.75
 21
901.689
 31
0.0
  0
LINE
  8
0
 62
     0
 10
3581.75
 20
901.689
 30
0.0
 11
3583.45
 21
901.689
 31
0.0
  0
LINE
  8
0
 62
     0
 10
3583.45
 20
901.689
 30
0.0
 11
3588.53
 21
901.404
 31
0.0
  0
LINE
  8
0
 62
     0
 10
3588.53
 20
901.404
 30
0.0
 11
3595.72
 21
900.546
 31
0.0
  0
LINE
  8
0
 62
     0
 10
3595.72
 20
900.546
 30
0.0
 11
3603.34
 21
899.111
 31
0.0
  0
LINE
  8
0
 62
     0
 10
3603.34
 20
899.111
 30
0.0
 11
3609.34
 21
897.661
 31
0.0
  0
LINE
  8
0
 62
     0
 10
3609.34
 20
897.661
 30
0.0
 11
3611.32
 21
897.103
 31
0.0
  0
LINE
  8
0
 62
     0
 10
3611.32
 20
897.103
 30
0.0
 11
3611.32
 21
861.91
 31
0.0
  0
LINE
  8
0
 62
     0
 10
3611.32
 20
861.91
 30
0.0
 11
3609.59
 21
862.559
 31
0.0
  0
LINE
  8
0
 62
     0
 10
3609.59
 20
862.559
 30
0.0
 11
3604.12
 21
863.921
 31
0.0
  0
LINE
  8
0
 62
     0
 10
3604.12
 20
863.921
 30
0.0
 11
3594.91
 21
865.353
 31
0.0
  0
LINE
  8
0
 62
     0
 10
3594.91
 20
865.353
 30
0.0
 11
3583.66
 21
866.214
 31
0.0
  0
LINE
  8
0
 62
     0
 10
3583.66
 20
866.214
 30
0.0
 11
3573.71
 21
866.496
 31
0.0
  0
LINE
  8
0
 62
     0
 10
3573.71
 20
866.496
 30
0.0
 11
3570.39
 21
866.496
 31
0.0
  0
LINE
  8
0
 62
     0
 10
3570.39
 20
866.496
 30
0.0
 11
3565.98
 21
866.496
 31
0.0
  0
LINE
  8
0
 62
     0
 10
3565.98
 20
866.496
 30
0.0
 11
3552.72
 21
865.745
 31
0.0
  0
LINE
  8
0
 62
     0
 10
3552.72
 20
865.745
 30
0.0
 11
3535.96
 21
863.487
 31
0.0
  0
LINE
  8
0
 62
     0
 10
3535.96
 20
863.487
 30
0.0
 11
3520.18
 21
859.719
 31
0.0
  0
LINE
  8
0
 62
     0
 10
3520.18
 20
859.719
 30
0.0
 11
3505.33
 21
854.449
 31
0.0
  0
LINE
  8
0
 62
     0
 10
3505.33
 20
854.449
 30
0.0
 11
3491.42
 21
847.669
 31
0.0
  0
LINE
  8
0
 62
     0
 10
3491.42
 20
847.669
 30
0.0
 11
3478.45
 21
839.385
 31
0.0
  0
LINE
  8
0
 62
     0
 10
3478.45
 20
839.385
 30
0.0
 11
3466.42
 21
829.596
 31
0.0
  0
LINE
  8
0
 62
     0
 10
3466.42
 20
829.596
 30
0.0
 11
3457.94
 21
821.263
 31
0.0
  0
LINE
  8
0
 62
     0
 10
3457.94
 20
821.263
 30
0.0
 11
3455.33
 21
818.296
 31
0.0
  0
LINE
  8
0
 62
     0
 10
3455.33
 20
818.296
 30
0.0
 11
3452.94
 21
815.552
 31
0.0
  0
LINE
  8
0
 62
     0
 10
3452.94
 20
815.552
 30
0.0
 11
3446.28
 21
806.887
 31
0.0
  0
LINE
  8
0
 62
     0
 10
3446.28
 20
806.887
 30
0.0
 11
3438.44
 21
794.858
 31
0.0
  0
LINE
  8
0
 62
     0
 10
3438.44
 20
794.858
 30
0.0
 11
3431.8
 21
782.207
 31
0.0
  0
LINE
  8
0
 62
     0
 10
3431.8
 20
782.207
 30
0.0
 11
3426.38
 21
768.936
 31
0.0
  0
LINE
  8
0
 62
     0
 10
3426.38
 20
768.936
 30
0.0
 11
3422.16
 21
755.047
 31
0.0
  0
LINE
  8
0
 62
     0
 10
3422.16
 20
755.047
 30
0.0
 11
3419.14
 21
740.53
 31
0.0
  0
LINE
  8
0
 62
     0
 10
3419.14
 20
740.53
 30
0.0
 11
3417.33
 21
725.396
 31
0.0
  0
LINE
  8
0
 62
     0
 10
3417.33
 20
725.396
 30
0.0
 11
3416.73
 21
713.578
 31
0.0
  0
LINE
  8
0
 62
     0
 10
3416.73
 20
713.578
 30
0.0
 11
3416.73
 21
709.637
 31
0.0
  0
LINE
  8
0
 62
     0
 10
3416.73
 20
709.637
 30
0.0
 11
3416.73
 21
497.695
 31
0.0
  0
LINE
  8
0
 62
     0
 10
3416.73
 20
497.695
 30
0.0
 11
3381.22
 21
497.695
 31
0.0
  0
LINE
  8
0
 62
     0
 10
3680.81
 20
716.53
 30
0.0
 11
4043.72
 21
716.53
 31
0.0
  0
LINE
  8
0
 62
     0
 10
4043.72
 20
716.53
 30
0.0
 11
4043.08
 21
721.24
 31
0.0
  0
LINE
  8
0
 62
     0
 10
4043.08
 20
721.24
 30
0.0
 11
4040.4
 21
735.277
 31
0.0
  0
LINE
  8
0
 62
     0
 10
4040.4
 20
735.277
 30
0.0
 11
4035.81
 21
752.874
 31
0.0
  0
LINE
  8
0
 62
     0
 10
4035.81
 20
752.874
 30
0.0
 11
4029.96
 21
769.32
 31
0.0
  0
LINE
  8
0
 62
     0
 10
4029.96
 20
769.32
 30
0.0
 11
4022.87
 21
784.624
 31
0.0
  0
LINE
  8
0
 62
     0
 10
4022.87
 20
784.624
 30
0.0
 11
4014.54
 21
798.777
 31
0.0
  0
LINE
  8
0
 62
     0
 10
4014.54
 20
798.777
 30
0.0
 11
4004.91
 21
811.787
 31
0.0
  0
LINE
  8
0
 62
     0
 10
4004.91
 20
811.787
 30
0.0
 11
3994.08
 21
823.648
 31
0.0
  0
LINE
  8
0
 62
     0
 10
3994.08
 20
823.648
 30
0.0
 11
3985.12
 21
831.85
 31
0.0
  0
LINE
  8
0
 62
     0
 10
3985.12
 20
831.85
 30
0.0
 11
3981.94
 21
834.365
 31
0.0
  0
LINE
  8
0
 62
     0
 10
3981.94
 20
834.365
 30
0.0
 11
3978.98
 21
836.651
 31
0.0
  0
LINE
  8
0
 62
     0
 10
3978.98
 20
836.651
 30
0.0
 11
3969.6
 21
842.977
 31
0.0
  0
LINE
  8
0
 62
     0
 10
3969.6
 20
842.977
 30
0.0
 11
3956.51
 21
850.434
 31
0.0
  0
LINE
  8
0
 62
     0
 10
3956.51
 20
850.434
 30
0.0
 11
3942.68
 21
856.746
 31
0.0
  0
LINE
  8
0
 62
     0
 10
3942.68
 20
856.746
 30
0.0
 11
3928.07
 21
861.91
 31
0.0
  0
LINE
  8
0
 62
     0
 10
3928.07
 20
861.91
 30
0.0
 11
3912.76
 21
865.925
 31
0.0
  0
LINE
  8
0
 62
     0
 10
3912.76
 20
865.925
 30
0.0
 11
3896.68
 21
868.793
 31
0.0
  0
LINE
  8
0
 62
     0
 10
3896.68
 20
868.793
 30
0.0
 11
3879.85
 21
870.511
 31
0.0
  0
LINE
  8
0
 62
     0
 10
3879.85
 20
870.511
 30
0.0
 11
3866.66
 21
871.086
 31
0.0
  0
LINE
  8
0
 62
     0
 10
3866.66
 20
871.086
 30
0.0
 11
3862.28
 21
871.086
 31
0.0
  0
LINE
  8
0
 62
     0
 10
3862.28
 20
871.086
 30
0.0
 11
3857.7
 21
871.086
 31
0.0
  0
LINE
  8
0
 62
     0
 10
3857.7
 20
871.086
 30
0.0
 11
3843.97
 21
870.437
 31
0.0
  0
LINE
  8
0
 62
     0
 10
3843.97
 20
870.437
 30
0.0
 11
3826.55
 21
868.479
 31
0.0
  0
LINE
  8
0
 62
     0
 10
3826.55
 20
868.479
 30
0.0
 11
3809.93
 21
865.223
 31
0.0
  0
LINE
  8
0
 62
     0
 10
3809.93
 20
865.223
 30
0.0
 11
3794.23
 21
860.661
 31
0.0
  0
LINE
  8
0
 62
     0
 10
3794.23
 20
860.661
 30
0.0
 11
3779.34
 21
854.798
 31
0.0
  0
LINE
  8
0
 62
     0
 10
3779.34
 20
854.798
 30
0.0
 11
3765.34
 21
847.633
 31
0.0
  0
LINE
  8
0
 62
     0
 10
3765.34
 20
847.633
 30
0.0
 11
3752.18
 21
839.167
 31
0.0
  0
LINE
  8
0
 62
     0
 10
3752.18
 20
839.167
 30
0.0
 11
3742.83
 21
831.984
 31
0.0
  0
LINE
  8
0
 62
     0
 10
3742.83
 20
831.984
 30
0.0
 11
3739.87
 21
829.395
 31
0.0
  0
LINE
  8
0
 62
     0
 10
3739.87
 20
829.395
 30
0.0
 11
3736.94
 21
826.809
 31
0.0
  0
LINE
  8
0
 62
     0
 10
3736.94
 20
826.809
 30
0.0
 11
3728.58
 21
818.508
 31
0.0
  0
LINE
  8
0
 62
     0
 10
3728.58
 20
818.508
 30
0.0
 11
3718.38
 21
806.697
 31
0.0
  0
LINE
  8
0
 62
     0
 10
3718.38
 20
806.697
 30
0.0
 11
3709.32
 21
793.969
 31
0.0
  0
LINE
  8
0
 62
     0
 10
3709.32
 20
793.969
 30
0.0
 11
3701.38
 21
780.323
 31
0.0
  0
LINE
  8
0
 62
     0
 10
3701.38
 20
780.323
 30
0.0
 11
3694.54
 21
765.754
 31
0.0
  0
LINE
  8
0
 62
     0
 10
3694.54
 20
765.754
 30
0.0
 11
3688.86
 21
750.267
 31
0.0
  0
LINE
  8
0
 62
     0
 10
3688.86
 20
750.267
 30
0.0
 11
3684.27
 21
733.859
 31
0.0
  0
LINE
  8
0
 62
     0
 10
3684.27
 20
733.859
 30
0.0
 11
3681.52
 21
720.887
 31
0.0
  0
LINE
  8
0
 62
     0
 10
3681.52
 20
720.887
 30
0.0
 11
3680.81
 21
716.53
 31
0.0
  0
LINE
  8
0
 62
     0
 10
4083.86
 20
685.927
 30
0.0
 11
3680.81
 21
685.927
 31
0.0
  0
LINE
  8
0
 62
     0
 10
3680.81
 20
685.927
 30
0.0
 11
3680.88
 21
681.302
 31
0.0
  0
LINE
  8
0
 62
     0
 10
3680.88
 20
681.302
 30
0.0
 11
3681.91
 21
667.452
 31
0.0
  0
LINE
  8
0
 62
     0
 10
3681.91
 20
667.452
 30
0.0
 11
3684.52
 21
649.912
 31
0.0
  0
LINE
  8
0
 62
     0
 10
3684.52
 20
649.912
 30
0.0
 11
3688.57
 21
633.307
 31
0.0
  0
LINE
  8
0
 62
     0
 10
3688.57
 20
633.307
 30
0.0
 11
3694.11
 21
617.633
 31
0.0
  0
LINE
  8
0
 62
     0
 10
3694.11
 20
617.633
 30
0.0
 11
3701.13
 21
602.894
 31
0.0
  0
LINE
  8
0
 62
     0
 10
3701.13
 20
602.894
 30
0.0
 11
3709.6
 21
589.089
 31
0.0
  0
LINE
  8
0
 62
     0
 10
3709.6
 20
589.089
 30
0.0
 11
3719.55
 21
576.213
 31
0.0
  0
LINE
  8
0
 62
     0
 10
3719.55
 20
576.213
 30
0.0
 11
3727.98
 21
567.104
 31
0.0
  0
LINE
  8
0
 62
     0
 10
3727.98
 20
567.104
 30
0.0
 11
3730.98
 21
564.268
 31
0.0
  0
LINE
  8
0
 62
     0
 10
3730.98
 20
564.268
 30
0.0
 11
3734.15
 21
561.277
 31
0.0
  0
LINE
  8
0
 62
     0
 10
3734.15
 20
561.277
 30
0.0
 11
3744.31
 21
552.969
 31
0.0
  0
LINE
  8
0
 62
     0
 10
3744.31
 20
552.969
 30
0.0
 11
3758.74
 21
543.175
 31
0.0
  0
LINE
  8
0
 62
     0
 10
3758.74
 20
543.175
 30
0.0
 11
3774.33
 21
534.889
 31
0.0
  0
LINE
  8
0
 62
     0
 10
3774.33
 20
534.889
 30
0.0
 11
3791.02
 21
528.108
 31
0.0
  0
LINE
  8
0
 62
     0
 10
3791.02
 20
528.108
 30
0.0
 11
3808.87
 21
522.834
 31
0.0
  0
LINE
  8
0
 62
     0
 10
3808.87
 20
522.834
 30
0.0
 11
3827.85
 21
519.07
 31
0.0
  0
LINE
  8
0
 62
     0
 10
3827.85
 20
519.07
 30
0.0
 11
3847.96
 21
516.809
 31
0.0
  0
LINE
  8
0
 62
     0
 10
3847.96
 20
516.809
 30
0.0
 11
3863.9
 21
516.057
 31
0.0
  0
LINE
  8
0
 62
     0
 10
3863.9
 20
516.057
 30
0.0
 11
3869.23
 21
516.057
 31
0.0
  0
LINE
  8
0
 62
     0
 10
3869.23
 20
516.057
 30
0.0
 11
3873.01
 21
516.057
 31
0.0
  0
LINE
  8
0
 62
     0
 10
3873.01
 20
516.057
 30
0.0
 11
3884.44
 21
516.491
 31
0.0
  0
LINE
  8
0
 62
     0
 10
3884.44
 20
516.491
 30
0.0
 11
3899.04
 21
517.804
 31
0.0
  0
LINE
  8
0
 62
     0
 10
3899.04
 20
517.804
 30
0.0
 11
3913.01
 21
519.984
 31
0.0
  0
LINE
  8
0
 62
     0
 10
3913.01
 20
519.984
 30
0.0
 11
3926.35
 21
523.039
 31
0.0
  0
LINE
  8
0
 62
     0
 10
3926.35
 20
523.039
 30
0.0
 11
3939.08
 21
526.965
 31
0.0
  0
LINE
  8
0
 62
     0
 10
3939.08
 20
526.965
 30
0.0
 11
3951.15
 21
531.763
 31
0.0
  0
LINE
  8
0
 62
     0
 10
3951.15
 20
531.763
 30
0.0
 11
3962.61
 21
537.439
 31
0.0
  0
LINE
  8
0
 62
     0
 10
3962.61
 20
537.439
 30
0.0
 11
3973.44
 21
543.983
 31
0.0
  0
LINE
  8
0
 62
     0
 10
3973.44
 20
543.983
 30
0.0
 11
3983.67
 21
551.402
 31
0.0
  0
LINE
  8
0
 62
     0
 10
3983.67
 20
551.402
 30
0.0
 11
3993.23
 21
559.693
 31
0.0
  0
LINE
  8
0
 62
     0
 10
3993.23
 20
559.693
 30
0.0
 11
4002.19
 21
568.858
 31
0.0
  0
LINE
  8
0
 62
     0
 10
4002.19
 20
568.858
 30
0.0
 11
4010.52
 21
578.894
 31
0.0
  0
LINE
  8
0
 62
     0
 10
4010.52
 20
578.894
 30
0.0
 11
4018.21
 21
589.806
 31
0.0
  0
LINE
  8
0
 62
     0
 10
4018.21
 20
589.806
 30
0.0
 11
4025.3
 21
601.588
 31
0.0
  0
LINE
  8
0
 62
     0
 10
4025.3
 20
601.588
 30
0.0
 11
4031.76
 21
614.243
 31
0.0
  0
LINE
  8
0
 62
     0
 10
4031.76
 20
614.243
 30
0.0
 11
4036.2
 21
624.35
 31
0.0
  0
LINE
  8
0
 62
     0
 10
4036.2
 20
624.35
 30
0.0
 11
4037.54
 21
627.775
 31
0.0
  0
LINE
  8
0
 62
     0
 10
4037.54
 20
627.775
 30
0.0
 11
4073.07
 21
627.775
 31
0.0
  0
LINE
  8
0
 62
     0
 10
4073.07
 20
627.775
 30
0.0
 11
4071.62
 21
623.418
 31
0.0
  0
LINE
  8
0
 62
     0
 10
4071.62
 20
623.418
 30
0.0
 11
4066.65
 21
610.538
 31
0.0
  0
LINE
  8
0
 62
     0
 10
4066.65
 20
610.538
 30
0.0
 11
4059.34
 21
594.416
 31
0.0
  0
LINE
  8
0
 62
     0
 10
4059.34
 20
594.416
 30
0.0
 11
4051.16
 21
579.406
 31
0.0
  0
LINE
  8
0
 62
     0
 10
4051.16
 20
579.406
 30
0.0
 11
4042.13
 21
565.506
 31
0.0
  0
LINE
  8
0
 62
     0
 10
4042.13
 20
565.506
 30
0.0
 11
4032.21
 21
552.718
 31
0.0
  0
LINE
  8
0
 62
     0
 10
4032.21
 20
552.718
 30
0.0
 11
4021.42
 21
541.045
 31
0.0
  0
LINE
  8
0
 62
     0
 10
4021.42
 20
541.045
 30
0.0
 11
4009.74
 21
530.483
 31
0.0
  0
LINE
  8
0
 62
     0
 10
4009.74
 20
530.483
 30
0.0
 11
3997.18
 21
521.028
 31
0.0
  0
LINE
  8
0
 62
     0
 10
3997.18
 20
521.028
 30
0.0
 11
3983.78
 21
512.692
 31
0.0
  0
LINE
  8
0
 62
     0
 10
3983.78
 20
512.692
 30
0.0
 11
3969.49
 21
505.464
 31
0.0
  0
LINE
  8
0
 62
     0
 10
3969.49
 20
505.464
 30
0.0
 11
3954.32
 21
499.35
 31
0.0
  0
LINE
  8
0
 62
     0
 10
3954.32
 20
499.35
 30
0.0
 11
3938.27
 21
494.344
 31
0.0
  0
LINE
  8
0
 62
     0
 10
3938.27
 20
494.344
 30
0.0
 11
3921.37
 21
490.453
 31
0.0
  0
LINE
  8
0
 62
     0
 10
3921.37
 20
490.453
 30
0.0
 11
3903.56
 21
487.673
 31
0.0
  0
LINE
  8
0
 62
     0
 10
3903.56
 20
487.673
 30
0.0
 11
3884.89
 21
486.008
 31
0.0
  0
LINE
  8
0
 62
     0
 10
3884.89
 20
486.008
 30
0.0
 11
3870.25
 21
485.45
 31
0.0
  0
LINE
  8
0
 62
     0
 10
3870.25
 20
485.45
 30
0.0
 11
3865.35
 21
485.45
 31
0.0
  0
LINE
  8
0
 62
     0
 10
3865.35
 20
485.45
 30
0.0
 11
3862.25
 21
485.45
 31
0.0
  0
LINE
  8
0
 62
     0
 10
3862.25
 20
485.45
 30
0.0
 11
3852.86
 21
485.673
 31
0.0
  0
LINE
  8
0
 62
     0
 10
3852.86
 20
485.673
 30
0.0
 11
3840.73
 21
486.343
 31
0.0
  0
LINE
  8
0
 62
     0
 10
3840.73
 20
486.343
 30
0.0
 11
3828.87
 21
487.454
 31
0.0
  0
LINE
  8
0
 62
     0
 10
3828.87
 20
487.454
 30
0.0
 11
3817.37
 21
489.014
 31
0.0
  0
LINE
  8
0
 62
     0
 10
3817.37
 20
489.014
 30
0.0
 11
3806.19
 21
491.017
 31
0.0
  0
LINE
  8
0
 62
     0
 10
3806.19
 20
491.017
 30
0.0
 11
3795.36
 21
493.466
 31
0.0
  0
LINE
  8
0
 62
     0
 10
3795.36
 20
493.466
 30
0.0
 11
3784.81
 21
496.362
 31
0.0
  0
LINE
  8
0
 62
     0
 10
3784.81
 20
496.362
 30
0.0
 11
3774.62
 21
499.703
 31
0.0
  0
LINE
  8
0
 62
     0
 10
3774.62
 20
499.703
 30
0.0
 11
3764.74
 21
503.488
 31
0.0
  0
LINE
  8
0
 62
     0
 10
3764.74
 20
503.488
 30
0.0
 11
3755.18
 21
507.718
 31
0.0
  0
LINE
  8
0
 62
     0
 10
3755.18
 20
507.718
 30
0.0
 11
3745.97
 21
512.392
 31
0.0
  0
LINE
  8
0
 62
     0
 10
3745.97
 20
512.392
 30
0.0
 11
3737.08
 21
517.514
 31
0.0
  0
LINE
  8
0
 62
     0
 10
3737.08
 20
517.514
 30
0.0
 11
3728.51
 21
523.081
 31
0.0
  0
LINE
  8
0
 62
     0
 10
3728.51
 20
523.081
 30
0.0
 11
3720.25
 21
529.096
 31
0.0
  0
LINE
  8
0
 62
     0
 10
3720.25
 20
529.096
 30
0.0
 11
3712.35
 21
535.555
 31
0.0
  0
LINE
  8
0
 62
     0
 10
3712.35
 20
535.555
 30
0.0
 11
3706.6
 21
540.681
 31
0.0
  0
LINE
  8
0
 62
     0
 10
3706.6
 20
540.681
 30
0.0
 11
3704.73
 21
542.456
 31
0.0
  0
LINE
  8
0
 62
     0
 10
3704.73
 20
542.456
 30
0.0
 11
3702.9
 21
544.227
 31
0.0
  0
LINE
  8
0
 62
     0
 10
3702.9
 20
544.227
 30
0.0
 11
3697.53
 21
549.737
 31
0.0
  0
LINE
  8
0
 62
     0
 10
3697.53
 20
549.737
 30
0.0
 11
3690.8
 21
557.332
 31
0.0
  0
LINE
  8
0
 62
     0
 10
3690.8
 20
557.332
 30
0.0
 11
3684.55
 21
565.245
 31
0.0
  0
LINE
  8
0
 62
     0
 10
3684.55
 20
565.245
 30
0.0
 11
3678.73
 21
573.465
 31
0.0
  0
LINE
  8
0
 62
     0
 10
3678.73
 20
573.465
 30
0.0
 11
3673.4
 21
582.006
 31
0.0
  0
LINE
  8
0
 62
     0
 10
3673.4
 20
582.006
 30
0.0
 11
3668.5
 21
590.857
 31
0.0
  0
LINE
  8
0
 62
     0
 10
3668.5
 20
590.857
 30
0.0
 11
3664.09
 21
600.022
 31
0.0
  0
LINE
  8
0
 62
     0
 10
3664.09
 20
600.022
 30
0.0
 11
3660.14
 21
609.501
 31
0.0
  0
LINE
  8
0
 62
     0
 10
3660.14
 20
609.501
 30
0.0
 11
3656.65
 21
619.294
 31
0.0
  0
LINE
  8
0
 62
     0
 10
3656.65
 20
619.294
 30
0.0
 11
3653.65
 21
629.401
 31
0.0
  0
LINE
  8
0
 62
     0
 10
3653.65
 20
629.401
 30
0.0
 11
3651.07
 21
639.826
 31
0.0
  0
LINE
  8
0
 62
     0
 10
3651.07
 20
639.826
 30
0.0
 11
3648.99
 21
650.561
 31
0.0
  0
LINE
  8
0
 62
     0
 10
3648.99
 20
650.561
 30
0.0
 11
3647.37
 21
661.61
 31
0.0
  0
LINE
  8
0
 62
     0
 10
3647.37
 20
661.61
 30
0.0
 11
3646.21
 21
672.973
 31
0.0
  0
LINE
  8
0
 62
     0
 10
3646.21
 20
672.973
 30
0.0
 11
3645.53
 21
684.65
 31
0.0
  0
LINE
  8
0
 62
     0
 10
3645.53
 20
684.65
 30
0.0
 11
3645.29
 21
693.642
 31
0.0
  0
LINE
  8
0
 62
     0
 10
3645.29
 20
693.642
 30
0.0
 11
3645.29
 21
696.641
 31
0.0
  0
LINE
  8
0
 62
     0
 10
3645.29
 20
696.641
 30
0.0
 11
3645.29
 21
701.343
 31
0.0
  0
LINE
  8
0
 62
     0
 10
3645.29
 20
701.343
 30
0.0
 11
3646.03
 21
715.455
 31
0.0
  0
LINE
  8
0
 62
     0
 10
3646.03
 20
715.455
 30
0.0
 11
3648.22
 21
733.647
 31
0.0
  0
LINE
  8
0
 62
     0
 10
3648.22
 20
733.647
 30
0.0
 11
3651.92
 21
751.216
 31
0.0
  0
LINE
  8
0
 62
     0
 10
3651.92
 20
751.216
 30
0.0
 11
3657.07
 21
768.17
 31
0.0
  0
LINE
  8
0
 62
     0
 10
3657.07
 20
768.17
 30
0.0
 11
3663.67
 21
784.504
 31
0.0
  0
LINE
  8
0
 62
     0
 10
3663.67
 20
784.504
 30
0.0
 11
3671.78
 21
800.213
 31
0.0
  0
LINE
  8
0
 62
     0
 10
3671.78
 20
800.213
 30
0.0
 11
3681.34
 21
815.305
 31
0.0
  0
LINE
  8
0
 62
     0
 10
3681.34
 20
815.305
 30
0.0
 11
3689.49
 21
826.283
 31
0.0
  0
LINE
  8
0
 62
     0
 10
3689.49
 20
826.283
 30
0.0
 11
3692.38
 21
829.779
 31
0.0
  0
LINE
  8
0
 62
     0
 10
3692.38
 20
829.779
 30
0.0
 11
3694.25
 21
832.009
 31
0.0
  0
LINE
  8
0
 62
     0
 10
3694.25
 20
832.009
 30
0.0
 11
3700.11
 21
838.486
 31
0.0
  0
LINE
  8
0
 62
     0
 10
3700.11
 20
838.486
 30
0.0
 11
3708.26
 21
846.631
 31
0.0
  0
LINE
  8
0
 62
     0
 10
3708.26
 20
846.631
 30
0.0
 11
3716.83
 21
854.213
 31
0.0
  0
LINE
  8
0
 62
     0
 10
3716.83
 20
854.213
 30
0.0
 11
3725.83
 21
861.236
 31
0.0
  0
LINE
  8
0
 62
     0
 10
3725.83
 20
861.236
 30
0.0
 11
3735.21
 21
867.696
 31
0.0
  0
LINE
  8
0
 62
     0
 10
3735.21
 20
867.696
 30
0.0
 11
3745.05
 21
873.598
 31
0.0
  0
LINE
  8
0
 62
     0
 10
3745.05
 20
873.598
 30
0.0
 11
3755.28
 21
878.932
 31
0.0
  0
LINE
  8
0
 62
     0
 10
3755.28
 20
878.932
 30
0.0
 11
3765.94
 21
883.708
 31
0.0
  0
LINE
  8
0
 62
     0
 10
3765.94
 20
883.708
 30
0.0
 11
3776.98
 21
887.924
 31
0.0
  0
LINE
  8
0
 62
     0
 10
3776.98
 20
887.924
 30
0.0
 11
3788.48
 21
891.575
 31
0.0
  0
LINE
  8
0
 62
     0
 10
3788.48
 20
891.575
 30
0.0
 11
3800.37
 21
894.666
 31
0.0
  0
LINE
  8
0
 62
     0
 10
3800.37
 20
894.666
 30
0.0
 11
3812.68
 21
897.195
 31
0.0
  0
LINE
  8
0
 62
     0
 10
3812.68
 20
897.195
 30
0.0
 11
3825.42
 21
899.16
 31
0.0
  0
LINE
  8
0
 62
     0
 10
3825.42
 20
899.16
 30
0.0
 11
3838.58
 21
900.568
 31
0.0
  0
LINE
  8
0
 62
     0
 10
3838.58
 20
900.568
 30
0.0
 11
3852.16
 21
901.411
 31
0.0
  0
LINE
  8
0
 62
     0
 10
3852.16
 20
901.411
 30
0.0
 11
3862.63
 21
901.689
 31
0.0
  0
LINE
  8
0
 62
     0
 10
3862.63
 20
901.689
 30
0.0
 11
3866.13
 21
901.689
 31
0.0
  0
LINE
  8
0
 62
     0
 10
3866.13
 20
901.689
 30
0.0
 11
3869.23
 21
901.689
 31
0.0
  0
LINE
  8
0
 62
     0
 10
3869.23
 20
901.689
 30
0.0
 11
3878.62
 21
901.453
 31
0.0
  0
LINE
  8
0
 62
     0
 10
3878.62
 20
901.453
 30
0.0
 11
3890.75
 21
900.748
 31
0.0
  0
LINE
  8
0
 62
     0
 10
3890.75
 20
900.748
 30
0.0
 11
3902.57
 21
899.566
 31
0.0
  0
LINE
  8
0
 62
     0
 10
3902.57
 20
899.566
 30
0.0
 11
3914.03
 21
897.911
 31
0.0
  0
LINE
  8
0
 62
     0
 10
3914.03
 20
897.911
 30
0.0
 11
3925.18
 21
895.787
 31
0.0
  0
LINE
  8
0
 62
     0
 10
3925.18
 20
895.787
 30
0.0
 11
3936.01
 21
893.191
 31
0.0
  0
LINE
  8
0
 62
     0
 10
3936.01
 20
893.191
 30
0.0
 11
3946.49
 21
890.118
 31
0.0
  0
LINE
  8
0
 62
     0
 10
3946.49
 20
890.118
 30
0.0
 11
3956.65
 21
886.576
 31
0.0
  0
LINE
  8
0
 62
     0
 10
3956.65
 20
886.576
 30
0.0
 11
3966.49
 21
882.562
 31
0.0
  0
LINE
  8
0
 62
     0
 10
3966.49
 20
882.562
 30
0.0
 11
3975.98
 21
878.078
 31
0.0
  0
LINE
  8
0
 62
     0
 10
3975.98
 20
878.078
 30
0.0
 11
3985.12
 21
873.118
 31
0.0
  0
LINE
  8
0
 62
     0
 10
3985.12
 20
873.118
 30
0.0
 11
3993.97
 21
867.689
 31
0.0
  0
LINE
  8
0
 62
     0
 10
3993.97
 20
867.689
 30
0.0
 11
4002.48
 21
861.783
 31
0.0
  0
LINE
  8
0
 62
     0
 10
4002.48
 20
861.783
 30
0.0
 11
4010.62
 21
855.409
 31
0.0
  0
LINE
  8
0
 62
     0
 10
4010.62
 20
855.409
 30
0.0
 11
4018.46
 21
848.565
 31
0.0
  0
LINE
  8
0
 62
     0
 10
4018.46
 20
848.565
 30
0.0
 11
4024.14
 21
843.125
 31
0.0
  0
LINE
  8
0
 62
     0
 10
4024.14
 20
843.125
 30
0.0
 11
4025.97
 21
841.244
 31
0.0
  0
LINE
  8
0
 62
     0
 10
4025.97
 20
841.244
 30
0.0
 11
4027.7
 21
839.41
 31
0.0
  0
LINE
  8
0
 62
     0
 10
4027.7
 20
839.41
 30
0.0
 11
4032.78
 21
833.734
 31
0.0
  0
LINE
  8
0
 62
     0
 10
4032.78
 20
833.734
 30
0.0
 11
4039.2
 21
825.927
 31
0.0
  0
LINE
  8
0
 62
     0
 10
4039.2
 20
825.927
 30
0.0
 11
4045.16
 21
817.834
 31
0.0
  0
LINE
  8
0
 62
     0
 10
4045.16
 20
817.834
 30
0.0
 11
4050.7
 21
809.442
 31
0.0
  0
LINE
  8
0
 62
     0
 10
4050.7
 20
809.442
 30
0.0
 11
4055.82
 21
800.76
 31
0.0
  0
LINE
  8
0
 62
     0
 10
4055.82
 20
800.76
 30
0.0
 11
4060.51
 21
791.785
 31
0.0
  0
LINE
  8
0
 62
     0
 10
4060.51
 20
791.785
 30
0.0
 11
4064.78
 21
782.518
 31
0.0
  0
LINE
  8
0
 62
     0
 10
4064.78
 20
782.518
 30
0.0
 11
4068.62
 21
772.954
 31
0.0
  0
LINE
  8
0
 62
     0
 10
4068.62
 20
772.954
 30
0.0
 11
4072.01
 21
763.104
 31
0.0
  0
LINE
  8
0
 62
     0
 10
4072.01
 20
763.104
 30
0.0
 11
4075.01
 21
752.955
 31
0.0
  0
LINE
  8
0
 62
     0
 10
4075.01
 20
752.955
 30
0.0
 11
4077.55
 21
742.516
 31
0.0
  0
LINE
  8
0
 62
     0
 10
4077.55
 20
742.516
 30
0.0
 11
4079.66
 21
731.785
 31
0.0
  0
LINE
  8
0
 62
     0
 10
4079.66
 20
731.785
 30
0.0
 11
4081.36
 21
720.76
 31
0.0
  0
LINE
  8
0
 62
     0
 10
4081.36
 20
720.76
 30
0.0
 11
4082.63
 21
709.443
 31
0.0
  0
LINE
  8
0
 62
     0
 10
4082.63
 20
709.443
 30
0.0
 11
4083.47
 21
697.83
 31
0.0
  0
LINE
  8
0
 62
     0
 10
4083.47
 20
697.83
 30
0.0
 11
4083.83
 21
688.904
 31
0.0
  0
LINE
  8
0
 62
     0
 10
4083.83
 20
688.904
 30
0.0
 11
4083.86
 21
685.927
 31
0.0
  0
LINE
  8
0
 62
     0
 10
4557.22
 20
774.682
 30
0.0
 11
4521.69
 21
774.682
 31
0.0
  0
LINE
  8
0
 62
     0
 10
4521.69
 20
774.682
 30
0.0
 11
4521.45
 21
777.699
 31
0.0
  0
LINE
  8
0
 62
     0
 10
4521.45
 20
777.699
 30
0.0
 11
4520.25
 21
786.705
 31
0.0
  0
LINE
  8
0
 62
     0
 10
4520.25
 20
786.705
 30
0.0
 11
4517.81
 21
797.899
 31
0.0
  0
LINE
  8
0
 62
     0
 10
4517.81
 20
797.899
 30
0.0
 11
4514.39
 21
808.267
 31
0.0
  0
LINE
  8
0
 62
     0
 10
4514.39
 20
808.267
 30
0.0
 11
4510.02
 21
817.813
 31
0.0
  0
LINE
  8
0
 62
     0
 10
4510.02
 20
817.813
 30
0.0
 11
4504.65
 21
826.534
 31
0.0
  0
LINE
  8
0
 62
     0
 10
4504.65
 20
826.534
 30
0.0
 11
4498.3
 21
834.432
 31
0.0
  0
LINE
  8
0
 62
     0
 10
4498.3
 20
834.432
 30
0.0
 11
4491
 21
841.506
 31
0.0
  0
LINE
  8
0
 62
     0
 10
4491
 20
841.506
 30
0.0
 11
4484.86
 21
846.321
 31
0.0
  0
LINE
  8
0
 62
     0
 10
4484.86
 20
846.321
 30
0.0
 11
4482.71
 21
847.757
 31
0.0
  0
LINE
  8
0
 62
     0
 10
4482.71
 20
847.757
 30
0.0
 11
4480.42
 21
849.26
 31
0.0
  0
LINE
  8
0
 62
     0
 10
4480.42
 20
849.26
 30
0.0
 11
4473.29
 21
853.225
 31
0.0
  0
LINE
  8
0
 62
     0
 10
4473.29
 20
853.225
 30
0.0
 11
4462.6
 21
857.966
 31
0.0
  0
LINE
  8
0
 62
     0
 10
4462.6
 20
857.966
 30
0.0
 11
4450.64
 21
861.974
 31
0.0
  0
LINE
  8
0
 62
     0
 10
4450.64
 20
861.974
 30
0.0
 11
4437.42
 21
865.255
 31
0.0
  0
LINE
  8
0
 62
     0
 10
4437.42
 20
865.255
 30
0.0
 11
4422.95
 21
867.809
 31
0.0
  0
LINE
  8
0
 62
     0
 10
4422.95
 20
867.809
 30
0.0
 11
4407.18
 21
869.629
 31
0.0
  0
LINE
  8
0
 62
     0
 10
4407.18
 20
869.629
 30
0.0
 11
4390.18
 21
870.723
 31
0.0
  0
LINE
  8
0
 62
     0
 10
4390.18
 20
870.723
 30
0.0
 11
4376.46
 21
871.086
 31
0.0
  0
LINE
  8
0
 62
     0
 10
4376.46
 20
871.086
 30
0.0
 11
4371.9
 21
871.086
 31
0.0
  0
LINE
  8
0
 62
     0
 10
4371.9
 20
871.086
 30
0.0
 11
4367.99
 21
871.086
 31
0.0
  0
LINE
  8
0
 62
     0
 10
4367.99
 20
871.086
 30
0.0
 11
4356.28
 21
870.783
 31
0.0
  0
LINE
  8
0
 62
     0
 10
4356.28
 20
870.783
 30
0.0
 11
4341.67
 21
869.869
 31
0.0
  0
LINE
  8
0
 62
     0
 10
4341.67
 20
869.869
 30
0.0
 11
4328.05
 21
868.345
 31
0.0
  0
LINE
  8
0
 62
     0
 10
4328.05
 20
868.345
 30
0.0
 11
4315.46
 21
866.211
 31
0.0
  0
LINE
  8
0
 62
     0
 10
4315.46
 20
866.211
 30
0.0
 11
4303.89
 21
863.466
 31
0.0
  0
LINE
  8
0
 62
     0
 10
4303.89
 20
863.466
 30
0.0
 11
4293.31
 21
860.115
 31
0.0
  0
LINE
  8
0
 62
     0
 10
4293.31
 20
860.115
 30
0.0
 11
4283.75
 21
856.153
 31
0.0
  0
LINE
  8
0
 62
     0
 10
4283.75
 20
856.153
 30
0.0
 11
4275.17
 21
851.581
 31
0.0
  0
LINE
  8
0
 62
     0
 10
4275.17
 20
851.581
 30
0.0
 11
4267.62
 21
846.395
 31
0.0
  0
LINE
  8
0
 62
     0
 10
4267.62
 20
846.395
 30
0.0
 11
4261.06
 21
840.606
 31
0.0
  0
LINE
  8
0
 62
     0
 10
4261.06
 20
840.606
 30
0.0
 11
4255.52
 21
834.203
 31
0.0
  0
LINE
  8
0
 62
     0
 10
4255.52
 20
834.203
 30
0.0
 11
4250.97
 21
827.19
 31
0.0
  0
LINE
  8
0
 62
     0
 10
4250.97
 20
827.19
 30
0.0
 11
4247.48
 21
819.57
 31
0.0
  0
LINE
  8
0
 62
     0
 10
4247.48
 20
819.57
 30
0.0
 11
4244.94
 21
811.34
 31
0.0
  0
LINE
  8
0
 62
     0
 10
4244.94
 20
811.34
 30
0.0
 11
4243.42
 21
802.495
 31
0.0
  0
LINE
  8
0
 62
     0
 10
4243.42
 20
802.495
 30
0.0
 11
4242.93
 21
795.408
 31
0.0
  0
LINE
  8
0
 62
     0
 10
4242.93
 20
795.408
 30
0.0
 11
4242.93
 21
793.044
 31
0.0
  0
LINE
  8
0
 62
     0
 10
4242.93
 20
793.044
 30
0.0
 11
4242.93
 21
791.344
 31
0.0
  0
LINE
  8
0
 62
     0
 10
4242.93
 20
791.344
 30
0.0
 11
4243.25
 21
786.236
 31
0.0
  0
LINE
  8
0
 62
     0
 10
4243.25
 20
786.236
 30
0.0
 11
4244.16
 21
779.783
 31
0.0
  0
LINE
  8
0
 62
     0
 10
4244.16
 20
779.783
 30
0.0
 11
4245.72
 21
773.684
 31
0.0
  0
LINE
  8
0
 62
     0
 10
4245.72
 20
773.684
 30
0.0
 11
4247.9
 21
767.934
 31
0.0
  0
LINE
  8
0
 62
     0
 10
4247.9
 20
767.934
 30
0.0
 11
4250.69
 21
762.54
 31
0.0
  0
LINE
  8
0
 62
     0
 10
4250.69
 20
762.54
 30
0.0
 11
4254.11
 21
757.499
 31
0.0
  0
LINE
  8
0
 62
     0
 10
4254.11
 20
757.499
 30
0.0
 11
4258.17
 21
752.81
 31
0.0
  0
LINE
  8
0
 62
     0
 10
4258.17
 20
752.81
 30
0.0
 11
4262.83
 21
748.474
 31
0.0
  0
LINE
  8
0
 62
     0
 10
4262.83
 20
748.474
 30
0.0
 11
4268.08
 21
744.488
 31
0.0
  0
LINE
  8
0
 62
     0
 10
4268.08
 20
744.488
 30
0.0
 11
4274.01
 21
740.858
 31
0.0
  0
LINE
  8
0
 62
     0
 10
4274.01
 20
740.858
 30
0.0
 11
4280.53
 21
737.581
 31
0.0
  0
LINE
  8
0
 62
     0
 10
4280.53
 20
737.581
 30
0.0
 11
4287.66
 21
734.656
 31
0.0
  0
LINE
  8
0
 62
     0
 10
4287.66
 20
734.656
 30
0.0
 11
4295.42
 21
732.084
 31
0.0
  0
LINE
  8
0
 62
     0
 10
4295.42
 20
732.084
 30
0.0
 11
4303.82
 21
729.865
 31
0.0
  0
LINE
  8
0
 62
     0
 10
4303.82
 20
729.865
 30
0.0
 11
4312.85
 21
727.996
 31
0.0
  0
LINE
  8
0
 62
     0
 10
4312.85
 20
727.996
 30
0.0
 11
4320.05
 21
726.807
 31
0.0
  0
LINE
  8
0
 62
     0
 10
4320.05
 20
726.807
 30
0.0
 11
4322.48
 21
726.482
 31
0.0
  0
LINE
  8
0
 62
     0
 10
4322.48
 20
726.482
 30
0.0
 11
4448.32
 21
709.637
 31
0.0
  0
LINE
  8
0
 62
     0
 10
4448.32
 20
709.637
 30
0.0
 11
4452.09
 21
709.126
 31
0.0
  0
LINE
  8
0
 62
     0
 10
4452.09
 20
709.126
 30
0.0
 11
4463.38
 21
707.245
 31
0.0
  0
LINE
  8
0
 62
     0
 10
4463.38
 20
707.245
 30
0.0
 11
4477.46
 21
704.282
 31
0.0
  0
LINE
  8
0
 62
     0
 10
4477.46
 20
704.282
 30
0.0
 11
4490.58
 21
700.744
 31
0.0
  0
LINE
  8
0
 62
     0
 10
4490.58
 20
700.744
 30
0.0
 11
4502.71
 21
696.63
 31
0.0
  0
LINE
  8
0
 62
     0
 10
4502.71
 20
696.63
 30
0.0
 11
4513.9
 21
691.942
 31
0.0
  0
LINE
  8
0
 62
     0
 10
4513.9
 20
691.942
 30
0.0
 11
4524.09
 21
686.682
 31
0.0
  0
LINE
  8
0
 62
     0
 10
4524.09
 20
686.682
 30
0.0
 11
4533.3
 21
680.847
 31
0.0
  0
LINE
  8
0
 62
     0
 10
4533.3
 20
680.847
 30
0.0
 11
4541.59
 21
674.441
 31
0.0
  0
LINE
  8
0
 62
     0
 10
4541.59
 20
674.441
 30
0.0
 11
4548.86
 21
667.459
 31
0.0
  0
LINE
  8
0
 62
     0
 10
4548.86
 20
667.459
 30
0.0
 11
4555.17
 21
659.903
 31
0.0
  0
LINE
  8
0
 62
     0
 10
4555.17
 20
659.903
 30
0.0
 11
4560.5
 21
651.775
 31
0.0
  0
LINE
  8
0
 62
     0
 10
4560.5
 20
651.775
 30
0.0
 11
4564.87
 21
643.072
 31
0.0
  0
LINE
  8
0
 62
     0
 10
4564.87
 20
643.072
 30
0.0
 11
4568.3
 21
633.797
 31
0.0
  0
LINE
  8
0
 62
     0
 10
4568.3
 20
633.797
 30
0.0
 11
4570.73
 21
623.944
 31
0.0
  0
LINE
  8
0
 62
     0
 10
4570.73
 20
623.944
 30
0.0
 11
4572.18
 21
613.519
 31
0.0
  0
LINE
  8
0
 62
     0
 10
4572.18
 20
613.519
 30
0.0
 11
4572.67
 21
605.271
 31
0.0
  0
LINE
  8
0
 62
     0
 10
4572.67
 20
605.271
 30
0.0
 11
4572.67
 21
602.52
 31
0.0
  0
LINE
  8
0
 62
     0
 10
4572.67
 20
602.52
 30
0.0
 11
4572.67
 21
598.978
 31
0.0
  0
LINE
  8
0
 62
     0
 10
4572.67
 20
598.978
 30
0.0
 11
4571.93
 21
588.345
 31
0.0
  0
LINE
  8
0
 62
     0
 10
4571.93
 20
588.345
 30
0.0
 11
4569.71
 21
575.084
 31
0.0
  0
LINE
  8
0
 62
     0
 10
4569.71
 20
575.084
 30
0.0
 11
4566
 21
562.737
 31
0.0
  0
LINE
  8
0
 62
     0
 10
4566
 20
562.737
 30
0.0
 11
4560.82
 21
551.303
 31
0.0
  0
LINE
  8
0
 62
     0
 10
4560.82
 20
551.303
 30
0.0
 11
4554.18
 21
540.787
 31
0.0
  0
LINE
  8
0
 62
     0
 10
4554.18
 20
540.787
 30
0.0
 11
4546.04
 21
531.181
 31
0.0
  0
LINE
  8
0
 62
     0
 10
4546.04
 20
531.181
 30
0.0
 11
4536.44
 21
522.496
 31
0.0
  0
LINE
  8
0
 62
     0
 10
4536.44
 20
522.496
 30
0.0
 11
4525.36
 21
514.72
 31
0.0
  0
LINE
  8
0
 62
     0
 10
4525.36
 20
514.72
 30
0.0
 11
4512.8
 21
507.859
 31
0.0
  0
LINE
  8
0
 62
     0
 10
4512.8
 20
507.859
 30
0.0
 11
4498.76
 21
501.915
 31
0.0
  0
LINE
  8
0
 62
     0
 10
4498.76
 20
501.915
 30
0.0
 11
4483.24
 21
496.884
 31
0.0
  0
LINE
  8
0
 62
     0
 10
4483.24
 20
496.884
 30
0.0
 11
4466.24
 21
492.767
 31
0.0
  0
LINE
  8
0
 62
     0
 10
4466.24
 20
492.767
 30
0.0
 11
4447.75
 21
489.567
 31
0.0
  0
LINE
  8
0
 62
     0
 10
4447.75
 20
489.567
 30
0.0
 11
4427.82
 21
487.281
 31
0.0
  0
LINE
  8
0
 62
     0
 10
4427.82
 20
487.281
 30
0.0
 11
4406.37
 21
485.909
 31
0.0
  0
LINE
  8
0
 62
     0
 10
4406.37
 20
485.909
 30
0.0
 11
4389.19
 21
485.45
 31
0.0
  0
LINE
  8
0
 62
     0
 10
4389.19
 20
485.45
 30
0.0
 11
4383.48
 21
485.45
 31
0.0
  0
LINE
  8
0
 62
     0
 10
4383.48
 20
485.45
 30
0.0
 11
4377.87
 21
485.45
 31
0.0
  0
LINE
  8
0
 62
     0
 10
4377.87
 20
485.45
 30
0.0
 11
4361
 21
485.976
 31
0.0
  0
LINE
  8
0
 62
     0
 10
4361
 20
485.976
 30
0.0
 11
4339.91
 21
487.553
 31
0.0
  0
LINE
  8
0
 62
     0
 10
4339.91
 20
487.553
 30
0.0
 11
4320.22
 21
490.185
 31
0.0
  0
LINE
  8
0
 62
     0
 10
4320.22
 20
490.185
 30
0.0
 11
4301.91
 21
493.868
 31
0.0
  0
LINE
  8
0
 62
     0
 10
4301.91
 20
493.868
 30
0.0
 11
4284.98
 21
498.602
 31
0.0
  0
LINE
  8
0
 62
     0
 10
4284.98
 20
498.602
 30
0.0
 11
4269.46
 21
504.388
 31
0.0
  0
LINE
  8
0
 62
     0
 10
4269.46
 20
504.388
 30
0.0
 11
4255.31
 21
511.228
 31
0.0
  0
LINE
  8
0
 62
     0
 10
4255.31
 20
511.228
 30
0.0
 11
4242.54
 21
519.116
 31
0.0
  0
LINE
  8
0
 62
     0
 10
4242.54
 20
519.116
 30
0.0
 11
4231.18
 21
528.059
 31
0.0
  0
LINE
  8
0
 62
     0
 10
4231.18
 20
528.059
 30
0.0
 11
4221.2
 21
538.057
 31
0.0
  0
LINE
  8
0
 62
     0
 10
4221.2
 20
538.057
 30
0.0
 11
4212.59
 21
549.102
 31
0.0
  0
LINE
  8
0
 62
     0
 10
4212.59
 20
549.102
 30
0.0
 11
4205.39
 21
561.199
 31
0.0
  0
LINE
  8
0
 62
     0
 10
4205.39
 20
561.199
 30
0.0
 11
4199.57
 21
574.35
 31
0.0
  0
LINE
  8
0
 62
     0
 10
4199.57
 20
574.35
 30
0.0
 11
4195.13
 21
588.553
 31
0.0
  0
LINE
  8
0
 62
     0
 10
4195.13
 20
588.553
 30
0.0
 11
4192.09
 21
603.811
 31
0.0
  0
LINE
  8
0
 62
     0
 10
4192.09
 20
603.811
 30
0.0
 11
4190.65
 21
616.031
 31
0.0
  0
LINE
  8
0
 62
     0
 10
4190.65
 20
616.031
 30
0.0
 11
4190.44
 21
620.116
 31
0.0
  0
LINE
  8
0
 62
     0
 10
4190.44
 20
620.116
 30
0.0
 11
4225.96
 21
620.116
 31
0.0
  0
LINE
  8
0
 62
     0
 10
4225.96
 20
620.116
 30
0.0
 11
4226.28
 21
617.333
 31
0.0
  0
LINE
  8
0
 62
     0
 10
4226.28
 20
617.333
 30
0.0
 11
4227.58
 21
609.021
 31
0.0
  0
LINE
  8
0
 62
     0
 10
4227.58
 20
609.021
 30
0.0
 11
4229.7
 21
598.692
 31
0.0
  0
LINE
  8
0
 62
     0
 10
4229.7
 20
598.692
 30
0.0
 11
4232.38
 21
589.128
 31
0.0
  0
LINE
  8
0
 62
     0
 10
4232.38
 20
589.128
 30
0.0
 11
4235.59
 21
580.327
 31
0.0
  0
LINE
  8
0
 62
     0
 10
4235.59
 20
580.327
 30
0.0
 11
4239.33
 21
572.294
 31
0.0
  0
LINE
  8
0
 62
     0
 10
4239.33
 20
572.294
 30
0.0
 11
4243.6
 21
565.027
 31
0.0
  0
LINE
  8
0
 62
     0
 10
4243.6
 20
565.027
 30
0.0
 11
4248.43
 21
558.525
 31
0.0
  0
LINE
  8
0
 62
     0
 10
4248.43
 20
558.525
 30
0.0
 11
4252.35
 21
554.14
 31
0.0
  0
LINE
  8
0
 62
     0
 10
4252.35
 20
554.14
 30
0.0
 11
4253.76
 21
552.789
 31
0.0
  0
LINE
  8
0
 62
     0
 10
4253.76
 20
552.789
 30
0.0
 11
4254.96
 21
551.628
 31
0.0
  0
LINE
  8
0
 62
     0
 10
4254.96
 20
551.628
 30
0.0
 11
4258.8
 21
548.344
 31
0.0
  0
LINE
  8
0
 62
     0
 10
4258.8
 20
548.344
 30
0.0
 11
4264.38
 21
544.181
 31
0.0
  0
LINE
  8
0
 62
     0
 10
4264.38
 20
544.181
 30
0.0
 11
4270.41
 21
540.307
 31
0.0
  0
LINE
  8
0
 62
     0
 10
4270.41
 20
540.307
 30
0.0
 11
4276.9
 21
536.72
 31
0.0
  0
LINE
  8
0
 62
     0
 10
4276.9
 20
536.72
 30
0.0
 11
4283.92
 21
533.418
 31
0.0
  0
LINE
  8
0
 62
     0
 10
4283.92
 20
533.418
 30
0.0
 11
4291.4
 21
530.405
 31
0.0
  0
LINE
  8
0
 62
     0
 10
4291.4
 20
530.405
 30
0.0
 11
4299.34
 21
527.678
 31
0.0
  0
LINE
  8
0
 62
     0
 10
4299.34
 20
527.678
 30
0.0
 11
4307.8
 21
525.24
 31
0.0
  0
LINE
  8
0
 62
     0
 10
4307.8
 20
525.24
 30
0.0
 11
4316.73
 21
523.088
 31
0.0
  0
LINE
  8
0
 62
     0
 10
4316.73
 20
523.088
 30
0.0
 11
4326.15
 21
521.222
 31
0.0
  0
LINE
  8
0
 62
     0
 10
4326.15
 20
521.222
 30
0.0
 11
4336.03
 21
519.645
 31
0.0
  0
LINE
  8
0
 62
     0
 10
4336.03
 20
519.645
 30
0.0
 11
4346.4
 21
518.35
 31
0.0
  0
LINE
  8
0
 62
     0
 10
4346.4
 20
518.35
 30
0.0
 11
4357.26
 21
517.349
 31
0.0
  0
LINE
  8
0
 62
     0
 10
4357.26
 20
517.349
 30
0.0
 11
4368.59
 21
516.629
 31
0.0
  0
LINE
  8
0
 62
     0
 10
4368.59
 20
516.629
 30
0.0
 11
4380.41
 21
516.202
 31
0.0
  0
LINE
  8
0
 62
     0
 10
4380.41
 20
516.202
 30
0.0
 11
4389.65
 21
516.057
 31
0.0
  0
LINE
  8
0
 62
     0
 10
4389.65
 20
516.057
 30
0.0
 11
4392.72
 21
516.057
 31
0.0
  0
LINE
  8
0
 62
     0
 10
4392.72
 20
516.057
 30
0.0
 11
4397.09
 21
516.057
 31
0.0
  0
LINE
  8
0
 62
     0
 10
4397.09
 20
516.057
 30
0.0
 11
4410.22
 21
516.396
 31
0.0
  0
LINE
  8
0
 62
     0
 10
4410.22
 20
516.396
 30
0.0
 11
4426.58
 21
517.409
 31
0.0
  0
LINE
  8
0
 62
     0
 10
4426.58
 20
517.409
 30
0.0
 11
4441.79
 21
519.095
 31
0.0
  0
LINE
  8
0
 62
     0
 10
4441.79
 20
519.095
 30
0.0
 11
4455.9
 21
521.462
 31
0.0
  0
LINE
  8
0
 62
     0
 10
4455.9
 20
521.462
 30
0.0
 11
4468.88
 21
524.499
 31
0.0
  0
LINE
  8
0
 62
     0
 10
4468.88
 20
524.499
 30
0.0
 11
4480.7
 21
528.214
 31
0.0
  0
LINE
  8
0
 62
     0
 10
4480.7
 20
528.214
 30
0.0
 11
4491.43
 21
532.606
 31
0.0
  0
LINE
  8
0
 62
     0
 10
4491.43
 20
532.606
 30
0.0
 11
4501.02
 21
537.672
 31
0.0
  0
LINE
  8
0
 62
     0
 10
4501.02
 20
537.672
 30
0.0
 11
4509.49
 21
543.415
 31
0.0
  0
LINE
  8
0
 62
     0
 10
4509.49
 20
543.415
 30
0.0
 11
4516.83
 21
549.832
 31
0.0
  0
LINE
  8
0
 62
     0
 10
4516.83
 20
549.832
 30
0.0
 11
4523.03
 21
556.923
 31
0.0
  0
LINE
  8
0
 62
     0
 10
4523.03
 20
556.923
 30
0.0
 11
4528.11
 21
564.691
 31
0.0
  0
LINE
  8
0
 62
     0
 10
4528.11
 20
564.691
 30
0.0
 11
4532.07
 21
573.137
 31
0.0
  0
LINE
  8
0
 62
     0
 10
4532.07
 20
573.137
 30
0.0
 11
4534.89
 21
582.256
 31
0.0
  0
LINE
  8
0
 62
     0
 10
4534.89
 20
582.256
 30
0.0
 11
4536.55
 21
592.049
 31
0.0
  0
LINE
  8
0
 62
     0
 10
4536.55
 20
592.049
 30
0.0
 11
4537.11
 21
599.902
 31
0.0
  0
LINE
  8
0
 62
     0
 10
4537.11
 20
599.902
 30
0.0
 11
4537.11
 21
602.52
 31
0.0
  0
LINE
  8
0
 62
     0
 10
4537.11
 20
602.52
 30
0.0
 11
4537.11
 21
604.361
 31
0.0
  0
LINE
  8
0
 62
     0
 10
4537.11
 20
604.361
 30
0.0
 11
4536.83
 21
609.879
 31
0.0
  0
LINE
  8
0
 62
     0
 10
4536.83
 20
609.879
 30
0.0
 11
4535.88
 21
616.853
 31
0.0
  0
LINE
  8
0
 62
     0
 10
4535.88
 20
616.853
 30
0.0
 11
4534.32
 21
623.436
 31
0.0
  0
LINE
  8
0
 62
     0
 10
4534.32
 20
623.436
 30
0.0
 11
4532.17
 21
629.631
 31
0.0
  0
LINE
  8
0
 62
     0
 10
4532.17
 20
629.631
 30
0.0
 11
4529.35
 21
635.437
 31
0.0
  0
LINE
  8
0
 62
     0
 10
4529.35
 20
635.437
 30
0.0
 11
4525.93
 21
640.856
 31
0.0
  0
LINE
  8
0
 62
     0
 10
4525.93
 20
640.856
 30
0.0
 11
4521.91
 21
645.887
 31
0.0
  0
LINE
  8
0
 62
     0
 10
4521.91
 20
645.887
 30
0.0
 11
4517.25
 21
650.529
 31
0.0
  0
LINE
  8
0
 62
     0
 10
4517.25
 20
650.529
 30
0.0
 11
4511.96
 21
654.784
 31
0.0
  0
LINE
  8
0
 62
     0
 10
4511.96
 20
654.784
 30
0.0
 11
4506.07
 21
658.65
 31
0.0
  0
LINE
  8
0
 62
     0
 10
4506.07
 20
658.65
 30
0.0
 11
4499.54
 21
662.125
 31
0.0
  0
LINE
  8
0
 62
     0
 10
4499.54
 20
662.125
 30
0.0
 11
4492.38
 21
665.212
 31
0.0
  0
LINE
  8
0
 62
     0
 10
4492.38
 20
665.212
 30
0.0
 11
4484.62
 21
667.914
 31
0.0
  0
LINE
  8
0
 62
     0
 10
4484.62
 20
667.914
 30
0.0
 11
4476.22
 21
670.225
 31
0.0
  0
LINE
  8
0
 62
     0
 10
4476.22
 20
670.225
 30
0.0
 11
4467.23
 21
672.148
 31
0.0
  0
LINE
  8
0
 62
     0
 10
4467.23
 20
672.148
 30
0.0
 11
4460.03
 21
673.358
 31
0.0
  0
LINE
  8
0
 62
     0
 10
4460.03
 20
673.358
 30
0.0
 11
4457.59
 21
673.682
 31
0.0
  0
LINE
  8
0
 62
     0
 10
4457.59
 20
673.682
 30
0.0
 11
4318.6
 21
692.041
 31
0.0
  0
LINE
  8
0
 62
     0
 10
4318.6
 20
692.041
 30
0.0
 11
4315.25
 21
692.482
 31
0.0
  0
LINE
  8
0
 62
     0
 10
4315.25
 20
692.482
 30
0.0
 11
4305.16
 21
694.129
 31
0.0
  0
LINE
  8
0
 62
     0
 10
4305.16
 20
694.129
 30
0.0
 11
4292.56
 21
696.761
 31
0.0
  0
LINE
  8
0
 62
     0
 10
4292.56
 20
696.761
 30
0.0
 11
4280.82
 21
699.936
 31
0.0
  0
LINE
  8
0
 62
     0
 10
4280.82
 20
699.936
 30
0.0
 11
4269.95
 21
703.658
 31
0.0
  0
LINE
  8
0
 62
     0
 10
4269.95
 20
703.658
 30
0.0
 11
4259.97
 21
707.923
 31
0.0
  0
LINE
  8
0
 62
     0
 10
4259.97
 20
707.923
 30
0.0
 11
4250.83
 21
712.731
 31
0.0
  0
LINE
  8
0
 62
     0
 10
4250.83
 20
712.731
 30
0.0
 11
4242.61
 21
718.083
 31
0.0
  0
LINE
  8
0
 62
     0
 10
4242.61
 20
718.083
 30
0.0
 11
4235.2
 21
723.981
 31
0.0
  0
LINE
  8
0
 62
     0
 10
4235.2
 20
723.981
 30
0.0
 11
4228.71
 21
730.419
 31
0.0
  0
LINE
  8
0
 62
     0
 10
4228.71
 20
730.419
 30
0.0
 11
4223.03
 21
737.408
 31
0.0
  0
LINE
  8
0
 62
     0
 10
4223.03
 20
737.408
 30
0.0
 11
4218.27
 21
744.936
 31
0.0
  0
LINE
  8
0
 62
     0
 10
4218.27
 20
744.936
 30
0.0
 11
4214.35
 21
753.011
 31
0.0
  0
LINE
  8
0
 62
     0
 10
4214.35
 20
753.011
 30
0.0
 11
4211.32
 21
761.63
 31
0.0
  0
LINE
  8
0
 62
     0
 10
4211.32
 20
761.63
 30
0.0
 11
4209.13
 21
770.791
 31
0.0
  0
LINE
  8
0
 62
     0
 10
4209.13
 20
770.791
 30
0.0
 11
4207.86
 21
780.5
 31
0.0
  0
LINE
  8
0
 62
     0
 10
4207.86
 20
780.5
 30
0.0
 11
4207.4
 21
788.187
 31
0.0
  0
LINE
  8
0
 62
     0
 10
4207.4
 20
788.187
 30
0.0
 11
4207.4
 21
790.751
 31
0.0
  0
LINE
  8
0
 62
     0
 10
4207.4
 20
790.751
 30
0.0
 11
4207.4
 21
793.376
 31
0.0
  0
LINE
  8
0
 62
     0
 10
4207.4
 20
793.376
 30
0.0
 11
4207.93
 21
801.247
 31
0.0
  0
LINE
  8
0
 62
     0
 10
4207.93
 20
801.247
 30
0.0
 11
4209.45
 21
811.315
 31
0.0
  0
LINE
  8
0
 62
     0
 10
4209.45
 20
811.315
 30
0.0
 11
4211.99
 21
820.949
 31
0.0
  0
LINE
  8
0
 62
     0
 10
4211.99
 20
820.949
 30
0.0
 11
4215.52
 21
830.153
 31
0.0
  0
LINE
  8
0
 62
     0
 10
4215.52
 20
830.153
 30
0.0
 11
4220.07
 21
838.93
 31
0.0
  0
LINE
  8
0
 62
     0
 10
4220.07
 20
838.93
 30
0.0
 11
4225.64
 21
847.273
 31
0.0
  0
LINE
  8
0
 62
     0
 10
4225.64
 20
847.273
 30
0.0
 11
4232.24
 21
855.19
 31
0.0
  0
LINE
  8
0
 62
     0
 10
4232.24
 20
855.19
 30
0.0
 11
4237.85
 21
860.898
 31
0.0
  0
LINE
  8
0
 62
     0
 10
4237.85
 20
860.898
 30
0.0
 11
4239.86
 21
862.676
 31
0.0
  0
LINE
  8
0
 62
     0
 10
4239.86
 20
862.676
 30
0.0
 11
4242.58
 21
865.138
 31
0.0
  0
LINE
  8
0
 62
     0
 10
4242.58
 20
865.138
 30
0.0
 11
4251.4
 21
871.823
 31
0.0
  0
LINE
  8
0
 62
     0
 10
4251.4
 20
871.823
 30
0.0
 11
4264.41
 21
879.75
 31
0.0
  0
LINE
  8
0
 62
     0
 10
4264.41
 20
879.75
 30
0.0
 11
4278.91
 21
886.456
 31
0.0
  0
LINE
  8
0
 62
     0
 10
4278.91
 20
886.456
 30
0.0
 11
4294.86
 21
891.942
 31
0.0
  0
LINE
  8
0
 62
     0
 10
4294.86
 20
891.942
 30
0.0
 11
4312.32
 21
896.207
 31
0.0
  0
LINE
  8
0
 62
     0
 10
4312.32
 20
896.207
 30
0.0
 11
4331.19
 21
899.255
 31
0.0
  0
LINE
  8
0
 62
     0
 10
4331.19
 20
899.255
 30
0.0
 11
4351.58
 21
901.083
 31
0.0
  0
LINE
  8
0
 62
     0
 10
4351.58
 20
901.083
 30
0.0
 11
4367.99
 21
901.689
 31
0.0
  0
LINE
  8
0
 62
     0
 10
4367.99
 20
901.689
 30
0.0
 11
4373.46
 21
901.689
 31
0.0
  0
LINE
  8
0
 62
     0
 10
4373.46
 20
901.689
 30
0.0
 11
4378.75
 21
901.689
 31
0.0
  0
LINE
  8
0
 62
     0
 10
4378.75
 20
901.689
 30
0.0
 11
4394.59
 21
901.196
 31
0.0
  0
LINE
  8
0
 62
     0
 10
4394.59
 20
901.196
 30
0.0
 11
4414.48
 21
899.707
 31
0.0
  0
LINE
  8
0
 62
     0
 10
4414.48
 20
899.707
 30
0.0
 11
4433.08
 21
897.227
 31
0.0
  0
LINE
  8
0
 62
     0
 10
4433.08
 20
897.227
 30
0.0
 11
4450.36
 21
893.752
 31
0.0
  0
LINE
  8
0
 62
     0
 10
4450.36
 20
893.752
 30
0.0
 11
4466.38
 21
889.286
 31
0.0
  0
LINE
  8
0
 62
     0
 10
4466.38
 20
889.286
 30
0.0
 11
4481.09
 21
883.828
 31
0.0
  0
LINE
  8
0
 62
     0
 10
4481.09
 20
883.828
 30
0.0
 11
4494.49
 21
877.38
 31
0.0
  0
LINE
  8
0
 62
     0
 10
4494.49
 20
877.38
 30
0.0
 11
4506.63
 21
869.936
 31
0.0
  0
LINE
  8
0
 62
     0
 10
4506.63
 20
869.936
 30
0.0
 11
4517.46
 21
861.505
 31
0.0
  0
LINE
  8
0
 62
     0
 10
4517.46
 20
861.505
 30
0.0
 11
4527.02
 21
852.078
 31
0.0
  0
LINE
  8
0
 62
     0
 10
4527.02
 20
852.078
 30
0.0
 11
4535.28
 21
841.657
 31
0.0
  0
LINE
  8
0
 62
     0
 10
4535.28
 20
841.657
 30
0.0
 11
4542.26
 21
830.248
 31
0.0
  0
LINE
  8
0
 62
     0
 10
4542.26
 20
830.248
 30
0.0
 11
4547.94
 21
817.845
 31
0.0
  0
LINE
  8
0
 62
     0
 10
4547.94
 20
817.845
 30
0.0
 11
4552.32
 21
804.45
 31
0.0
  0
LINE
  8
0
 62
     0
 10
4552.32
 20
804.45
 30
0.0
 11
4555.42
 21
790.063
 31
0.0
  0
LINE
  8
0
 62
     0
 10
4555.42
 20
790.063
 30
0.0
 11
4556.94
 21
778.542
 31
0.0
  0
LINE
  8
0
 62
     0
 10
4556.94
 20
778.542
 30
0.0
 11
4557.22
 21
774.682
 31
0.0
  0
LINE
  8
0
 62
     0
 10
1253.98
 20
1395.7
 30
0.0
 11
1273.4
 21
1377.11
 31
0.0
  0
LINE
  8
0
 62
     0
 10
1273.4
 20
1377.11
 30
0.0
 11
1256.38
 21
1400.8
 31
0.0
  0
LINE
  8
0
 62
     0
 10
1256.38
 20
1400.8
 30
0.0
 11
1293.52
 21
1400.34
 31
0.0
  0
LINE
  8
0
 62
     0
 10
1293.52
 20
1400.34
 30
0.0
 11
1259.93
 21
1404.59
 31
0.0
  0
LINE
  8
0
 62
     0
 10
1259.93
 20
1404.59
 30
0.0
 11
1276.5
 21
1416.36
 31
0.0
  0
LINE
  8
0
 62
     0
 10
1276.5
 20
1416.36
 30
0.0
 11
1255.23
 21
1407.05
 31
0.0
  0
LINE
  8
0
 62
     0
 10
1255.23
 20
1407.05
 30
0.0
 11
1253.36
 21
1433.61
 31
0.0
  0
LINE
  8
0
 62
     0
 10
1253.36
 20
1433.61
 30
0.0
 11
1251.54
 21
1412.85
 31
0.0
  0
LINE
  8
0
 62
     0
 10
1251.54
 20
1412.85
 30
0.0
 11
1247.52
 21
1423.43
 31
0.0
  0
LINE
  8
0
 62
     0
 10
1247.52
 20
1423.43
 30
0.0
 11
1248.62
 21
1410.25
 31
0.0
  0
LINE
  8
0
 62
     0
 10
1248.62
 20
1410.25
 30
0.0
 11
1224.43
 21
1431.92
 31
0.0
  0
LINE
  8
0
 62
     0
 10
1224.43
 20
1431.92
 30
0.0
 11
1246.61
 21
1406.46
 31
0.0
  0
LINE
  8
0
 62
     0
 10
1246.61
 20
1406.46
 30
0.0
 11
1213.11
 21
1408.19
 31
0.0
  0
LINE
  8
0
 62
     0
 10
1213.11
 20
1408.19
 30
0.0
 11
1247.2
 21
1402.12
 31
0.0
  0
LINE
  8
0
 62
     0
 10
1247.2
 20
1402.12
 30
0.0
 11
1230.37
 21
1381.22
 31
0.0
  0
LINE
  8
0
 62
     0
 10
1230.37
 20
1381.22
 30
0.0
 11
1244.37
 21
1392.63
 31
0.0
  0
LINE
  8
0
 62
     0
 10
1244.37
 20
1392.63
 30
0.0
 11
1231.96
 21
1367.12
 31
0.0
  0
LINE
  8
0
 62
     0
 10
1231.96
 20
1367.12
 30
0.0
 11
1250.53
 21
1395.6
 31
0.0
  0
LINE
  8
0
 62
     0
 10
1250.53
 20
1395.6
 30
0.0
 11
1252.59
 21
1377.99
 31
0.0
  0
LINE
  8
0
 62
     0
 10
1252.59
 20
1377.99
 30
0.0
 11
1253.98
 21
1395.7
 31
0.0
  0
LINE
  8
0
 62
     0
 10
2085.68
 20
1106.3
 30
0.0
 11
2101.15
 21
1145.43
 31
0.0
  0
LINE
  8
0
 62
     0
 10
2101.15
 20
1145.43
 30
0.0
 11
2078.97
 21
1107.04
 31
0.0
  0
LINE
  8
0
 62
     0
 10
2078.97
 20
1107.04
 30
0.0
 11
2038.84
 21
1158.32
 31
0.0
  0
LINE
  8
0
 62
     0
 10
2038.84
 20
1158.32
 30
0.0
 11
2061.28
 21
1120.25
 31
0.0
  0
LINE
  8
0
 62
     0
 10
2061.28
 20
1120.25
 30
0.0
 11
2061.28
 21
1120.25
 31
0.0
  0
LINE
  8
0
 62
     0
 10
2061.28
 20
1120.25
 30
0.0
 11
2061.61
 21
1119.67
 31
0.0
  0
LINE
  8
0
 62
     0
 10
2061.61
 20
1119.67
 30
0.0
 11
2062.57
 21
1118.12
 31
0.0
  0
LINE
  8
0
 62
     0
 10
2062.57
 20
1118.12
 30
0.0
 11
2063.94
 21
1115.92
 31
0.0
  0
LINE
  8
0
 62
     0
 10
2063.94
 20
1115.92
 30
0.0
 11
2065.52
 21
1113.4
 31
0.0
  0
LINE
  8
0
 62
     0
 10
2065.52
 20
1113.4
 30
0.0
 11
2067.1
 21
1110.88
 31
0.0
  0
LINE
  8
0
 62
     0
 10
2067.1
 20
1110.88
 30
0.0
 11
2068.47
 21
1108.68
 31
0.0
  0
LINE
  8
0
 62
     0
 10
2068.47
 20
1108.68
 30
0.0
 11
2069.43
 21
1107.13
 31
0.0
  0
LINE
  8
0
 62
     0
 10
2069.43
 20
1107.13
 30
0.0
 11
2069.75
 21
1106.54
 31
0.0
  0
LINE
  8
0
 62
     0
 10
2069.75
 20
1106.54
 30
0.0
 11
2069.75
 21
1106.54
 31
0.0
  0
LINE
  8
0
 62
     0
 10
2069.75
 20
1106.54
 30
0.0
 11
2033.86
 21
1119.01
 31
0.0
  0
LINE
  8
0
 62
     0
 10
2033.86
 20
1119.01
 30
0.0
 11
2071.5
 21
1099.07
 31
0.0
  0
LINE
  8
0
 62
     0
 10
2071.5
 20
1099.07
 30
0.0
 11
2035.35
 21
1070.41
 31
0.0
  0
LINE
  8
0
 62
     0
 10
2035.35
 20
1070.41
 30
0.0
 11
2065.76
 21
1087.6
 31
0.0
  0
LINE
  8
0
 62
     0
 10
2065.76
 20
1087.6
 30
0.0
 11
2056.08
 21
1070.62
 31
0.0
  0
LINE
  8
0
 62
     0
 10
2056.08
 20
1070.62
 30
0.0
 11
2072.99
 21
1087.85
 31
0.0
  0
LINE
  8
0
 62
     0
 10
2072.99
 20
1087.85
 30
0.0
 11
2072.93
 21
1087.15
 31
0.0
  0
LINE
  8
0
 62
     0
 10
2072.93
 20
1087.15
 30
0.0
 11
2072.74
 21
1085.03
 31
0.0
  0
LINE
  8
0
 62
     0
 10
2072.74
 20
1085.03
 30
0.0
 11
2072.43
 21
1081.67
 31
0.0
  0
LINE
  8
0
 62
     0
 10
2072.43
 20
1081.67
 30
0.0
 11
2072.07
 21
1077.87
 31
0.0
  0
LINE
  8
0
 62
     0
 10
2072.07
 20
1077.87
 30
0.0
 11
2071.68
 21
1073.74
 31
0.0
  0
LINE
  8
0
 62
     0
 10
2071.68
 20
1073.74
 30
0.0
 11
2071.26
 21
1069.36
 31
0.0
  0
LINE
  8
0
 62
     0
 10
2071.26
 20
1069.36
 30
0.0
 11
2070.82
 21
1064.84
 31
0.0
  0
LINE
  8
0
 62
     0
 10
2070.82
 20
1064.84
 30
0.0
 11
2070.37
 21
1060.28
 31
0.0
  0
LINE
  8
0
 62
     0
 10
2070.37
 20
1060.28
 30
0.0
 11
2069.93
 21
1055.78
 31
0.0
  0
LINE
  8
0
 62
     0
 10
2069.93
 20
1055.78
 30
0.0
 11
2069.51
 21
1051.43
 31
0.0
  0
LINE
  8
0
 62
     0
 10
2069.51
 20
1051.43
 30
0.0
 11
2069.1
 21
1047.34
 31
0.0
  0
LINE
  8
0
 62
     0
 10
2069.1
 20
1047.34
 30
0.0
 11
2068.73
 21
1043.6
 31
0.0
  0
LINE
  8
0
 62
     0
 10
2068.73
 20
1043.6
 30
0.0
 11
2068.41
 21
1040.33
 31
0.0
  0
LINE
  8
0
 62
     0
 10
2068.41
 20
1040.33
 30
0.0
 11
2068.14
 21
1037.61
 31
0.0
  0
LINE
  8
0
 62
     0
 10
2068.14
 20
1037.61
 30
0.0
 11
2067.93
 21
1035.54
 31
0.0
  0
LINE
  8
0
 62
     0
 10
2067.93
 20
1035.54
 30
0.0
 11
2067.8
 21
1034.22
 31
0.0
  0
LINE
  8
0
 62
     0
 10
2067.8
 20
1034.22
 30
0.0
 11
2067.76
 21
1033.77
 31
0.0
  0
LINE
  8
0
 62
     0
 10
2067.76
 20
1033.77
 30
0.0
 11
2067.76
 21
1033.77
 31
0.0
  0
LINE
  8
0
 62
     0
 10
2067.76
 20
1033.77
 30
0.0
 11
2080.72
 21
1087.6
 31
0.0
  0
LINE
  8
0
 62
     0
 10
2080.72
 20
1087.6
 30
0.0
 11
2111.55
 21
1057.63
 31
0.0
  0
LINE
  8
0
 62
     0
 10
2111.55
 20
1057.63
 30
0.0
 11
2088.1
 21
1093.73
 31
0.0
  0
LINE
  8
0
 62
     0
 10
2088.1
 20
1093.73
 30
0.0
 11
2129.82
 21
1087.68
 31
0.0
  0
LINE
  8
0
 62
     0
 10
2129.82
 20
1087.68
 30
0.0
 11
2129.82
 21
1087.68
 31
0.0
  0
LINE
  8
0
 62
     0
 10
2129.82
 20
1087.68
 30
0.0
 11
2129.53
 21
1087.79
 31
0.0
  0
LINE
  8
0
 62
     0
 10
2129.53
 20
1087.79
 30
0.0
 11
2128.71
 21
1088.12
 31
0.0
  0
LINE
  8
0
 62
     0
 10
2128.71
 20
1088.12
 30
0.0
 11
2127.44
 21
1088.62
 31
0.0
  0
LINE
  8
0
 62
     0
 10
2127.44
 20
1088.62
 30
0.0
 11
2125.8
 21
1089.27
 31
0.0
  0
LINE
  8
0
 62
     0
 10
2125.8
 20
1089.27
 30
0.0
 11
2123.84
 21
1090.04
 31
0.0
  0
LINE
  8
0
 62
     0
 10
2123.84
 20
1090.04
 30
0.0
 11
2121.64
 21
1090.9
 31
0.0
  0
LINE
  8
0
 62
     0
 10
2121.64
 20
1090.9
 30
0.0
 11
2119.29
 21
1091.83
 31
0.0
  0
LINE
  8
0
 62
     0
 10
2119.29
 20
1091.83
 30
0.0
 11
2116.84
 21
1092.79
 31
0.0
  0
LINE
  8
0
 62
     0
 10
2116.84
 20
1092.79
 30
0.0
 11
2114.38
 21
1093.76
 31
0.0
  0
LINE
  8
0
 62
     0
 10
2114.38
 20
1093.76
 30
0.0
 11
2111.98
 21
1094.7
 31
0.0
  0
LINE
  8
0
 62
     0
 10
2111.98
 20
1094.7
 30
0.0
 11
2109.7
 21
1095.59
 31
0.0
  0
LINE
  8
0
 62
     0
 10
2109.7
 20
1095.59
 30
0.0
 11
2107.63
 21
1096.39
 31
0.0
  0
LINE
  8
0
 62
     0
 10
2107.63
 20
1096.39
 30
0.0
 11
2105.83
 21
1097.09
 31
0.0
  0
LINE
  8
0
 62
     0
 10
2105.83
 20
1097.09
 30
0.0
 11
2104.38
 21
1097.64
 31
0.0
  0
LINE
  8
0
 62
     0
 10
2104.38
 20
1097.64
 30
0.0
 11
2103.36
 21
1098.02
 31
0.0
  0
LINE
  8
0
 62
     0
 10
2103.36
 20
1098.02
 30
0.0
 11
2102.96
 21
1098.17
 31
0.0
  0
LINE
  8
0
 62
     0
 10
2102.96
 20
1098.17
 30
0.0
 11
2102.82
 21
1098.21
 31
0.0
  0
LINE
  8
0
 62
     0
 10
2102.82
 20
1098.21
 30
0.0
 11
2103.15
 21
1098.25
 31
0.0
  0
LINE
  8
0
 62
     0
 10
2103.15
 20
1098.25
 30
0.0
 11
2104.13
 21
1098.37
 31
0.0
  0
LINE
  8
0
 62
     0
 10
2104.13
 20
1098.37
 30
0.0
 11
2106.14
 21
1098.64
 31
0.0
  0
LINE
  8
0
 62
     0
 10
2106.14
 20
1098.64
 30
0.0
 11
2108.75
 21
1098.98
 31
0.0
  0
LINE
  8
0
 62
     0
 10
2108.75
 20
1098.98
 30
0.0
 11
2111.85
 21
1099.4
 31
0.0
  0
LINE
  8
0
 62
     0
 10
2111.85
 20
1099.4
 30
0.0
 11
2115.34
 21
1099.88
 31
0.0
  0
LINE
  8
0
 62
     0
 10
2115.34
 20
1099.88
 30
0.0
 11
2119.1
 21
1100.39
 31
0.0
  0
LINE
  8
0
 62
     0
 10
2119.1
 20
1100.39
 30
0.0
 11
2123.02
 21
1100.92
 31
0.0
  0
LINE
  8
0
 62
     0
 10
2123.02
 20
1100.92
 30
0.0
 11
2126.99
 21
1101.47
 31
0.0
  0
LINE
  8
0
 62
     0
 10
2126.99
 20
1101.47
 30
0.0
 11
2130.9
 21
1102.01
 31
0.0
  0
LINE
  8
0
 62
     0
 10
2130.9
 20
1102.01
 30
0.0
 11
2134.65
 21
1102.53
 31
0.0
  0
LINE
  8
0
 62
     0
 10
2134.65
 20
1102.53
 30
0.0
 11
2138.13
 21
1103.01
 31
0.0
  0
LINE
  8
0
 62
     0
 10
2138.13
 20
1103.01
 30
0.0
 11
2141.22
 21
1103.43
 31
0.0
  0
LINE
  8
0
 62
     0
 10
2141.22
 20
1103.43
 30
0.0
 11
2143.81
 21
1103.79
 31
0.0
  0
LINE
  8
0
 62
     0
 10
2143.81
 20
1103.79
 30
0.0
 11
2145.8
 21
1104.06
 31
0.0
  0
LINE
  8
0
 62
     0
 10
2145.8
 20
1104.06
 30
0.0
 11
2147.07
 21
1104.24
 31
0.0
  0
LINE
  8
0
 62
     0
 10
2147.07
 20
1104.24
 30
0.0
 11
2147.52
 21
1104.3
 31
0.0
  0
LINE
  8
0
 62
     0
 10
2147.52
 20
1104.3
 30
0.0
 11
2147.52
 21
1104.3
 31
0.0
  0
LINE
  8
0
 62
     0
 10
2147.52
 20
1104.3
 30
0.0
 11
2092.18
 21
1103.31
 31
0.0
  0
LINE
  8
0
 62
     0
 10
2092.18
 20
1103.31
 30
0.0
 11
2113.62
 21
1121.25
 31
0.0
  0
LINE
  8
0
 62
     0
 10
2113.62
 20
1121.25
 30
0.0
 11
2085.68
 21
1106.3
 31
0.0
  0
LINE
  8
0
 62
     0
 10
390.363
 20
623.482
 30
0.0
 11
412.164
 21
642.726
 31
0.0
  0
LINE
  8
0
 62
     0
 10
412.164
 20
642.726
 30
0.0
 11
384.849
 21
626.237
 31
0.0
  0
LINE
  8
0
 62
     0
 10
384.849
 20
626.237
 30
0.0
 11
400.953
 21
661.543
 31
0.0
  0
LINE
  8
0
 62
     0
 10
400.953
 20
661.543
 30
0.0
 11
377.79
 21
627.849
 31
0.0
  0
LINE
  8
0
 62
     0
 10
377.79
 20
627.849
 30
0.0
 11
345.991
 21
674.807
 31
0.0
  0
LINE
  8
0
 62
     0
 10
345.991
 20
674.807
 30
0.0
 11
368.917
 21
628.131
 31
0.0
  0
LINE
  8
0
 62
     0
 10
368.917
 20
628.131
 30
0.0
 11
338.004
 21
640.62
 31
0.0
  0
LINE
  8
0
 62
     0
 10
338.004
 20
640.62
 30
0.0
 11
370.9
 21
619.435
 31
0.0
  0
LINE
  8
0
 62
     0
 10
370.9
 20
619.435
 30
0.0
 11
334.903
 21
596.353
 31
0.0
  0
LINE
  8
0
 62
     0
 10
334.903
 20
596.353
 30
0.0
 11
365.647
 21
610.133
 31
0.0
  0
LINE
  8
0
 62
     0
 10
365.647
 20
610.133
 30
0.0
 11
353.935
 21
595.408
 31
0.0
  0
LINE
  8
0
 62
     0
 10
353.935
 20
595.408
 30
0.0
 11
372.209
 21
612.715
 31
0.0
  0
LINE
  8
0
 62
     0
 10
372.209
 20
612.715
 30
0.0
 11
363.664
 21
563.097
 31
0.0
  0
LINE
  8
0
 62
     0
 10
363.664
 20
563.097
 30
0.0
 11
379.338
 21
609.529
 31
0.0
  0
LINE
  8
0
 62
     0
 10
379.338
 20
609.529
 30
0.0
 11
405.691
 21
566.127
 31
0.0
  0
LINE
  8
0
 62
     0
 10
405.691
 20
566.127
 30
0.0
 11
384.471
 21
614.017
 31
0.0
  0
LINE
  8
0
 62
     0
 10
384.471
 20
614.017
 30
0.0
 11
429.373
 21
609.014
 31
0.0
  0
LINE
  8
0
 62
     0
 10
429.373
 20
609.014
 30
0.0
 11
404.58
 21
615.95
 31
0.0
  0
LINE
  8
0
 62
     0
 10
404.58
 20
615.95
 30
0.0
 11
442.246
 21
630.784
 31
0.0
  0
LINE
  8
0
 62
     0
 10
442.246
 20
630.784
 30
0.0
 11
390.363
 21
623.482
 31
0.0
  0
LINE
  8
0
 62
     0
 10
1256.45
 20
104.294
 30
0.0
 11
1264.97
 21
87.8787
 31
0.0
  0
LINE
  8
0
 62
     0
 10
1264.97
 20
87.8787
 30
0.0
 11
1273.21
 21
72.9135
 31
0.0
  0
LINE
  8
0
 62
     0
 10
1273.21
 20
72.9135
 30
0.0
 11
1261.04
 21
111.142
 31
0.0
  0
LINE
  8
0
 62
     0
 10
1261.04
 20
111.142
 30
0.0
 11
1319.74
 21
104.829
 31
0.0
  0
LINE
  8
0
 62
     0
 10
1319.74
 20
104.829
 30
0.0
 11
1266.43
 21
115.883
 31
0.0
  0
LINE
  8
0
 62
     0
 10
1266.43
 20
115.883
 30
0.0
 11
1296.74
 21
130.682
 31
0.0
  0
LINE
  8
0
 62
     0
 10
1296.74
 20
130.682
 30
0.0
 11
1259.89
 21
119.407
 31
0.0
  0
LINE
  8
0
 62
     0
 10
1259.89
 20
119.407
 30
0.0
 11
1264.65
 21
158.14
 31
0.0
  0
LINE
  8
0
 62
     0
 10
1264.65
 20
158.14
 30
0.0
 11
1256.27
 21
127.83
 31
0.0
  0
LINE
  8
0
 62
     0
 10
1256.27
 20
127.83
 30
0.0
 11
1251.81
 21
144.589
 31
0.0
  0
LINE
  8
0
 62
     0
 10
1251.81
 20
144.589
 30
0.0
 11
1251.27
 21
124.085
 31
0.0
  0
LINE
  8
0
 62
     0
 10
1251.27
 20
124.085
 30
0.0
 11
1218.83
 21
159.031
 31
0.0
  0
LINE
  8
0
 62
     0
 10
1218.83
 20
159.031
 30
0.0
 11
1247.89
 21
118.915
 31
0.0
  0
LINE
  8
0
 62
     0
 10
1247.89
 20
118.915
 30
0.0
 11
1198.68
 21
126.759
 31
0.0
  0
LINE
  8
0
 62
     0
 10
1198.68
 20
126.759
 30
0.0
 11
1246.24
 21
112.793
 31
0.0
  0
LINE
  8
0
 62
     0
 10
1246.24
 20
112.793
 30
0.0
 11
1218.65
 21
88.0692
 31
0.0
  0
LINE
  8
0
 62
     0
 10
1218.65
 20
88.0692
 30
0.0
 11
1240.55
 21
99.8954
 31
0.0
  0
LINE
  8
0
 62
     0
 10
1240.55
 20
99.8954
 30
0.0
 11
1218.47
 21
69.3469
 31
0.0
  0
LINE
  8
0
 62
     0
 10
1218.47
 20
69.3469
 30
0.0
 11
1251.27
 21
103.58
 31
0.0
  0
LINE
  8
0
 62
     0
 10
1251.27
 20
103.58
 30
0.0
 11
1251.9
 21
79.8999
 31
0.0
  0
LINE
  8
0
 62
     0
 10
1251.9
 20
79.8999
 30
0.0
 11
1256.45
 21
104.294
 31
0.0
  0
LINE
  8
0
 62
     0
 10
1606.25
 20
392.952
 30
0.0
 11
1646.53
 21
393.696
 31
0.0
  0
LINE
  8
0
 62
     0
 10
1646.53
 20
393.696
 30
0.0
 11
1605.98
 21
397.665
 31
0.0
  0
LINE
  8
0
 62
     0
 10
1605.98
 20
397.665
 30
0.0
 11
1625.85
 21
422.578
 31
0.0
  0
LINE
  8
0
 62
     0
 10
1625.85
 20
422.578
 30
0.0
 11
1609.34
 21
409.79
 31
0.0
  0
LINE
  8
0
 62
     0
 10
1609.34
 20
409.79
 30
0.0
 11
1623.62
 21
437.388
 31
0.0
  0
LINE
  8
0
 62
     0
 10
1623.62
 20
437.388
 30
0.0
 11
1601.56
 21
404.887
 31
0.0
  0
LINE
  8
0
 62
     0
 10
1601.56
 20
404.887
 30
0.0
 11
1601.48
 21
405.843
 31
0.0
  0
LINE
  8
0
 62
     0
 10
1601.48
 20
405.843
 30
0.0
 11
1601.24
 21
408.711
 31
0.0
  0
LINE
  8
0
 62
     0
 10
1601.24
 20
408.711
 30
0.0
 11
1600.93
 21
412.432
 31
0.0
  0
LINE
  8
0
 62
     0
 10
1600.93
 20
412.432
 30
0.0
 11
1600.64
 21
415.925
 31
0.0
  0
LINE
  8
0
 62
     0
 10
1600.64
 20
415.925
 30
0.0
 11
1600.38
 21
419.061
 31
0.0
  0
LINE
  8
0
 62
     0
 10
1600.38
 20
419.061
 30
0.0
 11
1600.17
 21
421.718
 31
0.0
  0
LINE
  8
0
 62
     0
 10
1600.17
 20
421.718
 30
0.0
 11
1600
 21
423.767
 31
0.0
  0
LINE
  8
0
 62
     0
 10
1600
 20
423.767
 30
0.0
 11
1599.89
 21
425.09
 31
0.0
  0
LINE
  8
0
 62
     0
 10
1599.89
 20
425.09
 30
0.0
 11
1599.85
 21
425.559
 31
0.0
  0
LINE
  8
0
 62
     0
 10
1599.85
 20
425.559
 30
0.0
 11
1599.85
 21
425.559
 31
0.0
  0
LINE
  8
0
 62
     0
 10
1599.85
 20
425.559
 30
0.0
 11
1598.04
 21
403.394
 31
0.0
  0
LINE
  8
0
 62
     0
 10
1598.04
 20
403.394
 30
0.0
 11
1580.67
 21
426.946
 31
0.0
  0
LINE
  8
0
 62
     0
 10
1580.67
 20
426.946
 30
0.0
 11
1593.25
 21
398.918
 31
0.0
  0
LINE
  8
0
 62
     0
 10
1593.25
 20
398.918
 30
0.0
 11
1546.85
 21
396.801
 31
0.0
  0
LINE
  8
0
 62
     0
 10
1546.85
 20
396.801
 30
0.0
 11
1589.84
 21
393.696
 31
0.0
  0
LINE
  8
0
 62
     0
 10
1589.84
 20
393.696
 30
0.0
 11
1568.1
 21
378.456
 31
0.0
  0
LINE
  8
0
 62
     0
 10
1568.1
 20
378.456
 30
0.0
 11
1596.02
 21
391.672
 31
0.0
  0
LINE
  8
0
 62
     0
 10
1596.02
 20
391.672
 30
0.0
 11
1596.04
 21
391.414
 31
0.0
  0
LINE
  8
0
 62
     0
 10
1596.04
 20
391.414
 30
0.0
 11
1596.11
 21
390.631
 31
0.0
  0
LINE
  8
0
 62
     0
 10
1596.11
 20
390.631
 30
0.0
 11
1596.24
 21
389.086
 31
0.0
  0
LINE
  8
0
 62
     0
 10
1596.24
 20
389.086
 30
0.0
 11
1596.39
 21
387.11
 31
0.0
  0
LINE
  8
0
 62
     0
 10
1596.39
 20
387.11
 30
0.0
 11
1596.56
 21
384.785
 31
0.0
  0
LINE
  8
0
 62
     0
 10
1596.56
 20
384.785
 30
0.0
 11
1596.75
 21
382.192
 31
0.0
  0
LINE
  8
0
 62
     0
 10
1596.75
 20
382.192
 30
0.0
 11
1596.94
 21
379.405
 31
0.0
  0
LINE
  8
0
 62
     0
 10
1596.94
 20
379.405
 30
0.0
 11
1597.14
 21
376.509
 31
0.0
  0
LINE
  8
0
 62
     0
 10
1597.14
 20
376.509
 30
0.0
 11
1597.35
 21
373.585
 31
0.0
  0
LINE
  8
0
 62
     0
 10
1597.35
 20
373.585
 30
0.0
 11
1597.54
 21
370.702
 31
0.0
  0
LINE
  8
0
 62
     0
 10
1597.54
 20
370.702
 30
0.0
 11
1597.73
 21
367.947
 31
0.0
  0
LINE
  8
0
 62
     0
 10
1597.73
 20
367.947
 30
0.0
 11
1597.9
 21
365.404
 31
0.0
  0
LINE
  8
0
 62
     0
 10
1597.9
 20
365.404
 30
0.0
 11
1598.05
 21
363.139
 31
0.0
  0
LINE
  8
0
 62
     0
 10
1598.05
 20
363.139
 30
0.0
 11
1598.18
 21
361.241
 31
0.0
  0
LINE
  8
0
 62
     0
 10
1598.18
 20
361.241
 30
0.0
 11
1598.28
 21
359.787
 31
0.0
  0
LINE
  8
0
 62
     0
 10
1598.28
 20
359.787
 30
0.0
 11
1598.34
 21
358.856
 31
0.0
  0
LINE
  8
0
 62
     0
 10
1598.34
 20
358.856
 30
0.0
 11
1598.36
 21
358.528
 31
0.0
  0
LINE
  8
0
 62
     0
 10
1598.36
 20
358.528
 30
0.0
 11
1598.36
 21
358.528
 31
0.0
  0
LINE
  8
0
 62
     0
 10
1598.36
 20
358.528
 30
0.0
 11
1600.7
 21
385.597
 31
0.0
  0
LINE
  8
0
 62
     0
 10
1600.7
 20
385.597
 30
0.0
 11
1606.25
 21
372.17
 31
0.0
  0
LINE
  8
0
 62
     0
 10
1606.25
 20
372.17
 30
0.0
 11
1604.24
 21
388.775
 31
0.0
  0
LINE
  8
0
 62
     0
 10
1604.24
 20
388.775
 30
0.0
 11
1621.92
 21
378.421
 31
0.0
  0
LINE
  8
0
 62
     0
 10
1621.92
 20
378.421
 30
0.0
 11
1606.25
 21
392.952
 31
0.0
  0
LINE
  8
0
 62
     0
 10
1837.51
 20
1237.44
 30
0.0
 11
1837.51
 21
1237.44
 31
0.0
  0
LINE
  8
0
 62
     0
 10
1837.51
 20
1237.44
 30
0.0
 11
1837.3
 21
1237.14
 31
0.0
  0
LINE
  8
0
 62
     0
 10
1837.3
 20
1237.14
 30
0.0
 11
1836.68
 21
1236.23
 31
0.0
  0
LINE
  8
0
 62
     0
 10
1836.68
 20
1236.23
 30
0.0
 11
1835.65
 21
1234.73
 31
0.0
  0
LINE
  8
0
 62
     0
 10
1835.65
 20
1234.73
 30
0.0
 11
1834.21
 21
1232.67
 31
0.0
  0
LINE
  8
0
 62
     0
 10
1834.21
 20
1232.67
 30
0.0
 11
1832.37
 21
1230.04
 31
0.0
  0
LINE
  8
0
 62
     0
 10
1832.37
 20
1230.04
 30
0.0
 11
1830.14
 21
1226.88
 31
0.0
  0
LINE
  8
0
 62
     0
 10
1830.14
 20
1226.88
 30
0.0
 11
1827.51
 21
1223.19
 31
0.0
  0
LINE
  8
0
 62
     0
 10
1827.51
 20
1223.19
 30
0.0
 11
1824.48
 21
1218.99
 31
0.0
  0
LINE
  8
0
 62
     0
 10
1824.48
 20
1218.99
 30
0.0
 11
1821.07
 21
1214.3
 31
0.0
  0
LINE
  8
0
 62
     0
 10
1821.07
 20
1214.3
 30
0.0
 11
1817.28
 21
1209.12
 31
0.0
  0
LINE
  8
0
 62
     0
 10
1817.28
 20
1209.12
 30
0.0
 11
1813.1
 21
1203.49
 31
0.0
  0
LINE
  8
0
 62
     0
 10
1813.1
 20
1203.49
 30
0.0
 11
1808.55
 21
1197.41
 31
0.0
  0
LINE
  8
0
 62
     0
 10
1808.55
 20
1197.41
 30
0.0
 11
1803.63
 21
1190.89
 31
0.0
  0
LINE
  8
0
 62
     0
 10
1803.63
 20
1190.89
 30
0.0
 11
1798.33
 21
1183.95
 31
0.0
  0
LINE
  8
0
 62
     0
 10
1798.33
 20
1183.95
 30
0.0
 11
1792.67
 21
1176.62
 31
0.0
  0
LINE
  8
0
 62
     0
 10
1792.67
 20
1176.62
 30
0.0
 11
1786.65
 21
1168.9
 31
0.0
  0
LINE
  8
0
 62
     0
 10
1786.65
 20
1168.9
 30
0.0
 11
1780.27
 21
1160.81
 31
0.0
  0
LINE
  8
0
 62
     0
 10
1780.27
 20
1160.81
 30
0.0
 11
1773.53
 21
1152.36
 31
0.0
  0
LINE
  8
0
 62
     0
 10
1773.53
 20
1152.36
 30
0.0
 11
1766.44
 21
1143.57
 31
0.0
  0
LINE
  8
0
 62
     0
 10
1766.44
 20
1143.57
 30
0.0
 11
1759.01
 21
1134.46
 31
0.0
  0
LINE
  8
0
 62
     0
 10
1759.01
 20
1134.46
 30
0.0
 11
1751.23
 21
1125.04
 31
0.0
  0
LINE
  8
0
 62
     0
 10
1751.23
 20
1125.04
 30
0.0
 11
1743.11
 21
1115.33
 31
0.0
  0
LINE
  8
0
 62
     0
 10
1743.11
 20
1115.33
 30
0.0
 11
1734.65
 21
1105.34
 31
0.0
  0
LINE
  8
0
 62
     0
 10
1734.65
 20
1105.34
 30
0.0
 11
1725.86
 21
1095.08
 31
0.0
  0
LINE
  8
0
 62
     0
 10
1725.86
 20
1095.08
 30
0.0
 11
1716.74
 21
1084.58
 31
0.0
  0
LINE
  8
0
 62
     0
 10
1716.74
 20
1084.58
 30
0.0
 11
1707.3
 21
1073.85
 31
0.0
  0
LINE
  8
0
 62
     0
 10
1707.3
 20
1073.85
 30
0.0
 11
1697.53
 21
1062.9
 31
0.0
  0
LINE
  8
0
 62
     0
 10
1697.53
 20
1062.9
 30
0.0
 11
1687.44
 21
1051.75
 31
0.0
  0
LINE
  8
0
 62
     0
 10
1687.44
 20
1051.75
 30
0.0
 11
1677.04
 21
1040.41
 31
0.0
  0
LINE
  8
0
 62
     0
 10
1677.04
 20
1040.41
 30
0.0
 11
1666.33
 21
1028.91
 31
0.0
  0
LINE
  8
0
 62
     0
 10
1666.33
 20
1028.91
 30
0.0
 11
1655.3
 21
1017.25
 31
0.0
  0
LINE
  8
0
 62
     0
 10
1655.3
 20
1017.25
 30
0.0
 11
1643.98
 21
1005.45
 31
0.0
  0
LINE
  8
0
 62
     0
 10
1643.98
 20
1005.45
 30
0.0
 11
1632.35
 21
993.525
 31
0.0
  0
LINE
  8
0
 62
     0
 10
1632.35
 20
993.525
 30
0.0
 11
1620.43
 21
981.495
 31
0.0
  0
LINE
  8
0
 62
     0
 10
1620.43
 20
981.495
 30
0.0
 11
1608.21
 21
969.37
 31
0.0
  0
LINE
  8
0
 62
     0
 10
1608.21
 20
969.37
 30
0.0
 11
1595.71
 21
957.171
 31
0.0
  0
LINE
  8
0
 62
     0
 10
1595.71
 20
957.171
 30
0.0
 11
1582.91
 21
944.908
 31
0.0
  0
LINE
  8
0
 62
     0
 10
1582.91
 20
944.908
 30
0.0
 11
1569.84
 21
932.6
 31
0.0
  0
LINE
  8
0
 62
     0
 10
1569.84
 20
932.6
 30
0.0
 11
1556.48
 21
920.26
 31
0.0
  0
LINE
  8
0
 62
     0
 10
1556.48
 20
920.26
 30
0.0
 11
1542.86
 21
907.902
 31
0.0
  0
LINE
  8
0
 62
     0
 10
1542.86
 20
907.902
 30
0.0
 11
1528.95
 21
895.548
 31
0.0
  0
LINE
  8
0
 62
     0
 10
1528.95
 20
895.548
 30
0.0
 11
1514.79
 21
883.207
 31
0.0
  0
LINE
  8
0
 62
     0
 10
1514.79
 20
883.207
 30
0.0
 11
1500.35
 21
870.899
 31
0.0
  0
LINE
  8
0
 62
     0
 10
1500.35
 20
870.899
 30
0.0
 11
1485.66
 21
858.636
 31
0.0
  0
LINE
  8
0
 62
     0
 10
1485.66
 20
858.636
 30
0.0
 11
1470.71
 21
846.437
 31
0.0
  0
LINE
  8
0
 62
     0
 10
1470.71
 20
846.437
 30
0.0
 11
1455.5
 21
834.312
 31
0.0
  0
LINE
  8
0
 62
     0
 10
1455.5
 20
834.312
 30
0.0
 11
1440.05
 21
822.283
 31
0.0
  0
LINE
  8
0
 62
     0
 10
1440.05
 20
822.283
 30
0.0
 11
1424.35
 21
810.359
 31
0.0
  0
LINE
  8
0
 62
     0
 10
1424.35
 20
810.359
 30
0.0
 11
1408.41
 21
798.558
 31
0.0
  0
LINE
  8
0
 62
     0
 10
1408.41
 20
798.558
 30
0.0
 11
1392.22
 21
786.899
 31
0.0
  0
LINE
  8
0
 62
     0
 10
1392.22
 20
786.899
 30
0.0
 11
1375.81
 21
775.395
 31
0.0
  0
LINE
  8
0
 62
     0
 10
1375.81
 20
775.395
 30
0.0
 11
1359.15
 21
764.06
 31
0.0
  0
LINE
  8
0
 62
     0
 10
1359.15
 20
764.06
 30
0.0
 11
1342.28
 21
752.909
 31
0.0
  0
LINE
  8
0
 62
     0
 10
1342.28
 20
752.909
 30
0.0
 11
1325.17
 21
741.959
 31
0.0
  0
LINE
  8
0
 62
     0
 10
1325.17
 20
741.959
 30
0.0
 11
1307.85
 21
731.227
 31
0.0
  0
LINE
  8
0
 62
     0
 10
1307.85
 20
731.227
 30
0.0
 11
1290.31
 21
720.725
 31
0.0
  0
LINE
  8
0
 62
     0
 10
1290.31
 20
720.725
 30
0.0
 11
1272.56
 21
710.47
 31
0.0
  0
LINE
  8
0
 62
     0
 10
1272.56
 20
710.47
 30
0.0
 11
1254.59
 21
700.479
 31
0.0
  0
LINE
  8
0
 62
     0
 10
1254.59
 20
700.479
 30
0.0
 11
1236.43
 21
690.764
 31
0.0
  0
LINE
  8
0
 62
     0
 10
1236.43
 20
690.764
 30
0.0
 11
1218.05
 21
681.344
 31
0.0
  0
LINE
  8
0
 62
     0
 10
1218.05
 20
681.344
 30
0.0
 11
1199.48
 21
672.232
 31
0.0
  0
LINE
  8
0
 62
     0
 10
1199.48
 20
672.232
 30
0.0
 11
1180.71
 21
663.444
 31
0.0
  0
LINE
  8
0
 62
     0
 10
1180.71
 20
663.444
 30
0.0
 11
1161.75
 21
654.999
 31
0.0
  0
LINE
  8
0
 62
     0
 10
1161.75
 20
654.999
 30
0.0
 11
1147.41
 21
648.882
 31
0.0
  0
LINE
  8
0
 62
     0
 10
1147.41
 20
648.882
 30
0.0
 11
1142.61
 21
646.906
 31
0.0
  0
LINE
  8
0
 62
     0
 10
1142.61
 20
646.906
 30
0.0
 11
1134.57
 21
643.83
 31
0.0
  0
LINE
  8
0
 62
     0
 10
1134.57
 20
643.83
 30
0.0
 11
1110.29
 21
635.014
 31
0.0
  0
LINE
  8
0
 62
     0
 10
1110.29
 20
635.014
 30
0.0
 11
1078.34
 21
624.184
 31
0.0
  0
LINE
  8
0
 62
     0
 10
1078.34
 20
624.184
 30
0.0
 11
1046.76
 21
614.384
 31
0.0
  0
LINE
  8
0
 62
     0
 10
1046.76
 20
614.384
 30
0.0
 11
1015.56
 21
605.592
 31
0.0
  0
LINE
  8
0
 62
     0
 10
1015.56
 20
605.592
 30
0.0
 11
984.726
 21
597.782
 31
0.0
  0
LINE
  8
0
 62
     0
 10
984.726
 20
597.782
 30
0.0
 11
954.278
 21
590.917
 31
0.0
  0
LINE
  8
0
 62
     0
 10
954.278
 20
590.917
 30
0.0
 11
924.221
 21
584.976
 31
0.0
  0
LINE
  8
0
 62
     0
 10
924.221
 20
584.976
 30
0.0
 11
894.553
 21
579.931
 31
0.0
  0
LINE
  8
0
 62
     0
 10
894.553
 20
579.931
 30
0.0
 11
865.283
 21
575.751
 31
0.0
  0
LINE
  8
0
 62
     0
 10
865.283
 20
575.751
 30
0.0
 11
836.415
 21
572.407
 31
0.0
  0
LINE
  8
0
 62
     0
 10
836.415
 20
572.407
 30
0.0
 11
807.949
 21
569.877
 31
0.0
  0
LINE
  8
0
 62
     0
 10
807.949
 20
569.877
 30
0.0
 11
779.896
 21
568.127
 31
0.0
  0
LINE
  8
0
 62
     0
 10
779.896
 20
568.127
 30
0.0
 11
752.26
 21
567.133
 31
0.0
  0
LINE
  8
0
 62
     0
 10
752.26
 20
567.133
 30
0.0
 11
725.039
 21
566.864
 31
0.0
  0
LINE
  8
0
 62
     0
 10
725.039
 20
566.864
 30
0.0
 11
698.242
 21
567.295
 31
0.0
  0
LINE
  8
0
 62
     0
 10
698.242
 20
567.295
 30
0.0
 11
671.876
 21
568.396
 31
0.0
  0
LINE
  8
0
 62
     0
 10
671.876
 20
568.396
 30
0.0
 11
645.943
 21
570.138
 31
0.0
  0
LINE
  8
0
 62
     0
 10
645.943
 20
570.138
 30
0.0
 11
620.448
 21
572.498
 31
0.0
  0
LINE
  8
0
 62
     0
 10
620.448
 20
572.498
 30
0.0
 11
595.394
 21
575.444
 31
0.0
  0
LINE
  8
0
 62
     0
 10
595.394
 20
575.444
 30
0.0
 11
570.787
 21
578.947
 31
0.0
  0
LINE
  8
0
 62
     0
 10
570.787
 20
578.947
 30
0.0
 11
546.633
 21
582.983
 31
0.0
  0
LINE
  8
0
 62
     0
 10
546.633
 20
582.983
 30
0.0
 11
522.933
 21
587.52
 31
0.0
  0
LINE
  8
0
 62
     0
 10
522.933
 20
587.52
 30
0.0
 11
499.696
 21
592.533
 31
0.0
  0
LINE
  8
0
 62
     0
 10
499.696
 20
592.533
 30
0.0
 11
476.92
 21
597.994
 31
0.0
  0
LINE
  8
0
 62
     0
 10
476.92
 20
597.994
 30
0.0
 11
454.618
 21
603.871
 31
0.0
  0
LINE
  8
0
 62
     0
 10
454.618
 20
603.871
 30
0.0
 11
432.788
 21
610.143
 31
0.0
  0
LINE
  8
0
 62
     0
 10
432.788
 20
610.143
 30
0.0
 11
411.438
 21
616.775
 31
0.0
  0
LINE
  8
0
 62
     0
 10
411.438
 20
616.775
 30
0.0
 11
390.571
 21
623.743
 31
0.0
  0
LINE
  8
0
 62
     0
 10
390.571
 20
623.743
 30
0.0
 11
370.191
 21
631.017
 31
0.0
  0
LINE
  8
0
 62
     0
 10
370.191
 20
631.017
 30
0.0
 11
350.306
 21
638.574
 31
0.0
  0
LINE
  8
0
 62
     0
 10
350.306
 20
638.574
 30
0.0
 11
330.916
 21
646.377
 31
0.0
  0
LINE
  8
0
 62
     0
 10
330.916
 20
646.377
 30
0.0
 11
312.029
 21
654.406
 31
0.0
  0
LINE
  8
0
 62
     0
 10
312.029
 20
654.406
 30
0.0
 11
293.648
 21
662.63
 31
0.0
  0
LINE
  8
0
 62
     0
 10
293.648
 20
662.63
 30
0.0
 11
275.778
 21
671.022
 31
0.0
  0
LINE
  8
0
 62
     0
 10
275.778
 20
671.022
 30
0.0
 11
258.423
 21
679.552
 31
0.0
  0
LINE
  8
0
 62
     0
 10
258.423
 20
679.552
 30
0.0
 11
241.589
 21
688.195
 31
0.0
  0
LINE
  8
0
 62
     0
 10
241.589
 20
688.195
 30
0.0
 11
225.28
 21
696.923
 31
0.0
  0
LINE
  8
0
 62
     0
 10
225.28
 20
696.923
 30
0.0
 11
209.5
 21
705.704
 31
0.0
  0
LINE
  8
0
 62
     0
 10
209.5
 20
705.704
 30
0.0
 11
194.254
 21
714.513
 31
0.0
  0
LINE
  8
0
 62
     0
 10
194.254
 20
714.513
 30
0.0
 11
179.546
 21
723.325
 31
0.0
  0
LINE
  8
0
 62
     0
 10
179.546
 20
723.325
 30
0.0
 11
165.381
 21
732.106
 31
0.0
  0
LINE
  8
0
 62
     0
 10
165.381
 20
732.106
 30
0.0
 11
151.765
 21
740.83
 31
0.0
  0
LINE
  8
0
 62
     0
 10
151.765
 20
740.83
 30
0.0
 11
138.7
 21
749.469
 31
0.0
  0
LINE
  8
0
 62
     0
 10
138.7
 20
749.469
 30
0.0
 11
126.191
 21
757.999
 31
0.0
  0
LINE
  8
0
 62
     0
 10
126.191
 20
757.999
 30
0.0
 11
114.245
 21
766.389
 31
0.0
  0
LINE
  8
0
 62
     0
 10
114.245
 20
766.389
 30
0.0
 11
102.864
 21
774.608
 31
0.0
  0
LINE
  8
0
 62
     0
 10
102.864
 20
774.608
 30
0.0
 11
92.0531
 21
782.63
 31
0.0
  0
LINE
  8
0
 62
     0
 10
92.0531
 20
782.63
 30
0.0
 11
81.8183
 21
790.43
 31
0.0
  0
LINE
  8
0
 62
     0
 10
81.8183
 20
790.43
 30
0.0
 11
72.1625
 21
797.98
 31
0.0
  0
LINE
  8
0
 62
     0
 10
72.1625
 20
797.98
 30
0.0
 11
63.0908
 21
805.251
 31
0.0
  0
LINE
  8
0
 62
     0
 10
63.0908
 20
805.251
 30
0.0
 11
54.6075
 21
812.211
 31
0.0
  0
LINE
  8
0
 62
     0
 10
54.6075
 20
812.211
 30
0.0
 11
46.7184
 21
818.836
 31
0.0
  0
LINE
  8
0
 62
     0
 10
46.7184
 20
818.836
 30
0.0
 11
39.4272
 21
825.098
 31
0.0
  0
LINE
  8
0
 62
     0
 10
39.4272
 20
825.098
 30
0.0
 11
32.7394
 21
830.968
 31
0.0
  0
LINE
  8
0
 62
     0
 10
32.7394
 20
830.968
 30
0.0
 11
26.6568
 21
836.418
 31
0.0
  0
LINE
  8
0
 62
     0
 10
26.6568
 20
836.418
 30
0.0
 11
21.1873
 21
841.421
 31
0.0
  0
LINE
  8
0
 62
     0
 10
21.1873
 20
841.421
 30
0.0
 11
16.3339
 21
845.947
 31
0.0
  0
LINE
  8
0
 62
     0
 10
16.3339
 20
845.947
 30
0.0
 11
12.1006
 21
849.969
 31
0.0
  0
LINE
  8
0
 62
     0
 10
12.1006
 20
849.969
 30
0.0
 11
8.49422
 21
853.461
 31
0.0
  0
LINE
  8
0
 62
     0
 10
8.49422
 20
853.461
 30
0.0
 11
5.51628
 21
856.393
 31
0.0
  0
LINE
  8
0
 62
     0
 10
5.51628
 20
856.393
 30
0.0
 11
3.17362
 21
858.739
 31
0.0
  0
LINE
  8
0
 62
     0
 10
3.17362
 20
858.739
 30
0.0
 11
1.47037
 21
860.471
 31
0.0
  0
LINE
  8
0
 62
     0
 10
1.47037
 20
860.471
 30
0.0
 11
0.410655
 21
861.557
 31
0.0
  0
LINE
  8
0
 62
     0
 10
0.410655
 20
861.557
 30
0.0
 11
0.111621
 21
861.882
 31
0.0
  0
LINE
  8
0
 62
     0
 10
0.111621
 20
861.882
 30
0.0
 11
0
 21
861.97
 31
0.0
  0
LINE
  8
0
 62
     0
 10
0
 20
861.97
 30
0.0
 11
0.07028
 21
861.836
 31
0.0
  0
LINE
  8
0
 62
     0
 10
0.07028
 20
861.836
 30
0.0
 11
0.403765
 21
861.49
 31
0.0
  0
LINE
  8
0
 62
     0
 10
0.403765
 20
861.49
 30
0.0
 11
1.52135
 21
860.252
 31
0.0
  0
LINE
  8
0
 62
     0
 10
1.52135
 20
860.252
 30
0.0
 11
3.34588
 21
858.284
 31
0.0
  0
LINE
  8
0
 62
     0
 10
3.34588
 20
858.284
 30
0.0
 11
5.87456
 21
855.617
 31
0.0
  0
LINE
  8
0
 62
     0
 10
5.87456
 20
855.617
 30
0.0
 11
9.0992
 21
852.286
 31
0.0
  0
LINE
  8
0
 62
     0
 10
9.0992
 20
852.286
 30
0.0
 11
13.0156
 21
848.328
 31
0.0
  0
LINE
  8
0
 62
     0
 10
13.0156
 20
848.328
 30
0.0
 11
17.6196
 21
843.774
 31
0.0
  0
LINE
  8
0
 62
     0
 10
17.6196
 20
843.774
 30
0.0
 11
22.9044
 21
838.648
 31
0.0
  0
LINE
  8
0
 62
     0
 10
22.9044
 20
838.648
 30
0.0
 11
28.8644
 21
832.993
 31
0.0
  0
LINE
  8
0
 62
     0
 10
28.8644
 20
832.993
 30
0.0
 11
35.4954
 21
826.837
 31
0.0
  0
LINE
  8
0
 62
     0
 10
35.4954
 20
826.837
 30
0.0
 11
42.7923
 21
820.215
 31
0.0
  0
LINE
  8
0
 62
     0
 10
42.7923
 20
820.215
 30
0.0
 11
50.7478
 21
813.153
 31
0.0
  0
LINE
  8
0
 62
     0
 10
50.7478
 20
813.153
 30
0.0
 11
59.3591
 21
805.692
 31
0.0
  0
LINE
  8
0
 62
     0
 10
59.3591
 20
805.692
 30
0.0
 11
68.6181
 21
797.86
 31
0.0
  0
LINE
  8
0
 62
     0
 10
68.6181
 20
797.86
 30
0.0
 11
78.522
 21
789.69
 31
0.0
  0
LINE
  8
0
 62
     0
 10
78.522
 20
789.69
 30
0.0
 11
89.064
 21
781.212
 31
0.0
  0
LINE
  8
0
 62
     0
 10
89.064
 20
781.212
 30
0.0
 11
100.24
 21
772.467
 31
0.0
  0
LINE
  8
0
 62
     0
 10
100.24
 20
772.467
 30
0.0
 11
112.043
 21
763.478
 31
0.0
  0
LINE
  8
0
 62
     0
 10
112.043
 20
763.478
 30
0.0
 11
124.47
 21
754.285
 31
0.0
  0
LINE
  8
0
 62
     0
 10
124.47
 20
754.285
 30
0.0
 11
137.513
 21
744.911
 31
0.0
  0
LINE
  8
0
 62
     0
 10
137.513
 20
744.911
 30
0.0
 11
151.168
 21
735.401
 31
0.0
  0
LINE
  8
0
 62
     0
 10
151.168
 20
735.401
 30
0.0
 11
165.429
 21
725.777
 31
0.0
  0
LINE
  8
0
 62
     0
 10
165.429
 20
725.777
 30
0.0
 11
180.293
 21
716.079
 31
0.0
  0
LINE
  8
0
 62
     0
 10
180.293
 20
716.079
 30
0.0
 11
195.752
 21
706.332
 31
0.0
  0
LINE
  8
0
 62
     0
 10
195.752
 20
706.332
 30
0.0
 11
211.802
 21
696.577
 31
0.0
  0
LINE
  8
0
 62
     0
 10
211.802
 20
696.577
 30
0.0
 11
228.437
 21
686.841
 31
0.0
  0
LINE
  8
0
 62
     0
 10
228.437
 20
686.841
 30
0.0
 11
245.652
 21
677.157
 31
0.0
  0
LINE
  8
0
 62
     0
 10
245.652
 20
677.157
 30
0.0
 11
263.442
 21
667.561
 31
0.0
  0
LINE
  8
0
 62
     0
 10
263.442
 20
667.561
 30
0.0
 11
281.801
 21
658.079
 31
0.0
  0
LINE
  8
0
 62
     0
 10
281.801
 20
658.079
 30
0.0
 11
300.724
 21
648.751
 31
0.0
  0
LINE
  8
0
 62
     0
 10
300.724
 20
648.751
 30
0.0
 11
320.205
 21
639.604
 31
0.0
  0
LINE
  8
0
 62
     0
 10
320.205
 20
639.604
 30
0.0
 11
340.24
 21
630.675
 31
0.0
  0
LINE
  8
0
 62
     0
 10
340.24
 20
630.675
 30
0.0
 11
360.821
 21
621.993
 31
0.0
  0
LINE
  8
0
 62
     0
 10
360.821
 20
621.993
 30
0.0
 11
381.949
 21
613.593
 31
0.0
  0
LINE
  8
0
 62
     0
 10
381.949
 20
613.593
 30
0.0
 11
403.613
 21
605.504
 31
0.0
  0
LINE
  8
0
 62
     0
 10
403.613
 20
605.504
 30
0.0
 11
425.806
 21
597.764
 31
0.0
  0
LINE
  8
0
 62
     0
 10
425.806
 20
597.764
 30
0.0
 11
448.529
 21
590.398
 31
0.0
  0
LINE
  8
0
 62
     0
 10
448.529
 20
590.398
 30
0.0
 11
471.773
 21
583.449
 31
0.0
  0
LINE
  8
0
 62
     0
 10
471.773
 20
583.449
 30
0.0
 11
495.533
 21
576.936
 31
0.0
  0
LINE
  8
0
 62
     0
 10
495.533
 20
576.936
 30
0.0
 11
519.8
 21
570.907
 31
0.0
  0
LINE
  8
0
 62
     0
 10
519.8
 20
570.907
 30
0.0
 11
544.576
 21
565.383
 31
0.0
  0
LINE
  8
0
 62
     0
 10
544.576
 20
565.383
 30
0.0
 11
569.853
 21
560.402
 31
0.0
  0
LINE
  8
0
 62
     0
 10
569.853
 20
560.402
 30
0.0
 11
595.623
 21
555.992
 31
0.0
  0
LINE
  8
0
 62
     0
 10
595.623
 20
555.992
 30
0.0
 11
621.884
 21
552.189
 31
0.0
  0
LINE
  8
0
 62
     0
 10
621.884
 20
552.189
 30
0.0
 11
648.628
 21
549.025
 31
0.0
  0
LINE
  8
0
 62
     0
 10
648.628
 20
549.025
 30
0.0
 11
675.848
 21
546.534
 31
0.0
  0
LINE
  8
0
 62
     0
 10
675.848
 20
546.534
 30
0.0
 11
703.545
 21
544.745
 31
0.0
  0
LINE
  8
0
 62
     0
 10
703.545
 20
544.745
 30
0.0
 11
731.707
 21
543.694
 31
0.0
  0
LINE
  8
0
 62
     0
 10
731.707
 20
543.694
 30
0.0
 11
760.335
 21
543.412
 31
0.0
  0
LINE
  8
0
 62
     0
 10
760.335
 20
543.412
 30
0.0
 11
789.418
 21
543.93
 31
0.0
  0
LINE
  8
0
 62
     0
 10
789.418
 20
543.93
 30
0.0
 11
818.956
 21
545.285
 31
0.0
  0
LINE
  8
0
 62
     0
 10
818.956
 20
545.285
 30
0.0
 11
848.939
 21
547.504
 31
0.0
  0
LINE
  8
0
 62
     0
 10
848.939
 20
547.504
 30
0.0
 11
879.362
 21
550.626
 31
0.0
  0
LINE
  8
0
 62
     0
 10
879.362
 20
550.626
 30
0.0
 11
910.223
 21
554.68
 31
0.0
  0
LINE
  8
0
 62
     0
 10
910.223
 20
554.68
 30
0.0
 11
941.515
 21
559.696
 31
0.0
  0
LINE
  8
0
 62
     0
 10
941.515
 20
559.696
 30
0.0
 11
973.233
 21
565.707
 31
0.0
  0
LINE
  8
0
 62
     0
 10
973.233
 20
565.707
 30
0.0
 11
1005.37
 21
572.749
 31
0.0
  0
LINE
  8
0
 62
     0
 10
1005.37
 20
572.749
 30
0.0
 11
1037.92
 21
580.856
 31
0.0
  0
LINE
  8
0
 62
     0
 10
1037.92
 20
580.856
 30
0.0
 11
1070.88
 21
590.056
 31
0.0
  0
LINE
  8
0
 62
     0
 10
1070.88
 20
590.056
 30
0.0
 11
1104.25
 21
600.382
 31
0.0
  0
LINE
  8
0
 62
     0
 10
1104.25
 20
600.382
 30
0.0
 11
1138.01
 21
611.868
 31
0.0
  0
LINE
  8
0
 62
     0
 10
1138.01
 20
611.868
 30
0.0
 11
1172.17
 21
624.547
 31
0.0
  0
LINE
  8
0
 62
     0
 10
1172.17
 20
624.547
 30
0.0
 11
1206.72
 21
638.45
 31
0.0
  0
LINE
  8
0
 62
     0
 10
1206.72
 20
638.45
 30
0.0
 11
1232.97
 21
649.707
 31
0.0
  0
LINE
  8
0
 62
     0
 10
1232.97
 20
649.707
 30
0.0
 11
1241.65
 21
653.613
 31
0.0
  0
LINE
  8
0
 62
     0
 10
1241.65
 20
653.613
 30
0.0
 11
1245.5
 21
655.345
 31
0.0
  0
LINE
  8
0
 62
     0
 10
1245.5
 20
655.345
 30
0.0
 11
1256.96
 21
660.728
 31
0.0
  0
LINE
  8
0
 62
     0
 10
1256.96
 20
660.728
 30
0.0
 11
1272.18
 21
668.256
 31
0.0
  0
LINE
  8
0
 62
     0
 10
1272.18
 20
668.256
 30
0.0
 11
1287.3
 21
676.169
 31
0.0
  0
LINE
  8
0
 62
     0
 10
1287.3
 20
676.169
 30
0.0
 11
1302.32
 21
684.456
 31
0.0
  0
LINE
  8
0
 62
     0
 10
1302.32
 20
684.456
 30
0.0
 11
1317.23
 21
693.102
 31
0.0
  0
LINE
  8
0
 62
     0
 10
1317.23
 20
693.102
 30
0.0
 11
1332.04
 21
702.088
 31
0.0
  0
LINE
  8
0
 62
     0
 10
1332.04
 20
702.088
 30
0.0
 11
1346.73
 21
711.398
 31
0.0
  0
LINE
  8
0
 62
     0
 10
1346.73
 20
711.398
 30
0.0
 11
1361.3
 21
721.014
 31
0.0
  0
LINE
  8
0
 62
     0
 10
1361.3
 20
721.014
 30
0.0
 11
1375.74
 21
730.92
 31
0.0
  0
LINE
  8
0
 62
     0
 10
1375.74
 20
730.92
 30
0.0
 11
1390.05
 21
741.101
 31
0.0
  0
LINE
  8
0
 62
     0
 10
1390.05
 20
741.101
 30
0.0
 11
1404.23
 21
751.54
 31
0.0
  0
LINE
  8
0
 62
     0
 10
1404.23
 20
751.54
 30
0.0
 11
1418.27
 21
762.222
 31
0.0
  0
LINE
  8
0
 62
     0
 10
1418.27
 20
762.222
 30
0.0
 11
1432.17
 21
773.123
 31
0.0
  0
LINE
  8
0
 62
     0
 10
1432.17
 20
773.123
 30
0.0
 11
1445.92
 21
784.236
 31
0.0
  0
LINE
  8
0
 62
     0
 10
1445.92
 20
784.236
 30
0.0
 11
1459.51
 21
795.539
 31
0.0
  0
LINE
  8
0
 62
     0
 10
1459.51
 20
795.539
 30
0.0
 11
1472.94
 21
807.014
 31
0.0
  0
LINE
  8
0
 62
     0
 10
1472.94
 20
807.014
 30
0.0
 11
1486.21
 21
818.646
 31
0.0
  0
LINE
  8
0
 62
     0
 10
1486.21
 20
818.646
 30
0.0
 11
1499.32
 21
830.421
 31
0.0
  0
LINE
  8
0
 62
     0
 10
1499.32
 20
830.421
 30
0.0
 11
1512.25
 21
842.324
 31
0.0
  0
LINE
  8
0
 62
     0
 10
1512.25
 20
842.324
 30
0.0
 11
1524.99
 21
854.329
 31
0.0
  0
LINE
  8
0
 62
     0
 10
1524.99
 20
854.329
 30
0.0
 11
1537.56
 21
866.429
 31
0.0
  0
LINE
  8
0
 62
     0
 10
1537.56
 20
866.429
 30
0.0
 11
1549.95
 21
878.604
 31
0.0
  0
LINE
  8
0
 62
     0
 10
1549.95
 20
878.604
 30
0.0
 11
1562.14
 21
890.834
 31
0.0
  0
LINE
  8
0
 62
     0
 10
1562.14
 20
890.834
 30
0.0
 11
1574.13
 21
903.108
 31
0.0
  0
LINE
  8
0
 62
     0
 10
1574.13
 20
903.108
 30
0.0
 11
1585.92
 21
915.405
 31
0.0
  0
LINE
  8
0
 62
     0
 10
1585.92
 20
915.405
 30
0.0
 11
1597.51
 21
927.714
 31
0.0
  0
LINE
  8
0
 62
     0
 10
1597.51
 20
927.714
 30
0.0
 11
1608.88
 21
940.012
 31
0.0
  0
LINE
  8
0
 62
     0
 10
1608.88
 20
940.012
 30
0.0
 11
1620.04
 21
952.285
 31
0.0
  0
LINE
  8
0
 62
     0
 10
1620.04
 20
952.285
 30
0.0
 11
1630.98
 21
964.516
 31
0.0
  0
LINE
  8
0
 62
     0
 10
1630.98
 20
964.516
 30
0.0
 11
1641.69
 21
976.69
 31
0.0
  0
LINE
  8
0
 62
     0
 10
1641.69
 20
976.69
 30
0.0
 11
1652.17
 21
988.79
 31
0.0
  0
LINE
  8
0
 62
     0
 10
1652.17
 20
988.79
 30
0.0
 11
1662.42
 21
1000.8
 31
0.0
  0
LINE
  8
0
 62
     0
 10
1662.42
 20
1000.8
 30
0.0
 11
1672.42
 21
1012.7
 31
0.0
  0
LINE
  8
0
 62
     0
 10
1672.42
 20
1012.7
 30
0.0
 11
1682.18
 21
1024.47
 31
0.0
  0
LINE
  8
0
 62
     0
 10
1682.18
 20
1024.47
 30
0.0
 11
1691.69
 21
1036.1
 31
0.0
  0
LINE
  8
0
 62
     0
 10
1691.69
 20
1036.1
 30
0.0
 11
1700.95
 21
1047.58
 31
0.0
  0
LINE
  8
0
 62
     0
 10
1700.95
 20
1047.58
 30
0.0
 11
1709.95
 21
1058.88
 31
0.0
  0
LINE
  8
0
 62
     0
 10
1709.95
 20
1058.88
 30
0.0
 11
1718.68
 21
1069.99
 31
0.0
  0
LINE
  8
0
 62
     0
 10
1718.68
 20
1069.99
 30
0.0
 11
1727.15
 21
1080.9
 31
0.0
  0
LINE
  8
0
 62
     0
 10
1727.15
 20
1080.9
 30
0.0
 11
1735.34
 21
1091.58
 31
0.0
  0
LINE
  8
0
 62
     0
 10
1735.34
 20
1091.58
 30
0.0
 11
1743.26
 21
1102.01
 31
0.0
  0
LINE
  8
0
 62
     0
 10
1743.26
 20
1102.01
 30
0.0
 11
1750.89
 21
1112.2
 31
0.0
  0
LINE
  8
0
 62
     0
 10
1750.89
 20
1112.2
 30
0.0
 11
1758.23
 21
1122.1
 31
0.0
  0
LINE
  8
0
 62
     0
 10
1758.23
 20
1122.1
 30
0.0
 11
1765.28
 21
1131.72
 31
0.0
  0
LINE
  8
0
 62
     0
 10
1765.28
 20
1131.72
 30
0.0
 11
1772.04
 21
1141.03
 31
0.0
  0
LINE
  8
0
 62
     0
 10
1772.04
 20
1141.03
 30
0.0
 11
1778.49
 21
1150.01
 31
0.0
  0
LINE
  8
0
 62
     0
 10
1778.49
 20
1150.01
 30
0.0
 11
1784.63
 21
1158.66
 31
0.0
  0
LINE
  8
0
 62
     0
 10
1784.63
 20
1158.66
 30
0.0
 11
1790.47
 21
1166.95
 31
0.0
  0
LINE
  8
0
 62
     0
 10
1790.47
 20
1166.95
 30
0.0
 11
1795.98
 21
1174.86
 31
0.0
  0
LINE
  8
0
 62
     0
 10
1795.98
 20
1174.86
 30
0.0
 11
1801.18
 21
1182.38
 31
0.0
  0
LINE
  8
0
 62
     0
 10
1801.18
 20
1182.38
 30
0.0
 11
1806.05
 21
1189.5
 31
0.0
  0
LINE
  8
0
 62
     0
 10
1806.05
 20
1189.5
 30
0.0
 11
1810.59
 21
1196.2
 31
0.0
  0
LINE
  8
0
 62
     0
 10
1810.59
 20
1196.2
 30
0.0
 11
1814.79
 21
1202.45
 31
0.0
  0
LINE
  8
0
 62
     0
 10
1814.79
 20
1202.45
 30
0.0
 11
1818.65
 21
1208.25
 31
0.0
  0
LINE
  8
0
 62
     0
 10
1818.65
 20
1208.25
 30
0.0
 11
1822.17
 21
1213.57
 31
0.0
  0
LINE
  8
0
 62
     0
 10
1822.17
 20
1213.57
 30
0.0
 11
1825.34
 21
1218.4
 31
0.0
  0
LINE
  8
0
 62
     0
 10
1825.34
 20
1218.4
 30
0.0
 11
1828.15
 21
1222.73
 31
0.0
  0
LINE
  8
0
 62
     0
 10
1828.15
 20
1222.73
 30
0.0
 11
1830.6
 21
1226.53
 31
0.0
  0
LINE
  8
0
 62
     0
 10
1830.6
 20
1226.53
 30
0.0
 11
1832.69
 21
1229.8
 31
0.0
  0
LINE
  8
0
 62
     0
 10
1832.69
 20
1229.8
 30
0.0
 11
1834.41
 21
1232.51
 31
0.0
  0
LINE
  8
0
 62
     0
 10
1834.41
 20
1232.51
 30
0.0
 11
1835.76
 21
1234.64
 31
0.0
  0
LINE
  8
0
 62
     0
 10
1835.76
 20
1234.64
 30
0.0
 11
1836.73
 21
1236.19
 31
0.0
  0
LINE
  8
0
 62
     0
 10
1836.73
 20
1236.19
 30
0.0
 11
1837.31
 21
1237.13
 31
0.0
  0
LINE
  8
0
 62
     0
 10
1837.31
 20
1237.13
 30
0.0
 11
1837.51
 21
1237.44
 31
0.0
  0
LINE
  8
0
 62
     0
 10
1837.51
 20
1237.44
 30
0.0
 11
1837.51
 21
1237.44
 31
0.0
  0
LINE
  8
0
 62
     0
 10
2324.3
 20
1356.22
 30
0.0
 11
2324.3
 21
1356.22
 31
0.0
  0
LINE
  8
0
 62
     0
 10
2324.3
 20
1356.22
 30
0.0
 11
2324.16
 21
1355.94
 31
0.0
  0
LINE
  8
0
 62
     0
 10
2324.16
 20
1355.94
 30
0.0
 11
2323.74
 21
1355.11
 31
0.0
  0
LINE
  8
0
 62
     0
 10
2323.74
 20
1355.11
 30
0.0
 11
2323.02
 21
1353.74
 31
0.0
  0
LINE
  8
0
 62
     0
 10
2323.02
 20
1353.74
 30
0.0
 11
2322.01
 21
1351.84
 31
0.0
  0
LINE
  8
0
 62
     0
 10
2322.01
 20
1351.84
 30
0.0
 11
2320.7
 21
1349.45
 31
0.0
  0
LINE
  8
0
 62
     0
 10
2320.7
 20
1349.45
 30
0.0
 11
2319.08
 21
1346.57
 31
0.0
  0
LINE
  8
0
 62
     0
 10
2319.08
 20
1346.57
 30
0.0
 11
2317.15
 21
1343.22
 31
0.0
  0
LINE
  8
0
 62
     0
 10
2317.15
 20
1343.22
 30
0.0
 11
2314.91
 21
1339.42
 31
0.0
  0
LINE
  8
0
 62
     0
 10
2314.91
 20
1339.42
 30
0.0
 11
2312.34
 21
1335.18
 31
0.0
  0
LINE
  8
0
 62
     0
 10
2312.34
 20
1335.18
 30
0.0
 11
2309.44
 21
1330.52
 31
0.0
  0
LINE
  8
0
 62
     0
 10
2309.44
 20
1330.52
 30
0.0
 11
2306.21
 21
1325.45
 31
0.0
  0
LINE
  8
0
 62
     0
 10
2306.21
 20
1325.45
 30
0.0
 11
2302.64
 21
1320
 31
0.0
  0
LINE
  8
0
 62
     0
 10
2302.64
 20
1320
 30
0.0
 11
2298.73
 21
1314.18
 31
0.0
  0
LINE
  8
0
 62
     0
 10
2298.73
 20
1314.18
 30
0.0
 11
2294.47
 21
1308
 31
0.0
  0
LINE
  8
0
 62
     0
 10
2294.47
 20
1308
 30
0.0
 11
2289.86
 21
1301.49
 31
0.0
  0
LINE
  8
0
 62
     0
 10
2289.86
 20
1301.49
 30
0.0
 11
2284.88
 21
1294.66
 31
0.0
  0
LINE
  8
0
 62
     0
 10
2284.88
 20
1294.66
 30
0.0
 11
2279.54
 21
1287.52
 31
0.0
  0
LINE
  8
0
 62
     0
 10
2279.54
 20
1287.52
 30
0.0
 11
2273.83
 21
1280.09
 31
0.0
  0
LINE
  8
0
 62
     0
 10
2273.83
 20
1280.09
 30
0.0
 11
2267.74
 21
1272.4
 31
0.0
  0
LINE
  8
0
 62
     0
 10
2267.74
 20
1272.4
 30
0.0
 11
2261.27
 21
1264.44
 31
0.0
  0
LINE
  8
0
 62
     0
 10
2261.27
 20
1264.44
 30
0.0
 11
2254.42
 21
1256.26
 31
0.0
  0
LINE
  8
0
 62
     0
 10
2254.42
 20
1256.26
 30
0.0
 11
2247.17
 21
1247.85
 31
0.0
  0
LINE
  8
0
 62
     0
 10
2247.17
 20
1247.85
 30
0.0
 11
2239.52
 21
1239.23
 31
0.0
  0
LINE
  8
0
 62
     0
 10
2239.52
 20
1239.23
 30
0.0
 11
2231.47
 21
1230.43
 31
0.0
  0
LINE
  8
0
 62
     0
 10
2231.47
 20
1230.43
 30
0.0
 11
2223.02
 21
1221.45
 31
0.0
  0
LINE
  8
0
 62
     0
 10
2223.02
 20
1221.45
 30
0.0
 11
2214.15
 21
1212.32
 31
0.0
  0
LINE
  8
0
 62
     0
 10
2214.15
 20
1212.32
 30
0.0
 11
2204.85
 21
1203.05
 31
0.0
  0
LINE
  8
0
 62
     0
 10
2204.85
 20
1203.05
 30
0.0
 11
2195.14
 21
1193.66
 31
0.0
  0
LINE
  8
0
 62
     0
 10
2195.14
 20
1193.66
 30
0.0
 11
2184.99
 21
1184.17
 31
0.0
  0
LINE
  8
0
 62
     0
 10
2184.99
 20
1184.17
 30
0.0
 11
2174.41
 21
1174.58
 31
0.0
  0
LINE
  8
0
 62
     0
 10
2174.41
 20
1174.58
 30
0.0
 11
2163.39
 21
1164.93
 31
0.0
  0
LINE
  8
0
 62
     0
 10
2163.39
 20
1164.93
 30
0.0
 11
2151.92
 21
1155.22
 31
0.0
  0
LINE
  8
0
 62
     0
 10
2151.92
 20
1155.22
 30
0.0
 11
2140.01
 21
1145.46
 31
0.0
  0
LINE
  8
0
 62
     0
 10
2140.01
 20
1145.46
 30
0.0
 11
2127.63
 21
1135.69
 31
0.0
  0
LINE
  8
0
 62
     0
 10
2127.63
 20
1135.69
 30
0.0
 11
2114.79
 21
1125.91
 31
0.0
  0
LINE
  8
0
 62
     0
 10
2114.79
 20
1125.91
 30
0.0
 11
2101.49
 21
1116.14
 31
0.0
  0
LINE
  8
0
 62
     0
 10
2101.49
 20
1116.14
 30
0.0
 11
2087.71
 21
1106.4
 31
0.0
  0
LINE
  8
0
 62
     0
 10
2087.71
 20
1106.4
 30
0.0
 11
2073.45
 21
1096.7
 31
0.0
  0
LINE
  8
0
 62
     0
 10
2073.45
 20
1096.7
 30
0.0
 11
2058.71
 21
1087.07
 31
0.0
  0
LINE
  8
0
 62
     0
 10
2058.71
 20
1087.07
 30
0.0
 11
2043.48
 21
1077.51
 31
0.0
  0
LINE
  8
0
 62
     0
 10
2043.48
 20
1077.51
 30
0.0
 11
2027.75
 21
1068.05
 31
0.0
  0
LINE
  8
0
 62
     0
 10
2027.75
 20
1068.05
 30
0.0
 11
2011.53
 21
1058.69
 31
0.0
  0
LINE
  8
0
 62
     0
 10
2011.53
 20
1058.69
 30
0.0
 11
1994.8
 21
1049.46
 31
0.0
  0
LINE
  8
0
 62
     0
 10
1994.8
 20
1049.46
 30
0.0
 11
1977.56
 21
1040.38
 31
0.0
  0
LINE
  8
0
 62
     0
 10
1977.56
 20
1040.38
 30
0.0
 11
1959.8
 21
1031.45
 31
0.0
  0
LINE
  8
0
 62
     0
 10
1959.8
 20
1031.45
 30
0.0
 11
1941.52
 21
1022.7
 31
0.0
  0
LINE
  8
0
 62
     0
 10
1941.52
 20
1022.7
 30
0.0
 11
1922.72
 21
1014.15
 31
0.0
  0
LINE
  8
0
 62
     0
 10
1922.72
 20
1014.15
 30
0.0
 11
1903.38
 21
1005.8
 31
0.0
  0
LINE
  8
0
 62
     0
 10
1903.38
 20
1005.8
 30
0.0
 11
1883.51
 21
997.68
 31
0.0
  0
LINE
  8
0
 62
     0
 10
1883.51
 20
997.68
 30
0.0
 11
1863.09
 21
989.803
 31
0.0
  0
LINE
  8
0
 62
     0
 10
1863.09
 20
989.803
 30
0.0
 11
1842.12
 21
982.186
 31
0.0
  0
LINE
  8
0
 62
     0
 10
1842.12
 20
982.186
 30
0.0
 11
1820.6
 21
974.845
 31
0.0
  0
LINE
  8
0
 62
     0
 10
1820.6
 20
974.845
 30
0.0
 11
1798.52
 21
967.796
 31
0.0
  0
LINE
  8
0
 62
     0
 10
1798.52
 20
967.796
 30
0.0
 11
1775.88
 21
961.055
 31
0.0
  0
LINE
  8
0
 62
     0
 10
1775.88
 20
961.055
 30
0.0
 11
1752.66
 21
954.641
 31
0.0
  0
LINE
  8
0
 62
     0
 10
1752.66
 20
954.641
 30
0.0
 11
1728.88
 21
948.57
 31
0.0
  0
LINE
  8
0
 62
     0
 10
1728.88
 20
948.57
 30
0.0
 11
1704.51
 21
942.859
 31
0.0
  0
LINE
  8
0
 62
     0
 10
1704.51
 20
942.859
 30
0.0
 11
1679.55
 21
937.521
 31
0.0
  0
LINE
  8
0
 62
     0
 10
1679.55
 20
937.521
 30
0.0
 11
1654
 21
932.575
 31
0.0
  0
LINE
  8
0
 62
     0
 10
1654
 20
932.575
 30
0.0
 11
1627.86
 21
928.038
 31
0.0
  0
LINE
  8
0
 62
     0
 10
1627.86
 20
928.038
 30
0.0
 11
1601.11
 21
923.929
 31
0.0
  0
LINE
  8
0
 62
     0
 10
1601.11
 20
923.929
 30
0.0
 11
1573.76
 21
920.26
 31
0.0
  0
LINE
  8
0
 62
     0
 10
1573.76
 20
920.26
 30
0.0
 11
1545.79
 21
917.046
 31
0.0
  0
LINE
  8
0
 62
     0
 10
1545.79
 20
917.046
 30
0.0
 11
1524.36
 21
914.926
 31
0.0
  0
LINE
  8
0
 62
     0
 10
1524.36
 20
914.926
 30
0.0
 11
1517.21
 21
914.308
 31
0.0
  0
LINE
  8
0
 62
     0
 10
1517.21
 20
914.308
 30
0.0
 11
1511.62
 21
913.828
 31
0.0
  0
LINE
  8
0
 62
     0
 10
1511.62
 20
913.828
 30
0.0
 11
1494.83
 21
912.569
 31
0.0
  0
LINE
  8
0
 62
     0
 10
1494.83
 20
912.569
 30
0.0
 11
1472.66
 21
911.218
 31
0.0
  0
LINE
  8
0
 62
     0
 10
1472.66
 20
911.218
 30
0.0
 11
1450.69
 21
910.244
 31
0.0
  0
LINE
  8
0
 62
     0
 10
1450.69
 20
910.244
 30
0.0
 11
1428.93
 21
909.638
 31
0.0
  0
LINE
  8
0
 62
     0
 10
1428.93
 20
909.638
 30
0.0
 11
1407.38
 21
909.384
 31
0.0
  0
LINE
  8
0
 62
     0
 10
1407.38
 20
909.384
 30
0.0
 11
1386.06
 21
909.472
 31
0.0
  0
LINE
  8
0
 62
     0
 10
1386.06
 20
909.472
 30
0.0
 11
1364.96
 21
909.895
 31
0.0
  0
LINE
  8
0
 62
     0
 10
1364.96
 20
909.895
 30
0.0
 11
1344.09
 21
910.632
 31
0.0
  0
LINE
  8
0
 62
     0
 10
1344.09
 20
910.632
 30
0.0
 11
1323.45
 21
911.684
 31
0.0
  0
LINE
  8
0
 62
     0
 10
1323.45
 20
911.684
 30
0.0
 11
1303.06
 21
913.028
 31
0.0
  0
LINE
  8
0
 62
     0
 10
1303.06
 20
913.028
 30
0.0
 11
1282.9
 21
914.661
 31
0.0
  0
LINE
  8
0
 62
     0
 10
1282.9
 20
914.661
 30
0.0
 11
1263
 21
916.566
 31
0.0
  0
LINE
  8
0
 62
     0
 10
1263
 20
916.566
 30
0.0
 11
1243.35
 21
918.732
 31
0.0
  0
LINE
  8
0
 62
     0
 10
1243.35
 20
918.732
 30
0.0
 11
1223.96
 21
921.149
 31
0.0
  0
LINE
  8
0
 62
     0
 10
1223.96
 20
921.149
 30
0.0
 11
1204.84
 21
923.801
 31
0.0
  0
LINE
  8
0
 62
     0
 10
1204.84
 20
923.801
 30
0.0
 11
1185.98
 21
926.684
 31
0.0
  0
LINE
  8
0
 62
     0
 10
1185.98
 20
926.684
 30
0.0
 11
1167.39
 21
929.785
 31
0.0
  0
LINE
  8
0
 62
     0
 10
1167.39
 20
929.785
 30
0.0
 11
1149.09
 21
933.083
 31
0.0
  0
LINE
  8
0
 62
     0
 10
1149.09
 20
933.083
 30
0.0
 11
1131.07
 21
936.579
 31
0.0
  0
LINE
  8
0
 62
     0
 10
1131.07
 20
936.579
 30
0.0
 11
1113.33
 21
940.255
 31
0.0
  0
LINE
  8
0
 62
     0
 10
1113.33
 20
940.255
 30
0.0
 11
1095.89
 21
944.1
 31
0.0
  0
LINE
  8
0
 62
     0
 10
1095.89
 20
944.1
 30
0.0
 11
1078.75
 21
948.101
 31
0.0
  0
LINE
  8
0
 62
     0
 10
1078.75
 20
948.101
 30
0.0
 11
1061.9
 21
952.25
 31
0.0
  0
LINE
  8
0
 62
     0
 10
1061.9
 20
952.25
 30
0.0
 11
1045.37
 21
956.532
 31
0.0
  0
LINE
  8
0
 62
     0
 10
1045.37
 20
956.532
 30
0.0
 11
1029.15
 21
960.938
 31
0.0
  0
LINE
  8
0
 62
     0
 10
1029.15
 20
960.938
 30
0.0
 11
1013.24
 21
965.458
 31
0.0
  0
LINE
  8
0
 62
     0
 10
1013.24
 20
965.458
 30
0.0
 11
997.663
 21
970.072
 31
0.0
  0
LINE
  8
0
 62
     0
 10
997.663
 20
970.072
 30
0.0
 11
982.405
 21
974.778
 31
0.0
  0
LINE
  8
0
 62
     0
 10
982.405
 20
974.778
 30
0.0
 11
967.479
 21
979.562
 31
0.0
  0
LINE
  8
0
 62
     0
 10
967.479
 20
979.562
 30
0.0
 11
952.892
 21
984.409
 31
0.0
  0
LINE
  8
0
 62
     0
 10
952.892
 20
984.409
 30
0.0
 11
938.646
 21
989.309
 31
0.0
  0
LINE
  8
0
 62
     0
 10
938.646
 20
989.309
 30
0.0
 11
924.747
 21
994.248
 31
0.0
  0
LINE
  8
0
 62
     0
 10
924.747
 20
994.248
 30
0.0
 11
911.2
 21
999.222
 31
0.0
  0
LINE
  8
0
 62
     0
 10
911.2
 20
999.222
 30
0.0
 11
898.006
 21
1004.21
 31
0.0
  0
LINE
  8
0
 62
     0
 10
898.006
 20
1004.21
 30
0.0
 11
885.176
 21
1009.21
 31
0.0
  0
LINE
  8
0
 62
     0
 10
885.176
 20
1009.21
 30
0.0
 11
872.709
 21
1014.2
 31
0.0
  0
LINE
  8
0
 62
     0
 10
872.709
 20
1014.2
 30
0.0
 11
860.612
 21
1019.18
 31
0.0
  0
LINE
  8
0
 62
     0
 10
860.612
 20
1019.18
 30
0.0
 11
848.893
 21
1024.13
 31
0.0
  0
LINE
  8
0
 62
     0
 10
848.893
 20
1024.13
 30
0.0
 11
837.554
 21
1029.05
 31
0.0
  0
LINE
  8
0
 62
     0
 10
837.554
 20
1029.05
 30
0.0
 11
826.597
 21
1033.9
 31
0.0
  0
LINE
  8
0
 62
     0
 10
826.597
 20
1033.9
 30
0.0
 11
816.035
 21
1038.7
 31
0.0
  0
LINE
  8
0
 62
     0
 10
816.035
 20
1038.7
 30
0.0
 11
805.864
 21
1043.43
 31
0.0
  0
LINE
  8
0
 62
     0
 10
805.864
 20
1043.43
 30
0.0
 11
796.096
 21
1048.06
 31
0.0
  0
LINE
  8
0
 62
     0
 10
796.096
 20
1048.06
 30
0.0
 11
786.73
 21
1052.61
 31
0.0
  0
LINE
  8
0
 62
     0
 10
786.73
 20
1052.61
 30
0.0
 11
777.773
 21
1057.04
 31
0.0
  0
LINE
  8
0
 62
     0
 10
777.773
 20
1057.04
 30
0.0
 11
769.232
 21
1061.35
 31
0.0
  0
LINE
  8
0
 62
     0
 10
769.232
 20
1061.35
 30
0.0
 11
761.111
 21
1065.53
 31
0.0
  0
LINE
  8
0
 62
     0
 10
761.111
 20
1065.53
 30
0.0
 11
753.413
 21
1069.57
 31
0.0
  0
LINE
  8
0
 62
     0
 10
753.413
 20
1069.57
 30
0.0
 11
746.143
 21
1073.45
 31
0.0
  0
LINE
  8
0
 62
     0
 10
746.143
 20
1073.45
 30
0.0
 11
739.309
 21
1077.17
 31
0.0
  0
LINE
  8
0
 62
     0
 10
739.309
 20
1077.17
 30
0.0
 11
732.91
 21
1080.71
 31
0.0
  0
LINE
  8
0
 62
     0
 10
732.91
 20
1080.71
 30
0.0
 11
726.959
 21
1084.05
 31
0.0
  0
LINE
  8
0
 62
     0
 10
726.959
 20
1084.05
 30
0.0
 11
721.452
 21
1087.2
 31
0.0
  0
LINE
  8
0
 62
     0
 10
721.452
 20
1087.2
 30
0.0
 11
716.4
 21
1090.14
 31
0.0
  0
LINE
  8
0
 62
     0
 10
716.4
 20
1090.14
 30
0.0
 11
711.807
 21
1092.85
 31
0.0
  0
LINE
  8
0
 62
     0
 10
711.807
 20
1092.85
 30
0.0
 11
707.676
 21
1095.32
 31
0.0
  0
LINE
  8
0
 62
     0
 10
707.676
 20
1095.32
 30
0.0
 11
704.014
 21
1097.54
 31
0.0
  0
LINE
  8
0
 62
     0
 10
704.014
 20
1097.54
 30
0.0
 11
700.821
 21
1099.51
 31
0.0
  0
LINE
  8
0
 62
     0
 10
700.821
 20
1099.51
 30
0.0
 11
698.108
 21
1101.21
 31
0.0
  0
LINE
  8
0
 62
     0
 10
698.108
 20
1101.21
 30
0.0
 11
695.879
 21
1102.62
 31
0.0
  0
LINE
  8
0
 62
     0
 10
695.879
 20
1102.62
 30
0.0
 11
694.136
 21
1103.74
 31
0.0
  0
LINE
  8
0
 62
     0
 10
694.136
 20
1103.74
 30
0.0
 11
692.884
 21
1104.55
 31
0.0
  0
LINE
  8
0
 62
     0
 10
692.884
 20
1104.55
 30
0.0
 11
692.132
 21
1105.05
 31
0.0
  0
LINE
  8
0
 62
     0
 10
692.132
 20
1105.05
 30
0.0
 11
691.878
 21
1105.22
 31
0.0
  0
LINE
  8
0
 62
     0
 10
691.878
 20
1105.22
 30
0.0
 11
691.878
 21
1105.22
 31
0.0
  0
LINE
  8
0
 62
     0
 10
691.878
 20
1105.22
 30
0.0
 11
691.878
 21
1105.22
 31
0.0
  0
LINE
  8
0
 62
     0
 10
691.878
 20
1105.22
 30
0.0
 11
692.132
 21
1105.02
 31
0.0
  0
LINE
  8
0
 62
     0
 10
692.132
 20
1105.02
 30
0.0
 11
692.887
 21
1104.43
 31
0.0
  0
LINE
  8
0
 62
     0
 10
692.887
 20
1104.43
 30
0.0
 11
694.14
 21
1103.47
 31
0.0
  0
LINE
  8
0
 62
     0
 10
694.14
 20
1103.47
 30
0.0
 11
695.886
 21
1102.15
 31
0.0
  0
LINE
  8
0
 62
     0
 10
695.886
 20
1102.15
 30
0.0
 11
698.123
 21
1100.48
 31
0.0
  0
LINE
  8
0
 62
     0
 10
698.123
 20
1100.48
 30
0.0
 11
700.835
 21
1098.47
 31
0.0
  0
LINE
  8
0
 62
     0
 10
700.835
 20
1098.47
 30
0.0
 11
704.028
 21
1096.14
 31
0.0
  0
LINE
  8
0
 62
     0
 10
704.028
 20
1096.14
 30
0.0
 11
707.69
 21
1093.51
 31
0.0
  0
LINE
  8
0
 62
     0
 10
707.69
 20
1093.51
 30
0.0
 11
711.821
 21
1090.58
 31
0.0
  0
LINE
  8
0
 62
     0
 10
711.821
 20
1090.58
 30
0.0
 11
716.411
 21
1087.38
 31
0.0
  0
LINE
  8
0
 62
     0
 10
716.411
 20
1087.38
 30
0.0
 11
721.455
 21
1083.91
 31
0.0
  0
LINE
  8
0
 62
     0
 10
721.455
 20
1083.91
 30
0.0
 11
726.951
 21
1080.19
 31
0.0
  0
LINE
  8
0
 62
     0
 10
726.951
 20
1080.19
 30
0.0
 11
732.892
 21
1076.23
 31
0.0
  0
LINE
  8
0
 62
     0
 10
732.892
 20
1076.23
 30
0.0
 11
739.271
 21
1072.04
 31
0.0
  0
LINE
  8
0
 62
     0
 10
739.271
 20
1072.04
 30
0.0
 11
746.086
 21
1067.64
 31
0.0
  0
LINE
  8
0
 62
     0
 10
746.086
 20
1067.64
 30
0.0
 11
753.329
 21
1063.05
 31
0.0
  0
LINE
  8
0
 62
     0
 10
753.329
 20
1063.05
 30
0.0
 11
760.998
 21
1058.28
 31
0.0
  0
LINE
  8
0
 62
     0
 10
760.998
 20
1058.28
 30
0.0
 11
769.084
 21
1053.33
 31
0.0
  0
LINE
  8
0
 62
     0
 10
769.084
 20
1053.33
 30
0.0
 11
777.582
 21
1048.23
 31
0.0
  0
LINE
  8
0
 62
     0
 10
777.582
 20
1048.23
 30
0.0
 11
786.486
 21
1042.98
 31
0.0
  0
LINE
  8
0
 62
     0
 10
786.486
 20
1042.98
 30
0.0
 11
795.796
 21
1037.6
 31
0.0
  0
LINE
  8
0
 62
     0
 10
795.796
 20
1037.6
 30
0.0
 11
805.505
 21
1032.11
 31
0.0
  0
LINE
  8
0
 62
     0
 10
805.505
 20
1032.11
 30
0.0
 11
815.605
 21
1026.52
 31
0.0
  0
LINE
  8
0
 62
     0
 10
815.605
 20
1026.52
 30
0.0
 11
826.089
 21
1020.84
 31
0.0
  0
LINE
  8
0
 62
     0
 10
826.089
 20
1020.84
 30
0.0
 11
836.955
 21
1015.09
 31
0.0
  0
LINE
  8
0
 62
     0
 10
836.955
 20
1015.09
 30
0.0
 11
848.198
 21
1009.28
 31
0.0
  0
LINE
  8
0
 62
     0
 10
848.198
 20
1009.28
 30
0.0
 11
859.815
 21
1003.42
 31
0.0
  0
LINE
  8
0
 62
     0
 10
859.815
 20
1003.42
 30
0.0
 11
871.795
 21
997.522
 31
0.0
  0
LINE
  8
0
 62
     0
 10
871.795
 20
997.522
 30
0.0
 11
884.135
 21
991.609
 31
0.0
  0
LINE
  8
0
 62
     0
 10
884.135
 20
991.609
 30
0.0
 11
896.828
 21
985.689
 31
0.0
  0
LINE
  8
0
 62
     0
 10
896.828
 20
985.689
 30
0.0
 11
909.874
 21
979.777
 31
0.0
  0
LINE
  8
0
 62
     0
 10
909.874
 20
979.777
 30
0.0
 11
923.265
 21
973.885
 31
0.0
  0
LINE
  8
0
 62
     0
 10
923.265
 20
973.885
 30
0.0
 11
936.992
 21
968.033
 31
0.0
  0
LINE
  8
0
 62
     0
 10
936.992
 20
968.033
 30
0.0
 11
951.057
 21
962.226
 31
0.0
  0
LINE
  8
0
 62
     0
 10
951.057
 20
962.226
 30
0.0
 11
965.447
 21
956.483
 31
0.0
  0
LINE
  8
0
 62
     0
 10
965.447
 20
956.483
 30
0.0
 11
980.161
 21
950.814
 31
0.0
  0
LINE
  8
0
 62
     0
 10
980.161
 20
950.814
 30
0.0
 11
995.197
 21
945.236
 31
0.0
  0
LINE
  8
0
 62
     0
 10
995.197
 20
945.236
 30
0.0
 11
1010.54
 21
939.761
 31
0.0
  0
LINE
  8
0
 62
     0
 10
1010.54
 20
939.761
 30
0.0
 11
1026.2
 21
934.406
 31
0.0
  0
LINE
  8
0
 62
     0
 10
1026.2
 20
934.406
 30
0.0
 11
1042.15
 21
929.178
 31
0.0
  0
LINE
  8
0
 62
     0
 10
1042.15
 20
929.178
 30
0.0
 11
1058.4
 21
924.098
 31
0.0
  0
LINE
  8
0
 62
     0
 10
1058.4
 20
924.098
 30
0.0
 11
1074.95
 21
919.177
 31
0.0
  0
LINE
  8
0
 62
     0
 10
1074.95
 20
919.177
 30
0.0
 11
1091.78
 21
914.425
 31
0.0
  0
LINE
  8
0
 62
     0
 10
1091.78
 20
914.425
 30
0.0
 11
1108.89
 21
909.86
 31
0.0
  0
LINE
  8
0
 62
     0
 10
1108.89
 20
909.86
 30
0.0
 11
1126.28
 21
905.492
 31
0.0
  0
LINE
  8
0
 62
     0
 10
1126.28
 20
905.492
 30
0.0
 11
1143.94
 21
901.34
 31
0.0
  0
LINE
  8
0
 62
     0
 10
1143.94
 20
901.34
 30
0.0
 11
1161.86
 21
897.41
 31
0.0
  0
LINE
  8
0
 62
     0
 10
1161.86
 20
897.41
 30
0.0
 11
1180.05
 21
893.724
 31
0.0
  0
LINE
  8
0
 62
     0
 10
1180.05
 20
893.724
 30
0.0
 11
1198.48
 21
890.291
 31
0.0
  0
LINE
  8
0
 62
     0
 10
1198.48
 20
890.291
 30
0.0
 11
1217.18
 21
887.127
 31
0.0
  0
LINE
  8
0
 62
     0
 10
1217.18
 20
887.127
 30
0.0
 11
1236.11
 21
884.245
 31
0.0
  0
LINE
  8
0
 62
     0
 10
1236.11
 20
884.245
 30
0.0
 11
1255.28
 21
881.655
 31
0.0
  0
LINE
  8
0
 62
     0
 10
1255.28
 20
881.655
 30
0.0
 11
1274.68
 21
879.373
 31
0.0
  0
LINE
  8
0
 62
     0
 10
1274.68
 20
879.373
 30
0.0
 11
1294.32
 21
877.418
 31
0.0
  0
LINE
  8
0
 62
     0
 10
1294.32
 20
877.418
 30
0.0
 11
1314.17
 21
875.796
 31
0.0
  0
LINE
  8
0
 62
     0
 10
1314.17
 20
875.796
 30
0.0
 11
1334.25
 21
874.522
 31
0.0
  0
LINE
  8
0
 62
     0
 10
1334.25
 20
874.522
 30
0.0
 11
1354.53
 21
873.615
 31
0.0
  0
LINE
  8
0
 62
     0
 10
1354.53
 20
873.615
 30
0.0
 11
1375.03
 21
873.083
 31
0.0
  0
LINE
  8
0
 62
     0
 10
1375.03
 20
873.083
 30
0.0
 11
1395.72
 21
872.942
 31
0.0
  0
LINE
  8
0
 62
     0
 10
1395.72
 20
872.942
 30
0.0
 11
1416.61
 21
873.203
 31
0.0
  0
LINE
  8
0
 62
     0
 10
1416.61
 20
873.203
 30
0.0
 11
1437.7
 21
873.887
 31
0.0
  0
LINE
  8
0
 62
     0
 10
1437.7
 20
873.887
 30
0.0
 11
1458.97
 21
874.998
 31
0.0
  0
LINE
  8
0
 62
     0
 10
1458.97
 20
874.998
 30
0.0
 11
1480.42
 21
876.558
 31
0.0
  0
LINE
  8
0
 62
     0
 10
1480.42
 20
876.558
 30
0.0
 11
1496.65
 21
878.015
 31
0.0
  0
LINE
  8
0
 62
     0
 10
1496.65
 20
878.015
 30
0.0
 11
1502.05
 21
878.572
 31
0.0
  0
LINE
  8
0
 62
     0
 10
1502.05
 20
878.572
 30
0.0
 11
1509.3
 21
879.323
 31
0.0
  0
LINE
  8
0
 62
     0
 10
1509.3
 20
879.323
 30
0.0
 11
1531.04
 21
881.863
 31
0.0
  0
LINE
  8
0
 62
     0
 10
1531.04
 20
881.863
 30
0.0
 11
1559.42
 21
885.649
 31
0.0
  0
LINE
  8
0
 62
     0
 10
1559.42
 20
885.649
 30
0.0
 11
1587.17
 21
889.903
 31
0.0
  0
LINE
  8
0
 62
     0
 10
1587.17
 20
889.903
 30
0.0
 11
1614.32
 21
894.62
 31
0.0
  0
LINE
  8
0
 62
     0
 10
1614.32
 20
894.62
 30
0.0
 11
1640.85
 21
899.777
 31
0.0
  0
LINE
  8
0
 62
     0
 10
1640.85
 20
899.777
 30
0.0
 11
1666.79
 21
905.355
 31
0.0
  0
LINE
  8
0
 62
     0
 10
1666.79
 20
905.355
 30
0.0
 11
1692.14
 21
911.338
 31
0.0
  0
LINE
  8
0
 62
     0
 10
1692.14
 20
911.338
 30
0.0
 11
1716.89
 21
917.709
 31
0.0
  0
LINE
  8
0
 62
     0
 10
1716.89
 20
917.709
 30
0.0
 11
1741.06
 21
924.451
 31
0.0
  0
LINE
  8
0
 62
     0
 10
1741.06
 20
924.451
 30
0.0
 11
1764.64
 21
931.545
 31
0.0
  0
LINE
  8
0
 62
     0
 10
1764.64
 20
931.545
 30
0.0
 11
1787.66
 21
938.974
 31
0.0
  0
LINE
  8
0
 62
     0
 10
1787.66
 20
938.974
 30
0.0
 11
1810.1
 21
946.725
 31
0.0
  0
LINE
  8
0
 62
     0
 10
1810.1
 20
946.725
 30
0.0
 11
1831.98
 21
954.775
 31
0.0
  0
LINE
  8
0
 62
     0
 10
1831.98
 20
954.775
 30
0.0
 11
1853.3
 21
963.108
 31
0.0
  0
LINE
  8
0
 62
     0
 10
1853.3
 20
963.108
 30
0.0
 11
1874.08
 21
971.705
 31
0.0
  0
LINE
  8
0
 62
     0
 10
1874.08
 20
971.705
 30
0.0
 11
1894.3
 21
980.553
 31
0.0
  0
LINE
  8
0
 62
     0
 10
1894.3
 20
980.553
 30
0.0
 11
1913.97
 21
989.633
 31
0.0
  0
LINE
  8
0
 62
     0
 10
1913.97
 20
989.633
 30
0.0
 11
1933.12
 21
998.926
 31
0.0
  0
LINE
  8
0
 62
     0
 10
1933.12
 20
998.926
 30
0.0
 11
1951.73
 21
1008.42
 31
0.0
  0
LINE
  8
0
 62
     0
 10
1951.73
 20
1008.42
 30
0.0
 11
1969.81
 21
1018.08
 31
0.0
  0
LINE
  8
0
 62
     0
 10
1969.81
 20
1018.08
 30
0.0
 11
1987.37
 21
1027.91
 31
0.0
  0
LINE
  8
0
 62
     0
 10
1987.37
 20
1027.91
 30
0.0
 11
2004.41
 21
1037.88
 31
0.0
  0
LINE
  8
0
 62
     0
 10
2004.41
 20
1037.88
 30
0.0
 11
2020.95
 21
1047.98
 31
0.0
  0
LINE
  8
0
 62
     0
 10
2020.95
 20
1047.98
 30
0.0
 11
2036.98
 21
1058.19
 31
0.0
  0
LINE
  8
0
 62
     0
 10
2036.98
 20
1058.19
 30
0.0
 11
2052.5
 21
1068.49
 31
0.0
  0
LINE
  8
0
 62
     0
 10
2052.5
 20
1068.49
 30
0.0
 11
2067.54
 21
1078.87
 31
0.0
  0
LINE
  8
0
 62
     0
 10
2067.54
 20
1078.87
 30
0.0
 11
2082.08
 21
1089.3
 31
0.0
  0
LINE
  8
0
 62
     0
 10
2082.08
 20
1089.3
 30
0.0
 11
2096.14
 21
1099.77
 31
0.0
  0
LINE
  8
0
 62
     0
 10
2096.14
 20
1099.77
 30
0.0
 11
2109.72
 21
1110.27
 31
0.0
  0
LINE
  8
0
 62
     0
 10
2109.72
 20
1110.27
 30
0.0
 11
2122.83
 21
1120.76
 31
0.0
  0
LINE
  8
0
 62
     0
 10
2122.83
 20
1120.76
 30
0.0
 11
2135.46
 21
1131.25
 31
0.0
  0
LINE
  8
0
 62
     0
 10
2135.46
 20
1131.25
 30
0.0
 11
2147.64
 21
1141.71
 31
0.0
  0
LINE
  8
0
 62
     0
 10
2147.64
 20
1141.71
 30
0.0
 11
2159.35
 21
1152.12
 31
0.0
  0
LINE
  8
0
 62
     0
 10
2159.35
 20
1152.12
 30
0.0
 11
2170.62
 21
1162.46
 31
0.0
  0
LINE
  8
0
 62
     0
 10
2170.62
 20
1162.46
 30
0.0
 11
2181.43
 21
1172.72
 31
0.0
  0
LINE
  8
0
 62
     0
 10
2181.43
 20
1172.72
 30
0.0
 11
2191.81
 21
1182.88
 31
0.0
  0
LINE
  8
0
 62
     0
 10
2191.81
 20
1182.88
 30
0.0
 11
2201.75
 21
1192.93
 31
0.0
  0
LINE
  8
0
 62
     0
 10
2201.75
 20
1192.93
 30
0.0
 11
2211.25
 21
1202.84
 31
0.0
  0
LINE
  8
0
 62
     0
 10
2211.25
 20
1202.84
 30
0.0
 11
2220.33
 21
1212.6
 31
0.0
  0
LINE
  8
0
 62
     0
 10
2220.33
 20
1212.6
 30
0.0
 11
2228.99
 21
1222.18
 31
0.0
  0
LINE
  8
0
 62
     0
 10
2228.99
 20
1222.18
 30
0.0
 11
2237.24
 21
1231.59
 31
0.0
  0
LINE
  8
0
 62
     0
 10
2237.24
 20
1231.59
 30
0.0
 11
2245.07
 21
1240.78
 31
0.0
  0
LINE
  8
0
 62
     0
 10
2245.07
 20
1240.78
 30
0.0
 11
2252.5
 21
1249.76
 31
0.0
  0
LINE
  8
0
 62
     0
 10
2252.5
 20
1249.76
 30
0.0
 11
2259.53
 21
1258.5
 31
0.0
  0
LINE
  8
0
 62
     0
 10
2259.53
 20
1258.5
 30
0.0
 11
2266.16
 21
1266.98
 31
0.0
  0
LINE
  8
0
 62
     0
 10
2266.16
 20
1266.98
 30
0.0
 11
2272.4
 21
1275.19
 31
0.0
  0
LINE
  8
0
 62
     0
 10
2272.4
 20
1275.19
 30
0.0
 11
2278.27
 21
1283.1
 31
0.0
  0
LINE
  8
0
 62
     0
 10
2278.27
 20
1283.1
 30
0.0
 11
2283.75
 21
1290.71
 31
0.0
  0
LINE
  8
0
 62
     0
 10
2283.75
 20
1290.71
 30
0.0
 11
2288.86
 21
1297.99
 31
0.0
  0
LINE
  8
0
 62
     0
 10
2288.86
 20
1297.99
 30
0.0
 11
2293.6
 21
1304.93
 31
0.0
  0
LINE
  8
0
 62
     0
 10
2293.6
 20
1304.93
 30
0.0
 11
2297.98
 21
1311.5
 31
0.0
  0
LINE
  8
0
 62
     0
 10
2297.98
 20
1311.5
 30
0.0
 11
2302
 21
1317.7
 31
0.0
  0
LINE
  8
0
 62
     0
 10
2302
 20
1317.7
 30
0.0
 11
2305.67
 21
1323.5
 31
0.0
  0
LINE
  8
0
 62
     0
 10
2305.67
 20
1323.5
 30
0.0
 11
2308.99
 21
1328.89
 31
0.0
  0
LINE
  8
0
 62
     0
 10
2308.99
 20
1328.89
 30
0.0
 11
2311.97
 21
1333.85
 31
0.0
  0
LINE
  8
0
 62
     0
 10
2311.97
 20
1333.85
 30
0.0
 11
2314.61
 21
1338.36
 31
0.0
  0
LINE
  8
0
 62
     0
 10
2314.61
 20
1338.36
 30
0.0
 11
2316.93
 21
1342.4
 31
0.0
  0
LINE
  8
0
 62
     0
 10
2316.93
 20
1342.4
 30
0.0
 11
2318.92
 21
1345.96
 31
0.0
  0
LINE
  8
0
 62
     0
 10
2318.92
 20
1345.96
 30
0.0
 11
2320.59
 21
1349.03
 31
0.0
  0
LINE
  8
0
 62
     0
 10
2320.59
 20
1349.03
 30
0.0
 11
2321.94
 21
1351.57
 31
0.0
  0
LINE
  8
0
 62
     0
 10
2321.94
 20
1351.57
 30
0.0
 11
2322.98
 21
1353.58
 31
0.0
  0
LINE
  8
0
 62
     0
 10
2322.98
 20
1353.58
 30
0.0
 11
2323.72
 21
1355.04
 31
0.0
  0
LINE
  8
0
 62
     0
 10
2323.72
 20
1355.04
 30
0.0
 11
2324.16
 21
1355.92
 31
0.0
  0
LINE
  8
0
 62
     0
 10
2324.16
 20
1355.92
 30
0.0
 11
2324.3
 21
1356.22
 31
0.0
  0
LINE
  8
0
 62
     0
 10
2324.3
 20
1356.22
 30
0.0
 11
2324.3
 21
1356.22
 31
0.0
  0
LINE
  8
0
 62
     0
 10
1241.65
 20
1416.31
 30
0.0
 11
1241.65
 21
1416.31
 31
0.0
  0
LINE
  8
0
 62
     0
 10
1241.65
 20
1416.31
 30
0.0
 11
1241.78
 21
1416.1
 31
0.0
  0
LINE
  8
0
 62
     0
 10
1241.78
 20
1416.1
 30
0.0
 11
1242.2
 21
1415.45
 31
0.0
  0
LINE
  8
0
 62
     0
 10
1242.2
 20
1415.45
 30
0.0
 11
1242.88
 21
1414.37
 31
0.0
  0
LINE
  8
0
 62
     0
 10
1242.88
 20
1414.37
 30
0.0
 11
1243.82
 21
1412.89
 31
0.0
  0
LINE
  8
0
 62
     0
 10
1243.82
 20
1412.89
 30
0.0
 11
1245.01
 21
1410.99
 31
0.0
  0
LINE
  8
0
 62
     0
 10
1245.01
 20
1410.99
 30
0.0
 11
1246.43
 21
1408.7
 31
0.0
  0
LINE
  8
0
 62
     0
 10
1246.43
 20
1408.7
 30
0.0
 11
1248.09
 21
1406.01
 31
0.0
  0
LINE
  8
0
 62
     0
 10
1248.09
 20
1406.01
 30
0.0
 11
1249.97
 21
1402.94
 31
0.0
  0
LINE
  8
0
 62
     0
 10
1249.97
 20
1402.94
 30
0.0
 11
1252.06
 21
1399.5
 31
0.0
  0
LINE
  8
0
 62
     0
 10
1252.06
 20
1399.5
 30
0.0
 11
1254.36
 21
1395.68
 31
0.0
  0
LINE
  8
0
 62
     0
 10
1254.36
 20
1395.68
 30
0.0
 11
1256.86
 21
1391.51
 31
0.0
  0
LINE
  8
0
 62
     0
 10
1256.86
 20
1391.51
 30
0.0
 11
1259.54
 21
1386.98
 31
0.0
  0
LINE
  8
0
 62
     0
 10
1259.54
 20
1386.98
 30
0.0
 11
1262.41
 21
1382.11
 31
0.0
  0
LINE
  8
0
 62
     0
 10
1262.41
 20
1382.11
 30
0.0
 11
1265.44
 21
1376.9
 31
0.0
  0
LINE
  8
0
 62
     0
 10
1265.44
 20
1376.9
 30
0.0
 11
1268.64
 21
1371.37
 31
0.0
  0
LINE
  8
0
 62
     0
 10
1268.64
 20
1371.37
 30
0.0
 11
1271.99
 21
1365.51
 31
0.0
  0
LINE
  8
0
 62
     0
 10
1271.99
 20
1365.51
 30
0.0
 11
1275.48
 21
1359.33
 31
0.0
  0
LINE
  8
0
 62
     0
 10
1275.48
 20
1359.33
 30
0.0
 11
1279.11
 21
1352.86
 31
0.0
  0
LINE
  8
0
 62
     0
 10
1279.11
 20
1352.86
 30
0.0
 11
1282.87
 21
1346.08
 31
0.0
  0
LINE
  8
0
 62
     0
 10
1282.87
 20
1346.08
 30
0.0
 11
1286.74
 21
1339.02
 31
0.0
  0
LINE
  8
0
 62
     0
 10
1286.74
 20
1339.02
 30
0.0
 11
1290.73
 21
1331.67
 31
0.0
  0
LINE
  8
0
 62
     0
 10
1290.73
 20
1331.67
 30
0.0
 11
1294.81
 21
1324.05
 31
0.0
  0
LINE
  8
0
 62
     0
 10
1294.81
 20
1324.05
 30
0.0
 11
1298.99
 21
1316.16
 31
0.0
  0
LINE
  8
0
 62
     0
 10
1298.99
 20
1316.16
 30
0.0
 11
1303.26
 21
1308.02
 31
0.0
  0
LINE
  8
0
 62
     0
 10
1303.26
 20
1308.02
 30
0.0
 11
1307.59
 21
1299.62
 31
0.0
  0
LINE
  8
0
 62
     0
 10
1307.59
 20
1299.62
 30
0.0
 11
1312
 21
1290.98
 31
0.0
  0
LINE
  8
0
 62
     0
 10
1312
 20
1290.98
 30
0.0
 11
1316.46
 21
1282.1
 31
0.0
  0
LINE
  8
0
 62
     0
 10
1316.46
 20
1282.1
 30
0.0
 11
1320.97
 21
1273
 31
0.0
  0
LINE
  8
0
 62
     0
 10
1320.97
 20
1273
 30
0.0
 11
1325.52
 21
1263.68
 31
0.0
  0
LINE
  8
0
 62
     0
 10
1325.52
 20
1263.68
 30
0.0
 11
1330.11
 21
1254.15
 31
0.0
  0
LINE
  8
0
 62
     0
 10
1330.11
 20
1254.15
 30
0.0
 11
1334.72
 21
1244.41
 31
0.0
  0
LINE
  8
0
 62
     0
 10
1334.72
 20
1244.41
 30
0.0
 11
1339.34
 21
1234.48
 31
0.0
  0
LINE
  8
0
 62
     0
 10
1339.34
 20
1234.48
 30
0.0
 11
1343.96
 21
1224.36
 31
0.0
  0
LINE
  8
0
 62
     0
 10
1343.96
 20
1224.36
 30
0.0
 11
1348.59
 21
1214.06
 31
0.0
  0
LINE
  8
0
 62
     0
 10
1348.59
 20
1214.06
 30
0.0
 11
1353.2
 21
1203.59
 31
0.0
  0
LINE
  8
0
 62
     0
 10
1353.2
 20
1203.59
 30
0.0
 11
1357.8
 21
1192.95
 31
0.0
  0
LINE
  8
0
 62
     0
 10
1357.8
 20
1192.95
 30
0.0
 11
1362.36
 21
1182.16
 31
0.0
  0
LINE
  8
0
 62
     0
 10
1362.36
 20
1182.16
 30
0.0
 11
1366.89
 21
1171.22
 31
0.0
  0
LINE
  8
0
 62
     0
 10
1366.89
 20
1171.22
 30
0.0
 11
1371.37
 21
1160.13
 31
0.0
  0
LINE
  8
0
 62
     0
 10
1371.37
 20
1160.13
 30
0.0
 11
1375.79
 21
1148.92
 31
0.0
  0
LINE
  8
0
 62
     0
 10
1375.79
 20
1148.92
 30
0.0
 11
1380.16
 21
1137.57
 31
0.0
  0
LINE
  8
0
 62
     0
 10
1380.16
 20
1137.57
 30
0.0
 11
1384.45
 21
1126.11
 31
0.0
  0
LINE
  8
0
 62
     0
 10
1384.45
 20
1126.11
 30
0.0
 11
1388.66
 21
1114.54
 31
0.0
  0
LINE
  8
0
 62
     0
 10
1388.66
 20
1114.54
 30
0.0
 11
1392.78
 21
1102.88
 31
0.0
  0
LINE
  8
0
 62
     0
 10
1392.78
 20
1102.88
 30
0.0
 11
1396.8
 21
1091.11
 31
0.0
  0
LINE
  8
0
 62
     0
 10
1396.8
 20
1091.11
 30
0.0
 11
1400.71
 21
1079.26
 31
0.0
  0
LINE
  8
0
 62
     0
 10
1400.71
 20
1079.26
 30
0.0
 11
1404.51
 21
1067.33
 31
0.0
  0
LINE
  8
0
 62
     0
 10
1404.51
 20
1067.33
 30
0.0
 11
1408.19
 21
1055.33
 31
0.0
  0
LINE
  8
0
 62
     0
 10
1408.19
 20
1055.33
 30
0.0
 11
1411.73
 21
1043.27
 31
0.0
  0
LINE
  8
0
 62
     0
 10
1411.73
 20
1043.27
 30
0.0
 11
1415.13
 21
1031.15
 31
0.0
  0
LINE
  8
0
 62
     0
 10
1415.13
 20
1031.15
 30
0.0
 11
1418.39
 21
1018.99
 31
0.0
  0
LINE
  8
0
 62
     0
 10
1418.39
 20
1018.99
 30
0.0
 11
1421.48
 21
1006.79
 31
0.0
  0
LINE
  8
0
 62
     0
 10
1421.48
 20
1006.79
 30
0.0
 11
1424.4
 21
994.551
 31
0.0
  0
LINE
  8
0
 62
     0
 10
1424.4
 20
994.551
 30
0.0
 11
1427.15
 21
982.292
 31
0.0
  0
LINE
  8
0
 62
     0
 10
1427.15
 20
982.292
 30
0.0
 11
1429.71
 21
970.019
 31
0.0
  0
LINE
  8
0
 62
     0
 10
1429.71
 20
970.019
 30
0.0
 11
1432.08
 21
957.739
 31
0.0
  0
LINE
  8
0
 62
     0
 10
1432.08
 20
957.739
 30
0.0
 11
1434.25
 21
945.459
 31
0.0
  0
LINE
  8
0
 62
     0
 10
1434.25
 20
945.459
 30
0.0
 11
1436.21
 21
933.185
 31
0.0
  0
LINE
  8
0
 62
     0
 10
1436.21
 20
933.185
 30
0.0
 11
1437.95
 21
920.93
 31
0.0
  0
LINE
  8
0
 62
     0
 10
1437.95
 20
920.93
 30
0.0
 11
1439.45
 21
908.696
 31
0.0
  0
LINE
  8
0
 62
     0
 10
1439.45
 20
908.696
 30
0.0
 11
1440.73
 21
896.493
 31
0.0
  0
LINE
  8
0
 62
     0
 10
1440.73
 20
896.493
 30
0.0
 11
1441.75
 21
884.333
 31
0.0
  0
LINE
  8
0
 62
     0
 10
1441.75
 20
884.333
 30
0.0
 11
1442.53
 21
872.215
 31
0.0
  0
LINE
  8
0
 62
     0
 10
1442.53
 20
872.215
 30
0.0
 11
1442.94
 21
863.17
 31
0.0
  0
LINE
  8
0
 62
     0
 10
1442.94
 20
863.17
 30
0.0
 11
1443.04
 21
860.153
 31
0.0
  0
LINE
  8
0
 62
     0
 10
1443.04
 20
860.153
 30
0.0
 11
1443.2
 21
855.109
 31
0.0
  0
LINE
  8
0
 62
     0
 10
1443.2
 20
855.109
 30
0.0
 11
1443.55
 21
839.964
 31
0.0
  0
LINE
  8
0
 62
     0
 10
1443.55
 20
839.964
 30
0.0
 11
1443.73
 21
819.912
 31
0.0
  0
LINE
  8
0
 62
     0
 10
1443.73
 20
819.912
 30
0.0
 11
1443.59
 21
800.008
 31
0.0
  0
LINE
  8
0
 62
     0
 10
1443.59
 20
800.008
 30
0.0
 11
1443.16
 21
780.256
 31
0.0
  0
LINE
  8
0
 62
     0
 10
1443.16
 20
780.256
 30
0.0
 11
1442.43
 21
760.659
 31
0.0
  0
LINE
  8
0
 62
     0
 10
1442.43
 20
760.659
 30
0.0
 11
1441.41
 21
741.225
 31
0.0
  0
LINE
  8
0
 62
     0
 10
1441.41
 20
741.225
 30
0.0
 11
1440.13
 21
721.96
 31
0.0
  0
LINE
  8
0
 62
     0
 10
1440.13
 20
721.96
 30
0.0
 11
1438.57
 21
702.867
 31
0.0
  0
LINE
  8
0
 62
     0
 10
1438.57
 20
702.867
 30
0.0
 11
1436.77
 21
683.955
 31
0.0
  0
LINE
  8
0
 62
     0
 10
1436.77
 20
683.955
 30
0.0
 11
1434.72
 21
665.226
 31
0.0
  0
LINE
  8
0
 62
     0
 10
1434.72
 20
665.226
 30
0.0
 11
1432.44
 21
646.691
 31
0.0
  0
LINE
  8
0
 62
     0
 10
1432.44
 20
646.691
 30
0.0
 11
1429.93
 21
628.354
 31
0.0
  0
LINE
  8
0
 62
     0
 10
1429.93
 20
628.354
 30
0.0
 11
1427.21
 21
610.214
 31
0.0
  0
LINE
  8
0
 62
     0
 10
1427.21
 20
610.214
 30
0.0
 11
1424.29
 21
592.286
 31
0.0
  0
LINE
  8
0
 62
     0
 10
1424.29
 20
592.286
 30
0.0
 11
1421.18
 21
574.573
 31
0.0
  0
LINE
  8
0
 62
     0
 10
1421.18
 20
574.573
 30
0.0
 11
1417.88
 21
557.078
 31
0.0
  0
LINE
  8
0
 62
     0
 10
1417.88
 20
557.078
 30
0.0
 11
1414.41
 21
539.806
 31
0.0
  0
LINE
  8
0
 62
     0
 10
1414.41
 20
539.806
 30
0.0
 11
1410.78
 21
522.767
 31
0.0
  0
LINE
  8
0
 62
     0
 10
1410.78
 20
522.767
 30
0.0
 11
1406.99
 21
505.964
 31
0.0
  0
LINE
  8
0
 62
     0
 10
1406.99
 20
505.964
 30
0.0
 11
1403.07
 21
489.409
 31
0.0
  0
LINE
  8
0
 62
     0
 10
1403.07
 20
489.409
 30
0.0
 11
1399.01
 21
473.096
 31
0.0
  0
LINE
  8
0
 62
     0
 10
1399.01
 20
473.096
 30
0.0
 11
1394.83
 21
457.038
 31
0.0
  0
LINE
  8
0
 62
     0
 10
1394.83
 20
457.038
 30
0.0
 11
1390.53
 21
441.24
 31
0.0
  0
LINE
  8
0
 62
     0
 10
1390.53
 20
441.24
 30
0.0
 11
1386.14
 21
425.708
 31
0.0
  0
LINE
  8
0
 62
     0
 10
1386.14
 20
425.708
 30
0.0
 11
1381.65
 21
410.443
 31
0.0
  0
LINE
  8
0
 62
     0
 10
1381.65
 20
410.443
 30
0.0
 11
1377.09
 21
395.457
 31
0.0
  0
LINE
  8
0
 62
     0
 10
1377.09
 20
395.457
 30
0.0
 11
1372.45
 21
380.757
 31
0.0
  0
LINE
  8
0
 62
     0
 10
1372.45
 20
380.757
 30
0.0
 11
1367.75
 21
366.342
 31
0.0
  0
LINE
  8
0
 62
     0
 10
1367.75
 20
366.342
 30
0.0
 11
1363
 21
352.218
 31
0.0
  0
LINE
  8
0
 62
     0
 10
1363
 20
352.218
 30
0.0
 11
1358.21
 21
338.396
 31
0.0
  0
LINE
  8
0
 62
     0
 10
1358.21
 20
338.396
 30
0.0
 11
1353.38
 21
324.879
 31
0.0
  0
LINE
  8
0
 62
     0
 10
1353.38
 20
324.879
 30
0.0
 11
1348.54
 21
311.674
 31
0.0
  0
LINE
  8
0
 62
     0
 10
1348.54
 20
311.674
 30
0.0
 11
1343.68
 21
298.785
 31
0.0
  0
LINE
  8
0
 62
     0
 10
1343.68
 20
298.785
 30
0.0
 11
1338.83
 21
286.217
 31
0.0
  0
LINE
  8
0
 62
     0
 10
1338.83
 20
286.217
 30
0.0
 11
1333.99
 21
273.977
 31
0.0
  0
LINE
  8
0
 62
     0
 10
1333.99
 20
273.977
 30
0.0
 11
1329.16
 21
262.071
 31
0.0
  0
LINE
  8
0
 62
     0
 10
1329.16
 20
262.071
 30
0.0
 11
1324.37
 21
250.505
 31
0.0
  0
LINE
  8
0
 62
     0
 10
1324.37
 20
250.505
 30
0.0
 11
1319.61
 21
239.284
 31
0.0
  0
LINE
  8
0
 62
     0
 10
1319.61
 20
239.284
 30
0.0
 11
1314.91
 21
228.414
 31
0.0
  0
LINE
  8
0
 62
     0
 10
1314.91
 20
228.414
 30
0.0
 11
1310.27
 21
217.9
 31
0.0
  0
LINE
  8
0
 62
     0
 10
1310.27
 20
217.9
 30
0.0
 11
1305.69
 21
207.748
 31
0.0
  0
LINE
  8
0
 62
     0
 10
1305.69
 20
207.748
 30
0.0
 11
1301.2
 21
197.963
 31
0.0
  0
LINE
  8
0
 62
     0
 10
1301.2
 20
197.963
 30
0.0
 11
1296.8
 21
188.553
 31
0.0
  0
LINE
  8
0
 62
     0
 10
1296.8
 20
188.553
 30
0.0
 11
1292.5
 21
179.521
 31
0.0
  0
LINE
  8
0
 62
     0
 10
1292.5
 20
179.521
 30
0.0
 11
1288.31
 21
170.875
 31
0.0
  0
LINE
  8
0
 62
     0
 10
1288.31
 20
170.875
 30
0.0
 11
1284.24
 21
162.62
 31
0.0
  0
LINE
  8
0
 62
     0
 10
1284.24
 20
162.62
 30
0.0
 11
1280.3
 21
154.759
 31
0.0
  0
LINE
  8
0
 62
     0
 10
1280.3
 20
154.759
 30
0.0
 11
1276.51
 21
147.303
 31
0.0
  0
LINE
  8
0
 62
     0
 10
1276.51
 20
147.303
 30
0.0
 11
1272.86
 21
140.252
 31
0.0
  0
LINE
  8
0
 62
     0
 10
1272.86
 20
140.252
 30
0.0
 11
1269.38
 21
133.617
 31
0.0
  0
LINE
  8
0
 62
     0
 10
1269.38
 20
133.617
 30
0.0
 11
1266.07
 21
127.4
 31
0.0
  0
LINE
  8
0
 62
     0
 10
1266.07
 20
127.4
 30
0.0
 11
1262.94
 21
121.608
 31
0.0
  0
LINE
  8
0
 62
     0
 10
1262.94
 20
121.608
 30
0.0
 11
1260.01
 21
116.247
 31
0.0
  0
LINE
  8
0
 62
     0
 10
1260.01
 20
116.247
 30
0.0
 11
1257.27
 21
111.322
 31
0.0
  0
LINE
  8
0
 62
     0
 10
1257.27
 20
111.322
 30
0.0
 11
1254.75
 21
106.839
 31
0.0
  0
LINE
  8
0
 62
     0
 10
1254.75
 20
106.839
 30
0.0
 11
1252.45
 21
102.803
 31
0.0
  0
LINE
  8
0
 62
     0
 10
1252.45
 20
102.803
 30
0.0
 11
1250.38
 21
99.2216
 31
0.0
  0
LINE
  8
0
 62
     0
 10
1250.38
 20
99.2216
 30
0.0
 11
1248.56
 21
96.0988
 31
0.0
  0
LINE
  8
0
 62
     0
 10
1248.56
 20
96.0988
 30
0.0
 11
1246.98
 21
93.4406
 31
0.0
  0
LINE
  8
0
 62
     0
 10
1246.98
 20
93.4406
 30
0.0
 11
1245.68
 21
91.2523
 31
0.0
  0
LINE
  8
0
 62
     0
 10
1245.68
 20
91.2523
 30
0.0
 11
1244.64
 21
89.5406
 31
0.0
  0
LINE
  8
0
 62
     0
 10
1244.64
 20
89.5406
 30
0.0
 11
1243.89
 21
88.3116
 31
0.0
  0
LINE
  8
0
 62
     0
 10
1243.89
 20
88.3116
 30
0.0
 11
1243.43
 21
87.57
 31
0.0
  0
LINE
  8
0
 62
     0
 10
1243.43
 20
87.57
 30
0.0
 11
1243.28
 21
87.3206
 31
0.0
  0
LINE
  8
0
 62
     0
 10
1243.28
 20
87.3206
 30
0.0
 11
1243.28
 21
87.3206
 31
0.0
  0
LINE
  8
0
 62
     0
 10
1243.28
 20
87.3206
 30
0.0
 11
1243.28
 21
87.3206
 31
0.0
  0
LINE
  8
0
 62
     0
 10
1243.28
 20
87.3206
 30
0.0
 11
1243.41
 21
87.5425
 31
0.0
  0
LINE
  8
0
 62
     0
 10
1243.41
 20
87.5425
 30
0.0
 11
1243.82
 21
88.2731
 31
0.0
  0
LINE
  8
0
 62
     0
 10
1243.82
 20
88.2731
 30
0.0
 11
1244.49
 21
89.505
 31
0.0
  0
LINE
  8
0
 62
     0
 10
1244.49
 20
89.505
 30
0.0
 11
1245.41
 21
91.2343
 31
0.0
  0
LINE
  8
0
 62
     0
 10
1245.41
 20
91.2343
 30
0.0
 11
1246.57
 21
93.453
 31
0.0
  0
LINE
  8
0
 62
     0
 10
1246.57
 20
93.453
 30
0.0
 11
1247.96
 21
96.1542
 31
0.0
  0
LINE
  8
0
 62
     0
 10
1247.96
 20
96.1542
 30
0.0
 11
1249.57
 21
99.3331
 31
0.0
  0
LINE
  8
0
 62
     0
 10
1249.57
 20
99.3331
 30
0.0
 11
1251.4
 21
102.984
 31
0.0
  0
LINE
  8
0
 62
     0
 10
1251.4
 20
102.984
 30
0.0
 11
1253.43
 21
107.097
 31
0.0
  0
LINE
  8
0
 62
     0
 10
1253.43
 20
107.097
 30
0.0
 11
1255.65
 21
111.669
 31
0.0
  0
LINE
  8
0
 62
     0
 10
1255.65
 20
111.669
 30
0.0
 11
1258.06
 21
116.694
 31
0.0
  0
LINE
  8
0
 62
     0
 10
1258.06
 20
116.694
 30
0.0
 11
1260.65
 21
122.162
 31
0.0
  0
LINE
  8
0
 62
     0
 10
1260.65
 20
122.162
 30
0.0
 11
1263.4
 21
128.069
 31
0.0
  0
LINE
  8
0
 62
     0
 10
1263.4
 20
128.069
 30
0.0
 11
1266.31
 21
134.41
 31
0.0
  0
LINE
  8
0
 62
     0
 10
1266.31
 20
134.41
 30
0.0
 11
1269.37
 21
141.176
 31
0.0
  0
LINE
  8
0
 62
     0
 10
1269.37
 20
141.176
 30
0.0
 11
1272.56
 21
148.362
 31
0.0
  0
LINE
  8
0
 62
     0
 10
1272.56
 20
148.362
 30
0.0
 11
1275.89
 21
155.962
 31
0.0
  0
LINE
  8
0
 62
     0
 10
1275.89
 20
155.962
 30
0.0
 11
1279.33
 21
163.969
 31
0.0
  0
LINE
  8
0
 62
     0
 10
1279.33
 20
163.969
 30
0.0
 11
1282.89
 21
172.376
 31
0.0
  0
LINE
  8
0
 62
     0
 10
1282.89
 20
172.376
 30
0.0
 11
1286.54
 21
181.177
 31
0.0
  0
LINE
  8
0
 62
     0
 10
1286.54
 20
181.177
 30
0.0
 11
1290.29
 21
190.368
 31
0.0
  0
LINE
  8
0
 62
     0
 10
1290.29
 20
190.368
 30
0.0
 11
1294.12
 21
199.938
 31
0.0
  0
LINE
  8
0
 62
     0
 10
1294.12
 20
199.938
 30
0.0
 11
1298.02
 21
209.885
 31
0.0
  0
LINE
  8
0
 62
     0
 10
1298.02
 20
209.885
 30
0.0
 11
1301.99
 21
220.2
 31
0.0
  0
LINE
  8
0
 62
     0
 10
1301.99
 20
220.2
 30
0.0
 11
1306.02
 21
230.878
 31
0.0
  0
LINE
  8
0
 62
     0
 10
1306.02
 20
230.878
 30
0.0
 11
1310.08
 21
241.91
 31
0.0
  0
LINE
  8
0
 62
     0
 10
1310.08
 20
241.91
 30
0.0
 11
1314.19
 21
253.294
 31
0.0
  0
LINE
  8
0
 62
     0
 10
1314.19
 20
253.294
 30
0.0
 11
1318.31
 21
265.021
 31
0.0
  0
LINE
  8
0
 62
     0
 10
1318.31
 20
265.021
 30
0.0
 11
1322.46
 21
277.085
 31
0.0
  0
LINE
  8
0
 62
     0
 10
1322.46
 20
277.085
 30
0.0
 11
1326.61
 21
289.479
 31
0.0
  0
LINE
  8
0
 62
     0
 10
1326.61
 20
289.479
 30
0.0
 11
1330.77
 21
302.198
 31
0.0
  0
LINE
  8
0
 62
     0
 10
1330.77
 20
302.198
 30
0.0
 11
1334.91
 21
315.234
 31
0.0
  0
LINE
  8
0
 62
     0
 10
1334.91
 20
315.234
 30
0.0
 11
1339.03
 21
328.584
 31
0.0
  0
LINE
  8
0
 62
     0
 10
1339.03
 20
328.584
 30
0.0
 11
1343.12
 21
342.237
 31
0.0
  0
LINE
  8
0
 62
     0
 10
1343.12
 20
342.237
 30
0.0
 11
1347.17
 21
356.189
 31
0.0
  0
LINE
  8
0
 62
     0
 10
1347.17
 20
356.189
 30
0.0
 11
1351.18
 21
370.434
 31
0.0
  0
LINE
  8
0
 62
     0
 10
1351.18
 20
370.434
 30
0.0
 11
1355.13
 21
384.962
 31
0.0
  0
LINE
  8
0
 62
     0
 10
1355.13
 20
384.962
 30
0.0
 11
1359.01
 21
399.775
 31
0.0
  0
LINE
  8
0
 62
     0
 10
1359.01
 20
399.775
 30
0.0
 11
1362.81
 21
414.86
 31
0.0
  0
LINE
  8
0
 62
     0
 10
1362.81
 20
414.86
 30
0.0
 11
1366.53
 21
430.209
 31
0.0
  0
LINE
  8
0
 62
     0
 10
1366.53
 20
430.209
 30
0.0
 11
1370.15
 21
445.819
 31
0.0
  0
LINE
  8
0
 62
     0
 10
1370.15
 20
445.819
 30
0.0
 11
1373.67
 21
461.684
 31
0.0
  0
LINE
  8
0
 62
     0
 10
1373.67
 20
461.684
 30
0.0
 11
1377.08
 21
477.799
 31
0.0
  0
LINE
  8
0
 62
     0
 10
1377.08
 20
477.799
 30
0.0
 11
1380.36
 21
494.153
 31
0.0
  0
LINE
  8
0
 62
     0
 10
1380.36
 20
494.153
 30
0.0
 11
1383.51
 21
510.745
 31
0.0
  0
LINE
  8
0
 62
     0
 10
1383.51
 20
510.745
 30
0.0
 11
1386.52
 21
527.562
 31
0.0
  0
LINE
  8
0
 62
     0
 10
1386.52
 20
527.562
 30
0.0
 11
1389.37
 21
544.604
 31
0.0
  0
LINE
  8
0
 62
     0
 10
1389.37
 20
544.604
 30
0.0
 11
1392.07
 21
561.862
 31
0.0
  0
LINE
  8
0
 62
     0
 10
1392.07
 20
561.862
 30
0.0
 11
1394.6
 21
579.328
 31
0.0
  0
LINE
  8
0
 62
     0
 10
1394.6
 20
579.328
 30
0.0
 11
1396.95
 21
596.999
 31
0.0
  0
LINE
  8
0
 62
     0
 10
1396.95
 20
596.999
 30
0.0
 11
1399.11
 21
614.863
 31
0.0
  0
LINE
  8
0
 62
     0
 10
1399.11
 20
614.863
 30
0.0
 11
1401.07
 21
632.922
 31
0.0
  0
LINE
  8
0
 62
     0
 10
1401.07
 20
632.922
 30
0.0
 11
1402.83
 21
651.164
 31
0.0
  0
LINE
  8
0
 62
     0
 10
1402.83
 20
651.164
 30
0.0
 11
1404.37
 21
669.583
 31
0.0
  0
LINE
  8
0
 62
     0
 10
1404.37
 20
669.583
 30
0.0
 11
1405.68
 21
688.174
 31
0.0
  0
LINE
  8
0
 62
     0
 10
1405.68
 20
688.174
 30
0.0
 11
1406.76
 21
706.931
 31
0.0
  0
LINE
  8
0
 62
     0
 10
1406.76
 20
706.931
 30
0.0
 11
1407.6
 21
725.847
 31
0.0
  0
LINE
  8
0
 62
     0
 10
1407.6
 20
725.847
 30
0.0
 11
1408.18
 21
744.915
 31
0.0
  0
LINE
  8
0
 62
     0
 10
1408.18
 20
744.915
 30
0.0
 11
1408.5
 21
764.127
 31
0.0
  0
LINE
  8
0
 62
     0
 10
1408.5
 20
764.127
 30
0.0
 11
1408.54
 21
783.481
 31
0.0
  0
LINE
  8
0
 62
     0
 10
1408.54
 20
783.481
 30
0.0
 11
1408.31
 21
802.968
 31
0.0
  0
LINE
  8
0
 62
     0
 10
1408.31
 20
802.968
 30
0.0
 11
1407.78
 21
822.579
 31
0.0
  0
LINE
  8
0
 62
     0
 10
1407.78
 20
822.579
 30
0.0
 11
1406.96
 21
842.313
 31
0.0
  0
LINE
  8
0
 62
     0
 10
1406.96
 20
842.313
 30
0.0
 11
1406.14
 21
857.201
 31
0.0
  0
LINE
  8
0
 62
     0
 10
1406.14
 20
857.201
 30
0.0
 11
1405.82
 21
862.161
 31
0.0
  0
LINE
  8
0
 62
     0
 10
1405.82
 20
862.161
 30
0.0
 11
1405.35
 21
869.329
 31
0.0
  0
LINE
  8
0
 62
     0
 10
1405.35
 20
869.329
 30
0.0
 11
1403.59
 21
890.81
 31
0.0
  0
LINE
  8
0
 62
     0
 10
1403.59
 20
890.81
 30
0.0
 11
1400.68
 21
919.067
 31
0.0
  0
LINE
  8
0
 62
     0
 10
1400.68
 20
919.067
 30
0.0
 11
1397.14
 21
946.901
 31
0.0
  0
LINE
  8
0
 62
     0
 10
1397.14
 20
946.901
 30
0.0
 11
1393.02
 21
974.277
 31
0.0
  0
LINE
  8
0
 62
     0
 10
1393.02
 20
974.277
 30
0.0
 11
1388.37
 21
1001.16
 31
0.0
  0
LINE
  8
0
 62
     0
 10
1388.37
 20
1001.16
 30
0.0
 11
1383.24
 21
1027.51
 31
0.0
  0
LINE
  8
0
 62
     0
 10
1383.24
 20
1027.51
 30
0.0
 11
1377.68
 21
1053.3
 31
0.0
  0
LINE
  8
0
 62
     0
 10
1377.68
 20
1053.3
 30
0.0
 11
1371.73
 21
1078.5
 31
0.0
  0
LINE
  8
0
 62
     0
 10
1371.73
 20
1078.5
 30
0.0
 11
1365.45
 21
1103.07
 31
0.0
  0
LINE
  8
0
 62
     0
 10
1365.45
 20
1103.07
 30
0.0
 11
1358.88
 21
1126.97
 31
0.0
  0
LINE
  8
0
 62
     0
 10
1358.88
 20
1126.97
 30
0.0
 11
1352.08
 21
1150.18
 31
0.0
  0
LINE
  8
0
 62
     0
 10
1352.08
 20
1150.18
 30
0.0
 11
1345.09
 21
1172.66
 31
0.0
  0
LINE
  8
0
 62
     0
 10
1345.09
 20
1172.66
 30
0.0
 11
1337.96
 21
1194.37
 31
0.0
  0
LINE
  8
0
 62
     0
 10
1337.96
 20
1194.37
 30
0.0
 11
1330.74
 21
1215.28
 31
0.0
  0
LINE
  8
0
 62
     0
 10
1330.74
 20
1215.28
 30
0.0
 11
1323.48
 21
1235.36
 31
0.0
  0
LINE
  8
0
 62
     0
 10
1323.48
 20
1235.36
 30
0.0
 11
1316.23
 21
1254.57
 31
0.0
  0
LINE
  8
0
 62
     0
 10
1316.23
 20
1254.57
 30
0.0
 11
1309.05
 21
1272.89
 31
0.0
  0
LINE
  8
0
 62
     0
 10
1309.05
 20
1272.89
 30
0.0
 11
1301.96
 21
1290.26
 31
0.0
  0
LINE
  8
0
 62
     0
 10
1301.96
 20
1290.26
 30
0.0
 11
1295.04
 21
1306.67
 31
0.0
  0
LINE
  8
0
 62
     0
 10
1295.04
 20
1306.67
 30
0.0
 11
1288.32
 21
1322.07
 31
0.0
  0
LINE
  8
0
 62
     0
 10
1288.32
 20
1322.07
 30
0.0
 11
1281.86
 21
1336.44
 31
0.0
  0
LINE
  8
0
 62
     0
 10
1281.86
 20
1336.44
 30
0.0
 11
1275.69
 21
1349.73
 31
0.0
  0
LINE
  8
0
 62
     0
 10
1275.69
 20
1349.73
 30
0.0
 11
1269.89
 21
1361.93
 31
0.0
  0
LINE
  8
0
 62
     0
 10
1269.89
 20
1361.93
 30
0.0
 11
1264.49
 21
1372.98
 31
0.0
  0
LINE
  8
0
 62
     0
 10
1264.49
 20
1372.98
 30
0.0
 11
1259.53
 21
1382.86
 31
0.0
  0
LINE
  8
0
 62
     0
 10
1259.53
 20
1382.86
 30
0.0
 11
1255.08
 21
1391.53
 31
0.0
  0
LINE
  8
0
 62
     0
 10
1255.08
 20
1391.53
 30
0.0
 11
1251.18
 21
1398.96
 31
0.0
  0
LINE
  8
0
 62
     0
 10
1251.18
 20
1398.96
 30
0.0
 11
1247.88
 21
1405.12
 31
0.0
  0
LINE
  8
0
 62
     0
 10
1247.88
 20
1405.12
 30
0.0
 11
1245.23
 21
1409.96
 31
0.0
  0
LINE
  8
0
 62
     0
 10
1245.23
 20
1409.96
 30
0.0
 11
1243.27
 21
1413.47
 31
0.0
  0
LINE
  8
0
 62
     0
 10
1243.27
 20
1413.47
 30
0.0
 11
1242.06
 21
1415.6
 31
0.0
  0
LINE
  8
0
 62
     0
 10
1242.06
 20
1415.6
 30
0.0
 11
1241.65
 21
1416.31
 31
0.0
  0
LINE
  8
0
 62
     0
 10
1241.65
 20
1416.31
 30
0.0
 11
1241.65
 21
1416.31
 31
0.0
  0
LINE
  8
0
 62
     0
 10
889.088
 20
1223.53
 30
0.0
 11
889.088
 21
1223.53
 31
0.0
  0
LINE
  8
0
 62
     0
 10
889.088
 20
1223.53
 30
0.0
 11
889.448
 21
1222.6
 31
0.0
  0
LINE
  8
0
 62
     0
 10
889.448
 20
1222.6
 30
0.0
 11
890.524
 21
1219.88
 31
0.0
  0
LINE
  8
0
 62
     0
 10
890.524
 20
1219.88
 30
0.0
 11
892.302
 21
1215.45
 31
0.0
  0
LINE
  8
0
 62
     0
 10
892.302
 20
1215.45
 30
0.0
 11
894.768
 21
1209.39
 31
0.0
  0
LINE
  8
0
 62
     0
 10
894.768
 20
1209.39
 30
0.0
 11
897.915
 21
1201.78
 31
0.0
  0
LINE
  8
0
 62
     0
 10
897.915
 20
1201.78
 30
0.0
 11
901.725
 21
1192.71
 31
0.0
  0
LINE
  8
0
 62
     0
 10
901.725
 20
1192.71
 30
0.0
 11
906.191
 21
1182.26
 31
0.0
  0
LINE
  8
0
 62
     0
 10
906.191
 20
1182.26
 30
0.0
 11
911.303
 21
1170.52
 31
0.0
  0
LINE
  8
0
 62
     0
 10
911.303
 20
1170.52
 30
0.0
 11
917.046
 21
1157.56
 31
0.0
  0
LINE
  8
0
 62
     0
 10
917.046
 20
1157.56
 30
0.0
 11
923.406
 21
1143.48
 31
0.0
  0
LINE
  8
0
 62
     0
 10
923.406
 20
1143.48
 30
0.0
 11
930.374
 21
1128.34
 31
0.0
  0
LINE
  8
0
 62
     0
 10
930.374
 20
1128.34
 30
0.0
 11
937.937
 21
1112.24
 31
0.0
  0
LINE
  8
0
 62
     0
 10
937.937
 20
1112.24
 30
0.0
 11
946.087
 21
1095.27
 31
0.0
  0
LINE
  8
0
 62
     0
 10
946.087
 20
1095.27
 30
0.0
 11
954.807
 21
1077.5
 31
0.0
  0
LINE
  8
0
 62
     0
 10
954.807
 20
1077.5
 30
0.0
 11
964.085
 21
1059.01
 31
0.0
  0
LINE
  8
0
 62
     0
 10
964.085
 20
1059.01
 30
0.0
 11
973.917
 21
1039.89
 31
0.0
  0
LINE
  8
0
 62
     0
 10
973.917
 20
1039.89
 30
0.0
 11
984.282
 21
1020.23
 31
0.0
  0
LINE
  8
0
 62
     0
 10
984.282
 20
1020.23
 30
0.0
 11
995.172
 21
1000.1
 31
0.0
  0
LINE
  8
0
 62
     0
 10
995.172
 20
1000.1
 30
0.0
 11
1006.58
 21
979.593
 31
0.0
  0
LINE
  8
0
 62
     0
 10
1006.58
 20
979.593
 30
0.0
 11
1018.48
 21
958.79
 31
0.0
  0
LINE
  8
0
 62
     0
 10
1018.48
 20
958.79
 30
0.0
 11
1030.88
 21
937.768
 31
0.0
  0
LINE
  8
0
 62
     0
 10
1030.88
 20
937.768
 30
0.0
 11
1043.75
 21
916.619
 31
0.0
  0
LINE
  8
0
 62
     0
 10
1043.75
 20
916.619
 30
0.0
 11
1057.08
 21
895.417
 31
0.0
  0
LINE
  8
0
 62
     0
 10
1057.08
 20
895.417
 30
0.0
 11
1070.87
 21
874.254
 31
0.0
  0
LINE
  8
0
 62
     0
 10
1070.87
 20
874.254
 30
0.0
 11
1085.11
 21
853.207
 31
0.0
  0
LINE
  8
0
 62
     0
 10
1085.11
 20
853.207
 30
0.0
 11
1099.77
 21
832.362
 31
0.0
  0
LINE
  8
0
 62
     0
 10
1099.77
 20
832.362
 30
0.0
 11
1114.86
 21
811.805
 31
0.0
  0
LINE
  8
0
 62
     0
 10
1114.86
 20
811.805
 30
0.0
 11
1130.35
 21
791.612
 31
0.0
  0
LINE
  8
0
 62
     0
 10
1130.35
 20
791.612
 30
0.0
 11
1146.23
 21
771.874
 31
0.0
  0
LINE
  8
0
 62
     0
 10
1146.23
 20
771.874
 30
0.0
 11
1162.5
 21
752.669
 31
0.0
  0
LINE
  8
0
 62
     0
 10
1162.5
 20
752.669
 30
0.0
 11
1179.14
 21
734.081
 31
0.0
  0
LINE
  8
0
 62
     0
 10
1179.14
 20
734.081
 30
0.0
 11
1191.81
 21
720.598
 31
0.0
  0
LINE
  8
0
 62
     0
 10
1191.81
 20
720.598
 30
0.0
 11
1196.14
 21
716.192
 31
0.0
  0
LINE
  8
0
 62
     0
 10
1196.14
 20
716.192
 30
0.0
 11
1198.07
 21
714.216
 31
0.0
  0
LINE
  8
0
 62
     0
 10
1198.07
 20
714.216
 30
0.0
 11
1203.94
 21
708.325
 31
0.0
  0
LINE
  8
0
 62
     0
 10
1203.94
 20
708.325
 30
0.0
 11
1211.99
 21
700.373
 31
0.0
  0
LINE
  8
0
 62
     0
 10
1211.99
 20
700.373
 30
0.0
 11
1220.28
 21
692.348
 31
0.0
  0
LINE
  8
0
 62
     0
 10
1220.28
 20
692.348
 30
0.0
 11
1228.8
 21
684.255
 31
0.0
  0
LINE
  8
0
 62
     0
 10
1228.8
 20
684.255
 30
0.0
 11
1237.52
 21
676.095
 31
0.0
  0
LINE
  8
0
 62
     0
 10
1237.52
 20
676.095
 30
0.0
 11
1246.45
 21
667.882
 31
0.0
  0
LINE
  8
0
 62
     0
 10
1246.45
 20
667.882
 30
0.0
 11
1255.57
 21
659.62
 31
0.0
  0
LINE
  8
0
 62
     0
 10
1255.57
 20
659.62
 30
0.0
 11
1264.86
 21
651.316
 31
0.0
  0
LINE
  8
0
 62
     0
 10
1264.86
 20
651.316
 30
0.0
 11
1274.32
 21
642.976
 31
0.0
  0
LINE
  8
0
 62
     0
 10
1274.32
 20
642.976
 30
0.0
 11
1283.93
 21
634.605
 31
0.0
  0
LINE
  8
0
 62
     0
 10
1283.93
 20
634.605
 30
0.0
 11
1293.69
 21
626.212
 31
0.0
  0
LINE
  8
0
 62
     0
 10
1293.69
 20
626.212
 30
0.0
 11
1303.58
 21
617.802
 31
0.0
  0
LINE
  8
0
 62
     0
 10
1303.58
 20
617.802
 30
0.0
 11
1313.58
 21
609.385
 31
0.0
  0
LINE
  8
0
 62
     0
 10
1313.58
 20
609.385
 30
0.0
 11
1323.69
 21
600.96
 31
0.0
  0
LINE
  8
0
 62
     0
 10
1323.69
 20
600.96
 30
0.0
 11
1333.89
 21
592.543
 31
0.0
  0
LINE
  8
0
 62
     0
 10
1333.89
 20
592.543
 30
0.0
 11
1344.18
 21
584.136
 31
0.0
  0
LINE
  8
0
 62
     0
 10
1344.18
 20
584.136
 30
0.0
 11
1354.54
 21
575.744
 31
0.0
  0
LINE
  8
0
 62
     0
 10
1354.54
 20
575.744
 30
0.0
 11
1364.95
 21
567.376
 31
0.0
  0
LINE
  8
0
 62
     0
 10
1364.95
 20
567.376
 30
0.0
 11
1375.41
 21
559.04
 31
0.0
  0
LINE
  8
0
 62
     0
 10
1375.41
 20
559.04
 30
0.0
 11
1385.91
 21
550.736
 31
0.0
  0
LINE
  8
0
 62
     0
 10
1385.91
 20
550.736
 30
0.0
 11
1396.43
 21
542.477
 31
0.0
  0
LINE
  8
0
 62
     0
 10
1396.43
 20
542.477
 30
0.0
 11
1406.95
 21
534.268
 31
0.0
  0
LINE
  8
0
 62
     0
 10
1406.95
 20
534.268
 30
0.0
 11
1417.48
 21
526.119
 31
0.0
  0
LINE
  8
0
 62
     0
 10
1417.48
 20
526.119
 30
0.0
 11
1428
 21
518.029
 31
0.0
  0
LINE
  8
0
 62
     0
 10
1428
 20
518.029
 30
0.0
 11
1438.49
 21
510.007
 31
0.0
  0
LINE
  8
0
 62
     0
 10
1438.49
 20
510.007
 30
0.0
 11
1448.94
 21
502.066
 31
0.0
  0
LINE
  8
0
 62
     0
 10
1448.94
 20
502.066
 30
0.0
 11
1459.35
 21
494.203
 31
0.0
  0
LINE
  8
0
 62
     0
 10
1459.35
 20
494.203
 30
0.0
 11
1469.69
 21
486.431
 31
0.0
  0
LINE
  8
0
 62
     0
 10
1469.69
 20
486.431
 30
0.0
 11
1479.96
 21
478.758
 31
0.0
  0
LINE
  8
0
 62
     0
 10
1479.96
 20
478.758
 30
0.0
 11
1490.15
 21
471.184
 31
0.0
  0
LINE
  8
0
 62
     0
 10
1490.15
 20
471.184
 30
0.0
 11
1500.24
 21
463.719
 31
0.0
  0
LINE
  8
0
 62
     0
 10
1500.24
 20
463.719
 30
0.0
 11
1510.23
 21
456.371
 31
0.0
  0
LINE
  8
0
 62
     0
 10
1510.23
 20
456.371
 30
0.0
 11
1520.09
 21
449.143
 31
0.0
  0
LINE
  8
0
 62
     0
 10
1520.09
 20
449.143
 30
0.0
 11
1529.82
 21
442.048
 31
0.0
  0
LINE
  8
0
 62
     0
 10
1529.82
 20
442.048
 30
0.0
 11
1539.41
 21
435.084
 31
0.0
  0
LINE
  8
0
 62
     0
 10
1539.41
 20
435.084
 30
0.0
 11
1548.85
 21
428.265
 31
0.0
  0
LINE
  8
0
 62
     0
 10
1548.85
 20
428.265
 30
0.0
 11
1558.11
 21
421.594
 31
0.0
  0
LINE
  8
0
 62
     0
 10
1558.11
 20
421.594
 30
0.0
 11
1567.2
 21
415.078
 31
0.0
  0
LINE
  8
0
 62
     0
 10
1567.2
 20
415.078
 30
0.0
 11
1576.09
 21
408.725
 31
0.0
  0
LINE
  8
0
 62
     0
 10
1576.09
 20
408.725
 30
0.0
 11
1584.78
 21
402.537
 31
0.0
  0
LINE
  8
0
 62
     0
 10
1584.78
 20
402.537
 30
0.0
 11
1593.26
 21
396.529
 31
0.0
  0
LINE
  8
0
 62
     0
 10
1593.26
 20
396.529
 30
0.0
 11
1601.51
 21
390.698
 31
0.0
  0
LINE
  8
0
 62
     0
 10
1601.51
 20
390.698
 30
0.0
 11
1609.52
 21
385.057
 31
0.0
  0
LINE
  8
0
 62
     0
 10
1609.52
 20
385.057
 30
0.0
 11
1617.28
 21
379.61
 31
0.0
  0
LINE
  8
0
 62
     0
 10
1617.28
 20
379.61
 30
0.0
 11
1624.78
 21
374.368
 31
0.0
  0
LINE
  8
0
 62
     0
 10
1624.78
 20
374.368
 30
0.0
 11
1632
 21
369.33
 31
0.0
  0
LINE
  8
0
 62
     0
 10
1632
 20
369.33
 30
0.0
 11
1638.94
 21
364.508
 31
0.0
  0
LINE
  8
0
 62
     0
 10
1638.94
 20
364.508
 30
0.0
 11
1645.58
 21
359.907
 31
0.0
  0
LINE
  8
0
 62
     0
 10
1645.58
 20
359.907
 30
0.0
 11
1651.9
 21
355.533
 31
0.0
  0
LINE
  8
0
 62
     0
 10
1651.9
 20
355.533
 30
0.0
 11
1657.91
 21
351.394
 31
0.0
  0
LINE
  8
0
 62
     0
 10
1657.91
 20
351.394
 30
0.0
 11
1663.58
 21
347.497
 31
0.0
  0
LINE
  8
0
 62
     0
 10
1663.58
 20
347.497
 30
0.0
 11
1668.91
 21
343.847
 31
0.0
  0
LINE
  8
0
 62
     0
 10
1668.91
 20
343.847
 30
0.0
 11
1673.88
 21
340.45
 31
0.0
  0
LINE
  8
0
 62
     0
 10
1673.88
 20
340.45
 30
0.0
 11
1678.47
 21
337.315
 31
0.0
  0
LINE
  8
0
 62
     0
 10
1678.47
 20
337.315
 30
0.0
 11
1682.69
 21
334.447
 31
0.0
  0
LINE
  8
0
 62
     0
 10
1682.69
 20
334.447
 30
0.0
 11
1686.52
 21
331.852
 31
0.0
  0
LINE
  8
0
 62
     0
 10
1686.52
 20
331.852
 30
0.0
 11
1689.93
 21
329.539
 31
0.0
  0
LINE
  8
0
 62
     0
 10
1689.93
 20
329.539
 30
0.0
 11
1692.93
 21
327.511
 31
0.0
  0
LINE
  8
0
 62
     0
 10
1692.93
 20
327.511
 30
0.0
 11
1695.51
 21
325.779
 31
0.0
  0
LINE
  8
0
 62
     0
 10
1695.51
 20
325.779
 30
0.0
 11
1697.64
 21
324.346
 31
0.0
  0
LINE
  8
0
 62
     0
 10
1697.64
 20
324.346
 30
0.0
 11
1699.32
 21
323.22
 31
0.0
  0
LINE
  8
0
 62
     0
 10
1699.32
 20
323.22
 30
0.0
 11
1700.53
 21
322.409
 31
0.0
  0
LINE
  8
0
 62
     0
 10
1700.53
 20
322.409
 30
0.0
 11
1701.27
 21
321.917
 31
0.0
  0
LINE
  8
0
 62
     0
 10
1701.27
 20
321.917
 30
0.0
 11
1701.52
 21
321.75
 31
0.0
  0
LINE
  8
0
 62
     0
 10
1701.52
 20
321.75
 30
0.0
 11
1701.52
 21
321.75
 31
0.0
  0
LINE
  8
0
 62
     0
 10
1701.52
 20
321.75
 30
0.0
 11
1701.52
 21
321.75
 31
0.0
  0
LINE
  8
0
 62
     0
 10
1701.52
 20
321.75
 30
0.0
 11
1701.26
 21
321.94
 31
0.0
  0
LINE
  8
0
 62
     0
 10
1701.26
 20
321.94
 30
0.0
 11
1700.49
 21
322.505
 31
0.0
  0
LINE
  8
0
 62
     0
 10
1700.49
 20
322.505
 30
0.0
 11
1699.22
 21
323.437
 31
0.0
  0
LINE
  8
0
 62
     0
 10
1699.22
 20
323.437
 30
0.0
 11
1697.48
 21
324.728
 31
0.0
  0
LINE
  8
0
 62
     0
 10
1697.48
 20
324.728
 30
0.0
 11
1695.26
 21
326.368
 31
0.0
  0
LINE
  8
0
 62
     0
 10
1695.26
 20
326.368
 30
0.0
 11
1692.59
 21
328.352
 31
0.0
  0
LINE
  8
0
 62
     0
 10
1692.59
 20
328.352
 30
0.0
 11
1689.47
 21
330.668
 31
0.0
  0
LINE
  8
0
 62
     0
 10
1689.47
 20
330.668
 30
0.0
 11
1685.92
 21
333.313
 31
0.0
  0
LINE
  8
0
 62
     0
 10
1685.92
 20
333.313
 30
0.0
 11
1681.95
 21
336.276
 31
0.0
  0
LINE
  8
0
 62
     0
 10
1681.95
 20
336.276
 30
0.0
 11
1677.58
 21
339.549
 31
0.0
  0
LINE
  8
0
 62
     0
 10
1677.58
 20
339.549
 30
0.0
 11
1672.82
 21
343.123
 31
0.0
  0
LINE
  8
0
 62
     0
 10
1672.82
 20
343.123
 30
0.0
 11
1667.67
 21
346.993
 31
0.0
  0
LINE
  8
0
 62
     0
 10
1667.67
 20
346.993
 30
0.0
 11
1662.16
 21
351.149
 31
0.0
  0
LINE
  8
0
 62
     0
 10
1662.16
 20
351.149
 30
0.0
 11
1656.3
 21
355.582
 31
0.0
  0
LINE
  8
0
 62
     0
 10
1656.3
 20
355.582
 30
0.0
 11
1650.1
 21
360.285
 31
0.0
  0
LINE
  8
0
 62
     0
 10
1650.1
 20
360.285
 30
0.0
 11
1643.57
 21
365.252
 31
0.0
  0
LINE
  8
0
 62
     0
 10
1643.57
 20
365.252
 30
0.0
 11
1636.73
 21
370.47
 31
0.0
  0
LINE
  8
0
 62
     0
 10
1636.73
 20
370.47
 30
0.0
 11
1629.58
 21
375.934
 31
0.0
  0
LINE
  8
0
 62
     0
 10
1629.58
 20
375.934
 30
0.0
 11
1622.15
 21
381.639
 31
0.0
  0
LINE
  8
0
 62
     0
 10
1622.15
 20
381.639
 30
0.0
 11
1614.44
 21
387.572
 31
0.0
  0
LINE
  8
0
 62
     0
 10
1614.44
 20
387.572
 30
0.0
 11
1606.47
 21
393.725
 31
0.0
  0
LINE
  8
0
 62
     0
 10
1606.47
 20
393.725
 30
0.0
 11
1598.25
 21
400.092
 31
0.0
  0
LINE
  8
0
 62
     0
 10
1598.25
 20
400.092
 30
0.0
 11
1589.8
 21
406.665
 31
0.0
  0
LINE
  8
0
 62
     0
 10
1589.8
 20
406.665
 30
0.0
 11
1581.12
 21
413.434
 31
0.0
  0
LINE
  8
0
 62
     0
 10
1581.12
 20
413.434
 30
0.0
 11
1572.23
 21
420.395
 31
0.0
  0
LINE
  8
0
 62
     0
 10
1572.23
 20
420.395
 30
0.0
 11
1563.15
 21
427.535
 31
0.0
  0
LINE
  8
0
 62
     0
 10
1563.15
 20
427.535
 30
0.0
 11
1553.88
 21
434.852
 31
0.0
  0
LINE
  8
0
 62
     0
 10
1553.88
 20
434.852
 30
0.0
 11
1544.44
 21
442.33
 31
0.0
  0
LINE
  8
0
 62
     0
 10
1544.44
 20
442.33
 30
0.0
 11
1534.84
 21
449.968
 31
0.0
  0
LINE
  8
0
 62
     0
 10
1534.84
 20
449.968
 30
0.0
 11
1525.1
 21
457.754
 31
0.0
  0
LINE
  8
0
 62
     0
 10
1525.1
 20
457.754
 30
0.0
 11
1515.23
 21
465.681
 31
0.0
  0
LINE
  8
0
 62
     0
 10
1515.23
 20
465.681
 30
0.0
 11
1505.23
 21
473.742
 31
0.0
  0
LINE
  8
0
 62
     0
 10
1505.23
 20
473.742
 30
0.0
 11
1495.13
 21
481.926
 31
0.0
  0
LINE
  8
0
 62
     0
 10
1495.13
 20
481.926
 30
0.0
 11
1484.94
 21
490.227
 31
0.0
  0
LINE
  8
0
 62
     0
 10
1484.94
 20
490.227
 30
0.0
 11
1474.66
 21
498.637
 31
0.0
  0
LINE
  8
0
 62
     0
 10
1474.66
 20
498.637
 30
0.0
 11
1464.32
 21
507.15
 31
0.0
  0
LINE
  8
0
 62
     0
 10
1464.32
 20
507.15
 30
0.0
 11
1453.93
 21
515.754
 31
0.0
  0
LINE
  8
0
 62
     0
 10
1453.93
 20
515.754
 30
0.0
 11
1443.5
 21
524.443
 31
0.0
  0
LINE
  8
0
 62
     0
 10
1443.5
 20
524.443
 30
0.0
 11
1433.03
 21
533.206
 31
0.0
  0
LINE
  8
0
 62
     0
 10
1433.03
 20
533.206
 30
0.0
 11
1422.56
 21
542.04
 31
0.0
  0
LINE
  8
0
 62
     0
 10
1422.56
 20
542.04
 30
0.0
 11
1412.07
 21
550.933
 31
0.0
  0
LINE
  8
0
 62
     0
 10
1412.07
 20
550.933
 30
0.0
 11
1401.6
 21
559.88
 31
0.0
  0
LINE
  8
0
 62
     0
 10
1401.6
 20
559.88
 30
0.0
 11
1391.16
 21
568.872
 31
0.0
  0
LINE
  8
0
 62
     0
 10
1391.16
 20
568.872
 30
0.0
 11
1380.75
 21
577.896
 31
0.0
  0
LINE
  8
0
 62
     0
 10
1380.75
 20
577.896
 30
0.0
 11
1370.39
 21
586.952
 31
0.0
  0
LINE
  8
0
 62
     0
 10
1370.39
 20
586.952
 30
0.0
 11
1360.1
 21
596.029
 31
0.0
  0
LINE
  8
0
 62
     0
 10
1360.1
 20
596.029
 30
0.0
 11
1349.88
 21
605.116
 31
0.0
  0
LINE
  8
0
 62
     0
 10
1349.88
 20
605.116
 30
0.0
 11
1339.75
 21
614.204
 31
0.0
  0
LINE
  8
0
 62
     0
 10
1339.75
 20
614.204
 30
0.0
 11
1329.72
 21
623.291
 31
0.0
  0
LINE
  8
0
 62
     0
 10
1329.72
 20
623.291
 30
0.0
 11
1319.81
 21
632.368
 31
0.0
  0
LINE
  8
0
 62
     0
 10
1319.81
 20
632.368
 30
0.0
 11
1310.02
 21
641.421
 31
0.0
  0
LINE
  8
0
 62
     0
 10
1310.02
 20
641.421
 30
0.0
 11
1300.37
 21
650.448
 31
0.0
  0
LINE
  8
0
 62
     0
 10
1300.37
 20
650.448
 30
0.0
 11
1290.88
 21
659.437
 31
0.0
  0
LINE
  8
0
 62
     0
 10
1290.88
 20
659.437
 30
0.0
 11
1281.56
 21
668.383
 31
0.0
  0
LINE
  8
0
 62
     0
 10
1281.56
 20
668.383
 30
0.0
 11
1272.42
 21
677.277
 31
0.0
  0
LINE
  8
0
 62
     0
 10
1272.42
 20
677.277
 30
0.0
 11
1263.47
 21
686.11
 31
0.0
  0
LINE
  8
0
 62
     0
 10
1263.47
 20
686.11
 30
0.0
 11
1254.72
 21
694.877
 31
0.0
  0
LINE
  8
0
 62
     0
 10
1254.72
 20
694.877
 30
0.0
 11
1246.19
 21
703.562
 31
0.0
  0
LINE
  8
0
 62
     0
 10
1246.19
 20
703.562
 30
0.0
 11
1237.9
 21
712.167
 31
0.0
  0
LINE
  8
0
 62
     0
 10
1237.9
 20
712.167
 30
0.0
 11
1229.85
 21
720.676
 31
0.0
  0
LINE
  8
0
 62
     0
 10
1229.85
 20
720.676
 30
0.0
 11
1222.06
 21
729.086
 31
0.0
  0
LINE
  8
0
 62
     0
 10
1222.06
 20
729.086
 30
0.0
 11
1214.54
 21
737.387
 31
0.0
  0
LINE
  8
0
 62
     0
 10
1214.54
 20
737.387
 30
0.0
 11
1207.31
 21
745.571
 31
0.0
  0
LINE
  8
0
 62
     0
 10
1207.31
 20
745.571
 30
0.0
 11
1202.09
 21
751.604
 31
0.0
  0
LINE
  8
0
 62
     0
 10
1202.09
 20
751.604
 30
0.0
 11
1200.37
 21
753.629
 31
0.0
  0
LINE
  8
0
 62
     0
 10
1200.37
 20
753.629
 30
0.0
 11
1195.83
 21
758.973
 31
0.0
  0
LINE
  8
0
 62
     0
 10
1195.83
 20
758.973
 30
0.0
 11
1182.37
 21
775.127
 31
0.0
  0
LINE
  8
0
 62
     0
 10
1182.37
 20
775.127
 30
0.0
 11
1164.83
 21
796.646
 31
0.0
  0
LINE
  8
0
 62
     0
 10
1164.83
 20
796.646
 30
0.0
 11
1147.76
 21
818.145
 31
0.0
  0
LINE
  8
0
 62
     0
 10
1147.76
 20
818.145
 30
0.0
 11
1131.17
 21
839.572
 31
0.0
  0
LINE
  8
0
 62
     0
 10
1131.17
 20
839.572
 30
0.0
 11
1115.06
 21
860.884
 31
0.0
  0
LINE
  8
0
 62
     0
 10
1115.06
 20
860.884
 30
0.0
 11
1099.45
 21
882.036
 31
0.0
  0
LINE
  8
0
 62
     0
 10
1099.45
 20
882.036
 30
0.0
 11
1084.32
 21
902.981
 31
0.0
  0
LINE
  8
0
 62
     0
 10
1084.32
 20
902.981
 30
0.0
 11
1069.71
 21
923.667
 31
0.0
  0
LINE
  8
0
 62
     0
 10
1069.71
 20
923.667
 30
0.0
 11
1055.6
 21
944.055
 31
0.0
  0
LINE
  8
0
 62
     0
 10
1055.6
 20
944.055
 30
0.0
 11
1042.02
 21
964.096
 31
0.0
  0
LINE
  8
0
 62
     0
 10
1042.02
 20
964.096
 30
0.0
 11
1028.96
 21
983.742
 31
0.0
  0
LINE
  8
0
 62
     0
 10
1028.96
 20
983.742
 30
0.0
 11
1016.44
 21
1002.95
 31
0.0
  0
LINE
  8
0
 62
     0
 10
1016.44
 20
1002.95
 30
0.0
 11
1004.45
 21
1021.67
 31
0.0
  0
LINE
  8
0
 62
     0
 10
1004.45
 20
1021.67
 30
0.0
 11
993.017
 21
1039.86
 31
0.0
  0
LINE
  8
0
 62
     0
 10
993.017
 20
1039.86
 30
0.0
 11
982.137
 21
1057.47
 31
0.0
  0
LINE
  8
0
 62
     0
 10
982.137
 20
1057.47
 30
0.0
 11
971.818
 21
1074.46
 31
0.0
  0
LINE
  8
0
 62
     0
 10
971.818
 20
1074.46
 30
0.0
 11
962.071
 21
1090.77
 31
0.0
  0
LINE
  8
0
 62
     0
 10
962.071
 20
1090.77
 30
0.0
 11
952.899
 21
1106.37
 31
0.0
  0
LINE
  8
0
 62
     0
 10
952.899
 20
1106.37
 30
0.0
 11
944.312
 21
1121.21
 31
0.0
  0
LINE
  8
0
 62
     0
 10
944.312
 20
1121.21
 30
0.0
 11
936.315
 21
1135.23
 31
0.0
  0
LINE
  8
0
 62
     0
 10
936.315
 20
1135.23
 30
0.0
 11
928.917
 21
1148.4
 31
0.0
  0
LINE
  8
0
 62
     0
 10
928.917
 20
1148.4
 30
0.0
 11
922.122
 21
1160.67
 31
0.0
  0
LINE
  8
0
 62
     0
 10
922.122
 20
1160.67
 30
0.0
 11
915.945
 21
1171.99
 31
0.0
  0
LINE
  8
0
 62
     0
 10
915.945
 20
1171.99
 30
0.0
 11
910.385
 21
1182.31
 31
0.0
  0
LINE
  8
0
 62
     0
 10
910.385
 20
1182.31
 30
0.0
 11
905.45
 21
1191.6
 31
0.0
  0
LINE
  8
0
 62
     0
 10
905.45
 20
1191.6
 30
0.0
 11
901.153
 21
1199.79
 31
0.0
  0
LINE
  8
0
 62
     0
 10
901.153
 20
1199.79
 30
0.0
 11
897.498
 21
1206.85
 31
0.0
  0
LINE
  8
0
 62
     0
 10
897.498
 20
1206.85
 30
0.0
 11
894.489
 21
1212.73
 31
0.0
  0
LINE
  8
0
 62
     0
 10
894.489
 20
1212.73
 30
0.0
 11
892.136
 21
1217.39
 31
0.0
  0
LINE
  8
0
 62
     0
 10
892.136
 20
1217.39
 30
0.0
 11
890.446
 21
1220.77
 31
0.0
  0
LINE
  8
0
 62
     0
 10
890.446
 20
1220.77
 30
0.0
 11
889.427
 21
1222.83
 31
0.0
  0
LINE
  8
0
 62
     0
 10
889.427
 20
1222.83
 30
0.0
 11
889.088
 21
1223.53
 31
0.0
  0
LINE
  8
0
 62
     0
 10
889.088
 20
1223.53
 30
0.0
 11
889.088
 21
1223.53
 31
0.0
  0
ENDSEC
  0
EOF
